
/home/henrik/projects/sdc41/build/sdc41.elf:     file format elf32-littlearm

Sections:
Idx Name          Size      VMA       LMA       File off  Algn
  0 .boot2        00000100  10000000  10000000  00001000  2**0
                  CONTENTS, ALLOC, LOAD, READONLY, CODE
  1 .flashtext    0000018c  10000100  10000100  00001100  2**2
                  CONTENTS, ALLOC, LOAD, READONLY, CODE
  2 .rodata       00000000  1000028c  1000028c  0000c98c  2**0
                  CONTENTS, ALLOC, LOAD, DATA
  3 .binary_info  0000001c  1000028c  1000028c  0000128c  2**2
                  CONTENTS, ALLOC, LOAD, READONLY, DATA
  4 .ram_vector_table 000000c0  20000000  20000000  0000d000  2**2
                  ALLOC
  5 .uninitialized_data 00000000  200000c0  200000c0  0000c98c  2**0
                  CONTENTS
  6 .text         000088fc  200000c0  100002a8  000020c0  2**2
                  CONTENTS, ALLOC, LOAD, READONLY, CODE
  7 .xip_ram      00000000  15000000  15000000  0000c98c  2**0
                  CONTENTS
  8 .data         00001fcc  200089c0  10008ba4  0000a9c0  2**4
                  CONTENTS, ALLOC, LOAD, CODE
  9 .tdata        00000000  2000a98c  2000a98c  0000c98c  2**0
                  CONTENTS, ALLOC, LOAD, DATA, THREAD_LOCAL
 10 .tbss         00000000  2000a98c  2000a98c  00000000  2**0
                  ALLOC, THREAD_LOCAL
 11 .tbss_space   00000000  2000a98c  2000a98c  0000c98c  2**0
                  CONTENTS
 12 .bss          0000055c  2000a990  1000ab70  0000c990  2**3
                  ALLOC
 13 .tls0         00000000  2000aeec  2000aeec  0000c98c  2**0
                  CONTENTS
 14 .tls1         00000000  2000aeec  2000aeec  0000c98c  2**0
                  CONTENTS
 15 .persistent_data 00000000  2000aeec  2000aeec  0000c98c  2**0
                  CONTENTS
 16 .dummy_pre_heap 00000000  2000aeec  2000aeec  0000c98c  2**0
                  CONTENTS
 17 .heap         00000800  2000aeec  2000aeec  0000ceec  2**2
                  ALLOC, READONLY
 18 .scratch_x    00000000  20040000  20040000  0000c98c  2**0
                  CONTENTS
 19 .scratch_y    00000000  20041000  20041000  0000c98c  2**0
                  CONTENTS
 20 .stack_dummy  00000800  20041000  20041000  0000d000  2**5
                  ALLOC, READONLY
 21 .debug_info   00030f78  00000000  00000000  0000c98c  2**0
                  CONTENTS, READONLY, DEBUGGING, OCTETS
 22 .debug_abbrev 00008c73  00000000  00000000  0003d904  2**0
                  CONTENTS, READONLY, DEBUGGING, OCTETS
 23 .debug_loclists 0001bb28  00000000  00000000  00046577  2**0
                  CONTENTS, READONLY, DEBUGGING, OCTETS
 24 .debug_aranges 00001370  00000000  00000000  000620a0  2**3
                  CONTENTS, READONLY, DEBUGGING, OCTETS
 25 .debug_rnglists 00003bfb  00000000  00000000  00063410  2**0
                  CONTENTS, READONLY, DEBUGGING, OCTETS
 26 .debug_line   00020053  00000000  00000000  0006700b  2**0
                  CONTENTS, READONLY, DEBUGGING, OCTETS
 27 .debug_str    000067f2  00000000  00000000  0008705e  2**0
                  CONTENTS, READONLY, DEBUGGING, OCTETS
 28 .comment      00000026  00000000  00000000  0008d850  2**0
                  CONTENTS, READONLY
 29 .ARM.attributes 0000002a  00000000  00000000  0008d876  2**0
                  CONTENTS, READONLY
 30 .debug_frame  000027a8  00000000  00000000  0008d8a0  2**2
                  CONTENTS, READONLY, DEBUGGING, OCTETS
 31 .debug_line_str 00000372  00000000  00000000  00090048  2**0
                  CONTENTS, READONLY, DEBUGGING, OCTETS

/home/henrik/projects/sdc41/build/sdc41.elf:     file format elf32-littlearm


Disassembly of section .boot2:

10000000 <__boot2_start__>:
10000000:	4b32b500 	.word	0x4b32b500
10000004:	60582021 	.word	0x60582021
10000008:	21026898 	.word	0x21026898
1000000c:	60984388 	.word	0x60984388
10000010:	611860d8 	.word	0x611860d8
10000014:	4b2e6158 	.word	0x4b2e6158
10000018:	60992100 	.word	0x60992100
1000001c:	61592102 	.word	0x61592102
10000020:	22f02101 	.word	0x22f02101
10000024:	492b5099 	.word	0x492b5099
10000028:	21016019 	.word	0x21016019
1000002c:	20356099 	.word	0x20356099
10000030:	f844f000 	.word	0xf844f000
10000034:	42902202 	.word	0x42902202
10000038:	2106d014 	.word	0x2106d014
1000003c:	f0006619 	.word	0xf0006619
10000040:	6e19f834 	.word	0x6e19f834
10000044:	66192101 	.word	0x66192101
10000048:	66182000 	.word	0x66182000
1000004c:	f000661a 	.word	0xf000661a
10000050:	6e19f82c 	.word	0x6e19f82c
10000054:	6e196e19 	.word	0x6e196e19
10000058:	f0002005 	.word	0xf0002005
1000005c:	2101f82f 	.word	0x2101f82f
10000060:	d1f94208 	.word	0xd1f94208
10000064:	60992100 	.word	0x60992100
10000068:	6019491b 	.word	0x6019491b
1000006c:	60592100 	.word	0x60592100
10000070:	481b491a 	.word	0x481b491a
10000074:	21016001 	.word	0x21016001
10000078:	21eb6099 	.word	0x21eb6099
1000007c:	21a06619 	.word	0x21a06619
10000080:	f0006619 	.word	0xf0006619
10000084:	2100f812 	.word	0x2100f812
10000088:	49166099 	.word	0x49166099
1000008c:	60014814 	.word	0x60014814
10000090:	60992101 	.word	0x60992101
10000094:	2800bc01 	.word	0x2800bc01
10000098:	4700d000 	.word	0x4700d000
1000009c:	49134812 	.word	0x49134812
100000a0:	c8036008 	.word	0xc8036008
100000a4:	8808f380 	.word	0x8808f380
100000a8:	b5034708 	.word	0xb5034708
100000ac:	20046a99 	.word	0x20046a99
100000b0:	d0fb4201 	.word	0xd0fb4201
100000b4:	42012001 	.word	0x42012001
100000b8:	bd03d1f8 	.word	0xbd03d1f8
100000bc:	6618b502 	.word	0x6618b502
100000c0:	f7ff6618 	.word	0xf7ff6618
100000c4:	6e18fff2 	.word	0x6e18fff2
100000c8:	bd026e18 	.word	0xbd026e18
100000cc:	40020000 	.word	0x40020000
100000d0:	18000000 	.word	0x18000000
100000d4:	00070000 	.word	0x00070000
100000d8:	005f0300 	.word	0x005f0300
100000dc:	00002221 	.word	0x00002221
100000e0:	180000f4 	.word	0x180000f4
100000e4:	a0002022 	.word	0xa0002022
100000e8:	10000100 	.word	0x10000100
100000ec:	e000ed08 	.word	0xe000ed08
	...
100000fc:	7a4eb274 	.word	0x7a4eb274

Disassembly of section .flashtext:

10000100 <__VECTOR_TABLE>:
10000100:	20042000 	.word	0x20042000
10000104:	100001f7 	.word	0x100001f7
10000108:	100001cb 	.word	0x100001cb
1000010c:	100001cd 	.word	0x100001cd
10000110:	100001c9 	.word	0x100001c9
10000114:	100001c9 	.word	0x100001c9
10000118:	100001c9 	.word	0x100001c9
1000011c:	100001c9 	.word	0x100001c9
10000120:	100001c9 	.word	0x100001c9
10000124:	100001c9 	.word	0x100001c9
10000128:	100001c9 	.word	0x100001c9
1000012c:	100001cf 	.word	0x100001cf
10000130:	100001c9 	.word	0x100001c9
10000134:	100001c9 	.word	0x100001c9
10000138:	100001d1 	.word	0x100001d1
1000013c:	100001d3 	.word	0x100001d3
10000140:	100001c1 	.word	0x100001c1
10000144:	100001c1 	.word	0x100001c1
10000148:	100001c1 	.word	0x100001c1
1000014c:	100001c1 	.word	0x100001c1
10000150:	100001c1 	.word	0x100001c1
10000154:	100001c1 	.word	0x100001c1
10000158:	100001c1 	.word	0x100001c1
1000015c:	100001c1 	.word	0x100001c1
10000160:	100001c1 	.word	0x100001c1
10000164:	100001c1 	.word	0x100001c1
10000168:	100001c1 	.word	0x100001c1
1000016c:	100001c1 	.word	0x100001c1
10000170:	100001c1 	.word	0x100001c1
10000174:	100001c1 	.word	0x100001c1
10000178:	100001c1 	.word	0x100001c1
1000017c:	100001c1 	.word	0x100001c1
10000180:	100001c1 	.word	0x100001c1
10000184:	100001c1 	.word	0x100001c1
10000188:	100001c1 	.word	0x100001c1
1000018c:	100001c1 	.word	0x100001c1
10000190:	100001c1 	.word	0x100001c1
10000194:	100001c1 	.word	0x100001c1
10000198:	100001c1 	.word	0x100001c1
1000019c:	100001c1 	.word	0x100001c1
100001a0:	100001c1 	.word	0x100001c1
100001a4:	100001c1 	.word	0x100001c1
100001a8:	100001c1 	.word	0x100001c1
100001ac:	100001c1 	.word	0x100001c1
100001b0:	100001c1 	.word	0x100001c1
100001b4:	100001c1 	.word	0x100001c1
100001b8:	100001c1 	.word	0x100001c1
100001bc:	100001c1 	.word	0x100001c1

100001c0 <__unhandled_user_irq>:
100001c0:	f3ef 8005 	mrs	r0, IPSR
100001c4:	3810      	subs	r0, #16

100001c6 <unhandled_user_irq_num_in_r0>:
100001c6:	be00      	bkpt	0x0000

100001c8 <isr_invalid>:
100001c8:	be00      	bkpt	0x0000

100001ca <isr_nmi>:
100001ca:	be00      	bkpt	0x0000

100001cc <isr_hardfault>:
100001cc:	be00      	bkpt	0x0000

100001ce <isr_svcall>:
100001ce:	be00      	bkpt	0x0000

100001d0 <isr_pendsv>:
100001d0:	be00      	bkpt	0x0000

100001d2 <isr_systick>:
100001d2:	be00      	bkpt	0x0000

100001d4 <__default_isrs_end>:
100001d4:	7188ebf2 	.word	0x7188ebf2
100001d8:	1000028c 	.word	0x1000028c
100001dc:	100002a8 	.word	0x100002a8
100001e0:	10000238 	.word	0x10000238
100001e4:	e71aa390 	.word	0xe71aa390

100001e8 <_entry_point>:
100001e8:	2000      	movs	r0, #0

100001ea <_enter_vtable_in_r0>:
100001ea:	4921      	ldr	r1, [pc, #132]	@ (10000270 <data_cpy_table+0x38>)
100001ec:	6008      	str	r0, [r1, #0]
100001ee:	c806      	ldmia	r0!, {r1, r2}
100001f0:	f381 8808 	msr	MSP, r1
100001f4:	4710      	bx	r2

100001f6 <_reset_handler>:
100001f6:	481f      	ldr	r0, [pc, #124]	@ (10000274 <data_cpy_table+0x3c>)
100001f8:	6800      	ldr	r0, [r0, #0]
100001fa:	2800      	cmp	r0, #0
100001fc:	d001      	beq.n	10000202 <hold_non_core0_in_bootrom+0x4>

100001fe <hold_non_core0_in_bootrom>:
100001fe:	2000      	movs	r0, #0
10000200:	e7f3      	b.n	100001ea <_enter_vtable_in_r0>
10000202:	a40d      	add	r4, pc, #52	@ (adr r4, 10000238 <data_cpy_table>)
10000204:	cc0e      	ldmia	r4!, {r1, r2, r3}
10000206:	2900      	cmp	r1, #0
10000208:	d002      	beq.n	10000210 <hold_non_core0_in_bootrom+0x12>
1000020a:	f000 f812 	bl	10000232 <data_cpy>
1000020e:	e7f9      	b.n	10000204 <hold_non_core0_in_bootrom+0x6>
10000210:	4919      	ldr	r1, [pc, #100]	@ (10000278 <data_cpy_table+0x40>)
10000212:	4a1a      	ldr	r2, [pc, #104]	@ (1000027c <data_cpy_table+0x44>)
10000214:	2000      	movs	r0, #0
10000216:	e000      	b.n	1000021a <bss_fill_test>

10000218 <bss_fill_loop>:
10000218:	c101      	stmia	r1!, {r0}

1000021a <bss_fill_test>:
1000021a:	4291      	cmp	r1, r2
1000021c:	d1fc      	bne.n	10000218 <bss_fill_loop>

1000021e <platform_entry>:
1000021e:	4918      	ldr	r1, [pc, #96]	@ (10000280 <data_cpy_table+0x48>)
10000220:	4788      	blx	r1
10000222:	4918      	ldr	r1, [pc, #96]	@ (10000284 <data_cpy_table+0x4c>)
10000224:	4788      	blx	r1
10000226:	4918      	ldr	r1, [pc, #96]	@ (10000288 <data_cpy_table+0x50>)
10000228:	4788      	blx	r1
1000022a:	be00      	bkpt	0x0000
1000022c:	e7fd      	b.n	1000022a <platform_entry+0xc>

1000022e <data_cpy_loop>:
1000022e:	c901      	ldmia	r1!, {r0}
10000230:	c201      	stmia	r2!, {r0}

10000232 <data_cpy>:
10000232:	429a      	cmp	r2, r3
10000234:	d3fb      	bcc.n	1000022e <data_cpy_loop>

10000236 <data_cpy_done>:
10000236:	4770      	bx	lr

10000238 <data_cpy_table>:
10000238:	100002a8 	.word	0x100002a8
1000023c:	200000c0 	.word	0x200000c0
10000240:	200089bc 	.word	0x200089bc
10000244:	10008ba4 	.word	0x10008ba4
10000248:	200089c0 	.word	0x200089c0
1000024c:	2000a98c 	.word	0x2000a98c
10000250:	1000ab70 	.word	0x1000ab70
10000254:	20040000 	.word	0x20040000
10000258:	20040000 	.word	0x20040000
1000025c:	1000ab70 	.word	0x1000ab70
10000260:	20041000 	.word	0x20041000
10000264:	20041000 	.word	0x20041000
10000268:	00000000 	.word	0x00000000
1000026c:	4770      	bx	lr
1000026e:	0000      	.short	0x0000
10000270:	e000ed08 	.word	0xe000ed08
10000274:	d0000000 	.word	0xd0000000
10000278:	2000a98c 	.word	0x2000a98c
1000027c:	2000aeec 	.word	0x2000aeec
10000280:	20005375 	.word	0x20005375
10000284:	20000195 	.word	0x20000195
10000288:	20005335 	.word	0x20005335

Disassembly of section .text:

200000c0 <uart_puts.constprop.0>:
200000c0:	b570      	push	{r4, r5, r6, lr}
200000c2:	7804      	ldrb	r4, [r0, #0]
200000c4:	2c00      	cmp	r4, #0
200000c6:	d017      	beq.n	200000f8 <uart_puts.constprop.0+0x38>
200000c8:	2100      	movs	r1, #0
200000ca:	2220      	movs	r2, #32
200000cc:	260d      	movs	r6, #13
200000ce:	4b11      	ldr	r3, [pc, #68]	@ (20000114 <uart_puts.constprop.0+0x54>)
200000d0:	2502      	movs	r5, #2
200000d2:	5f5d      	ldrsh	r5, [r3, r5]
200000d4:	4b10      	ldr	r3, [pc, #64]	@ (20000118 <uart_puts.constprop.0+0x58>)
200000d6:	2900      	cmp	r1, #0
200000d8:	d10f      	bne.n	200000fa <uart_puts.constprop.0+0x3a>
200000da:	42a5      	cmp	r5, r4
200000dc:	d014      	beq.n	20000108 <uart_puts.constprop.0+0x48>
200000de:	6999      	ldr	r1, [r3, #24]
200000e0:	420a      	tst	r2, r1
200000e2:	d1fc      	bne.n	200000de <uart_puts.constprop.0+0x1e>
200000e4:	601c      	str	r4, [r3, #0]
200000e6:	7801      	ldrb	r1, [r0, #0]
200000e8:	3001      	adds	r0, #1
200000ea:	390d      	subs	r1, #13
200000ec:	424c      	negs	r4, r1
200000ee:	4161      	adcs	r1, r4
200000f0:	7804      	ldrb	r4, [r0, #0]
200000f2:	b2c9      	uxtb	r1, r1
200000f4:	2c00      	cmp	r4, #0
200000f6:	d1ee      	bne.n	200000d6 <uart_puts.constprop.0+0x16>
200000f8:	bd70      	pop	{r4, r5, r6, pc}
200000fa:	6999      	ldr	r1, [r3, #24]
200000fc:	420a      	tst	r2, r1
200000fe:	d0f1      	beq.n	200000e4 <uart_puts.constprop.0+0x24>
20000100:	6999      	ldr	r1, [r3, #24]
20000102:	420a      	tst	r2, r1
20000104:	d1f9      	bne.n	200000fa <uart_puts.constprop.0+0x3a>
20000106:	e7ed      	b.n	200000e4 <uart_puts.constprop.0+0x24>
20000108:	6999      	ldr	r1, [r3, #24]
2000010a:	420a      	tst	r2, r1
2000010c:	d1fc      	bne.n	20000108 <uart_puts.constprop.0+0x48>
2000010e:	601e      	str	r6, [r3, #0]
20000110:	e7e5      	b.n	200000de <uart_puts.constprop.0+0x1e>
20000112:	46c0      	nop			@ (mov r8, r8)
20000114:	2000aee4 	.word	0x2000aee4
20000118:	40038000 	.word	0x40038000

2000011c <console_printf>:
2000011c:	b40f      	push	{r0, r1, r2, r3}
2000011e:	b570      	push	{r4, r5, r6, lr}
20000120:	b0b2      	sub	sp, #200	@ 0xc8
20000122:	ab36      	add	r3, sp, #216	@ 0xd8
20000124:	cb04      	ldmia	r3!, {r2}
20000126:	ae02      	add	r6, sp, #8
20000128:	21c0      	movs	r1, #192	@ 0xc0
2000012a:	0030      	movs	r0, r6
2000012c:	9301      	str	r3, [sp, #4]
2000012e:	f005 f89d 	bl	2000526c <__wrap_vsnprintf>
20000132:	7834      	ldrb	r4, [r6, #0]
20000134:	2c00      	cmp	r4, #0
20000136:	d018      	beq.n	2000016a <console_printf+0x4e>
20000138:	0030      	movs	r0, r6
2000013a:	2100      	movs	r1, #0
2000013c:	2220      	movs	r2, #32
2000013e:	260d      	movs	r6, #13
20000140:	4b12      	ldr	r3, [pc, #72]	@ (2000018c <console_printf+0x70>)
20000142:	2502      	movs	r5, #2
20000144:	5f5d      	ldrsh	r5, [r3, r5]
20000146:	4b12      	ldr	r3, [pc, #72]	@ (20000190 <console_printf+0x74>)
20000148:	2900      	cmp	r1, #0
2000014a:	d113      	bne.n	20000174 <console_printf+0x58>
2000014c:	42a5      	cmp	r5, r4
2000014e:	d018      	beq.n	20000182 <console_printf+0x66>
20000150:	6999      	ldr	r1, [r3, #24]
20000152:	420a      	tst	r2, r1
20000154:	d1fc      	bne.n	20000150 <console_printf+0x34>
20000156:	601c      	str	r4, [r3, #0]
20000158:	7801      	ldrb	r1, [r0, #0]
2000015a:	3001      	adds	r0, #1
2000015c:	390d      	subs	r1, #13
2000015e:	424c      	negs	r4, r1
20000160:	4161      	adcs	r1, r4
20000162:	7804      	ldrb	r4, [r0, #0]
20000164:	b2c9      	uxtb	r1, r1
20000166:	2c00      	cmp	r4, #0
20000168:	d1ee      	bne.n	20000148 <console_printf+0x2c>
2000016a:	b032      	add	sp, #200	@ 0xc8
2000016c:	bc70      	pop	{r4, r5, r6}
2000016e:	bc08      	pop	{r3}
20000170:	b004      	add	sp, #16
20000172:	4718      	bx	r3
20000174:	6999      	ldr	r1, [r3, #24]
20000176:	420a      	tst	r2, r1
20000178:	d0ed      	beq.n	20000156 <console_printf+0x3a>
2000017a:	6999      	ldr	r1, [r3, #24]
2000017c:	420a      	tst	r2, r1
2000017e:	d1f9      	bne.n	20000174 <console_printf+0x58>
20000180:	e7e9      	b.n	20000156 <console_printf+0x3a>
20000182:	6999      	ldr	r1, [r3, #24]
20000184:	420a      	tst	r2, r1
20000186:	d1fc      	bne.n	20000182 <console_printf+0x66>
20000188:	601e      	str	r6, [r3, #0]
2000018a:	e7e1      	b.n	20000150 <console_printf+0x34>
2000018c:	2000aee4 	.word	0x2000aee4
20000190:	40038000 	.word	0x40038000

20000194 <main>:
20000194:	b5f0      	push	{r4, r5, r6, r7, lr}
20000196:	46de      	mov	lr, fp
20000198:	4645      	mov	r5, r8
2000019a:	4657      	mov	r7, sl
2000019c:	464e      	mov	r6, r9
2000019e:	21e1      	movs	r1, #225	@ 0xe1
200001a0:	b5e0      	push	{r5, r6, r7, lr}
200001a2:	4cbe      	ldr	r4, [pc, #760]	@ (2000049c <main+0x308>)
200001a4:	b0f7      	sub	sp, #476	@ 0x1dc
200001a6:	0020      	movs	r0, r4
200001a8:	0249      	lsls	r1, r1, #9
200001aa:	f002 f957 	bl	2000245c <uart_init>
200001ae:	2102      	movs	r1, #2
200001b0:	2008      	movs	r0, #8
200001b2:	f001 fc5d 	bl	20001a70 <gpio_set_function>
200001b6:	2102      	movs	r1, #2
200001b8:	2009      	movs	r0, #9
200001ba:	f001 fc59 	bl	20001a70 <gpio_set_function>
200001be:	0020      	movs	r0, r4
200001c0:	2300      	movs	r3, #0
200001c2:	2201      	movs	r2, #1
200001c4:	2108      	movs	r1, #8
200001c6:	f002 f9d9 	bl	2000257c <uart_set_format>
200001ca:	22c0      	movs	r2, #192	@ 0xc0
200001cc:	6b23      	ldr	r3, [r4, #48]	@ 0x30
200001ce:	0020      	movs	r0, r4
200001d0:	24fa      	movs	r4, #250	@ 0xfa
200001d2:	0212      	lsls	r2, r2, #8
200001d4:	4013      	ands	r3, r2
200001d6:	4ab2      	ldr	r2, [pc, #712]	@ (200004a0 <main+0x30c>)
200001d8:	2101      	movs	r1, #1
200001da:	6013      	str	r3, [r2, #0]
200001dc:	f002 fa0a 	bl	200025f4 <uart_set_fifo_enabled>
200001e0:	f001 f968 	bl	200014b4 <sdc41_init>
200001e4:	4daf      	ldr	r5, [pc, #700]	@ (200004a4 <main+0x310>)
200001e6:	00a4      	lsls	r4, r4, #2
200001e8:	0021      	movs	r1, r4
200001ea:	0028      	movs	r0, r5
200001ec:	f7ff ff96 	bl	2000011c <console_printf>
200001f0:	2c00      	cmp	r4, #0
200001f2:	d107      	bne.n	20000204 <main+0x70>
200001f4:	f001 fc3a 	bl	20001a6c <sdc41_crc_self_check>
200001f8:	2800      	cmp	r0, #0
200001fa:	d108      	bne.n	2000020e <main+0x7a>
200001fc:	48aa      	ldr	r0, [pc, #680]	@ (200004a8 <main+0x314>)
200001fe:	f7ff ff5f 	bl	200000c0 <uart_puts.constprop.0>
20000202:	e7fe      	b.n	20000202 <main+0x6e>
20000204:	2064      	movs	r0, #100	@ 0x64
20000206:	f002 f821 	bl	2000224c <sleep_ms>
2000020a:	3c64      	subs	r4, #100	@ 0x64
2000020c:	e7ec      	b.n	200001e8 <main+0x54>
2000020e:	48a7      	ldr	r0, [pc, #668]	@ (200004ac <main+0x318>)
20000210:	f7ff ff56 	bl	200000c0 <uart_puts.constprop.0>
20000214:	f001 f96c 	bl	200014f0 <sdc41_start_periodic>
20000218:	2800      	cmp	r0, #0
2000021a:	d100      	bne.n	2000021e <main+0x8a>
2000021c:	e0e5      	b.n	200003ea <main+0x256>
2000021e:	f001 f95b 	bl	200014d8 <sdc41_result_string>
20000222:	0002      	movs	r2, r0
20000224:	48a2      	ldr	r0, [pc, #648]	@ (200004b0 <main+0x31c>)
20000226:	49a3      	ldr	r1, [pc, #652]	@ (200004b4 <main+0x320>)
20000228:	9006      	str	r0, [sp, #24]
2000022a:	f7ff ff77 	bl	2000011c <console_printf>
2000022e:	48a2      	ldr	r0, [pc, #648]	@ (200004b8 <main+0x324>)
20000230:	f7ff ff46 	bl	200000c0 <uart_puts.constprop.0>
20000234:	4ba1      	ldr	r3, [pc, #644]	@ (200004bc <main+0x328>)
20000236:	2710      	movs	r7, #16
20000238:	9304      	str	r3, [sp, #16]
2000023a:	2202      	movs	r2, #2
2000023c:	5e9b      	ldrsh	r3, [r3, r2]
2000023e:	4c97      	ldr	r4, [pc, #604]	@ (2000049c <main+0x308>)
20000240:	9302      	str	r3, [sp, #8]
20000242:	2300      	movs	r3, #0
20000244:	9303      	str	r3, [sp, #12]
20000246:	001d      	movs	r5, r3
20000248:	4b9d      	ldr	r3, [pc, #628]	@ (200004c0 <main+0x32c>)
2000024a:	9305      	str	r3, [sp, #20]
2000024c:	4b9d      	ldr	r3, [pc, #628]	@ (200004c4 <main+0x330>)
2000024e:	4698      	mov	r8, r3
20000250:	4b9d      	ldr	r3, [pc, #628]	@ (200004c8 <main+0x334>)
20000252:	9307      	str	r3, [sp, #28]
20000254:	4b9d      	ldr	r3, [pc, #628]	@ (200004cc <main+0x338>)
20000256:	9324      	str	r3, [sp, #144]	@ 0x90
20000258:	4b9d      	ldr	r3, [pc, #628]	@ (200004d0 <main+0x33c>)
2000025a:	9308      	str	r3, [sp, #32]
2000025c:	4b9d      	ldr	r3, [pc, #628]	@ (200004d4 <main+0x340>)
2000025e:	9325      	str	r3, [sp, #148]	@ 0x94
20000260:	4b9d      	ldr	r3, [pc, #628]	@ (200004d8 <main+0x344>)
20000262:	930c      	str	r3, [sp, #48]	@ 0x30
20000264:	4b9d      	ldr	r3, [pc, #628]	@ (200004dc <main+0x348>)
20000266:	9313      	str	r3, [sp, #76]	@ 0x4c
20000268:	4b9d      	ldr	r3, [pc, #628]	@ (200004e0 <main+0x34c>)
2000026a:	932b      	str	r3, [sp, #172]	@ 0xac
2000026c:	4b9d      	ldr	r3, [pc, #628]	@ (200004e4 <main+0x350>)
2000026e:	9315      	str	r3, [sp, #84]	@ 0x54
20000270:	4b9d      	ldr	r3, [pc, #628]	@ (200004e8 <main+0x354>)
20000272:	932c      	str	r3, [sp, #176]	@ 0xb0
20000274:	4b9d      	ldr	r3, [pc, #628]	@ (200004ec <main+0x358>)
20000276:	9312      	str	r3, [sp, #72]	@ 0x48
20000278:	4b9d      	ldr	r3, [pc, #628]	@ (200004f0 <main+0x35c>)
2000027a:	930a      	str	r3, [sp, #40]	@ 0x28
2000027c:	4b9d      	ldr	r3, [pc, #628]	@ (200004f4 <main+0x360>)
2000027e:	9310      	str	r3, [sp, #64]	@ 0x40
20000280:	4b9d      	ldr	r3, [pc, #628]	@ (200004f8 <main+0x364>)
20000282:	932d      	str	r3, [sp, #180]	@ 0xb4
20000284:	4b9d      	ldr	r3, [pc, #628]	@ (200004fc <main+0x368>)
20000286:	933d      	str	r3, [sp, #244]	@ 0xf4
20000288:	4b9d      	ldr	r3, [pc, #628]	@ (20000500 <main+0x36c>)
2000028a:	933e      	str	r3, [sp, #248]	@ 0xf8
2000028c:	4b9d      	ldr	r3, [pc, #628]	@ (20000504 <main+0x370>)
2000028e:	9309      	str	r3, [sp, #36]	@ 0x24
20000290:	4b9d      	ldr	r3, [pc, #628]	@ (20000508 <main+0x374>)
20000292:	933f      	str	r3, [sp, #252]	@ 0xfc
20000294:	4b9d      	ldr	r3, [pc, #628]	@ (2000050c <main+0x378>)
20000296:	9340      	str	r3, [sp, #256]	@ 0x100
20000298:	4b9d      	ldr	r3, [pc, #628]	@ (20000510 <main+0x37c>)
2000029a:	931b      	str	r3, [sp, #108]	@ 0x6c
2000029c:	4b9d      	ldr	r3, [pc, #628]	@ (20000514 <main+0x380>)
2000029e:	931c      	str	r3, [sp, #112]	@ 0x70
200002a0:	4b9d      	ldr	r3, [pc, #628]	@ (20000518 <main+0x384>)
200002a2:	934b      	str	r3, [sp, #300]	@ 0x12c
200002a4:	4b9d      	ldr	r3, [pc, #628]	@ (2000051c <main+0x388>)
200002a6:	930b      	str	r3, [sp, #44]	@ 0x2c
200002a8:	4b9d      	ldr	r3, [pc, #628]	@ (20000520 <main+0x38c>)
200002aa:	934c      	str	r3, [sp, #304]	@ 0x130
200002ac:	4b9d      	ldr	r3, [pc, #628]	@ (20000524 <main+0x390>)
200002ae:	930e      	str	r3, [sp, #56]	@ 0x38
200002b0:	4b9d      	ldr	r3, [pc, #628]	@ (20000528 <main+0x394>)
200002b2:	930f      	str	r3, [sp, #60]	@ 0x3c
200002b4:	4b9d      	ldr	r3, [pc, #628]	@ (2000052c <main+0x398>)
200002b6:	9339      	str	r3, [sp, #228]	@ 0xe4
200002b8:	4b9d      	ldr	r3, [pc, #628]	@ (20000530 <main+0x39c>)
200002ba:	933a      	str	r3, [sp, #232]	@ 0xe8
200002bc:	4b9d      	ldr	r3, [pc, #628]	@ (20000534 <main+0x3a0>)
200002be:	9311      	str	r3, [sp, #68]	@ 0x44
200002c0:	4b9d      	ldr	r3, [pc, #628]	@ (20000538 <main+0x3a4>)
200002c2:	933b      	str	r3, [sp, #236]	@ 0xec
200002c4:	4b9d      	ldr	r3, [pc, #628]	@ (2000053c <main+0x3a8>)
200002c6:	933c      	str	r3, [sp, #240]	@ 0xf0
200002c8:	4b9d      	ldr	r3, [pc, #628]	@ (20000540 <main+0x3ac>)
200002ca:	9347      	str	r3, [sp, #284]	@ 0x11c
200002cc:	4b9d      	ldr	r3, [pc, #628]	@ (20000544 <main+0x3b0>)
200002ce:	9335      	str	r3, [sp, #212]	@ 0xd4
200002d0:	4b9d      	ldr	r3, [pc, #628]	@ (20000548 <main+0x3b4>)
200002d2:	9336      	str	r3, [sp, #216]	@ 0xd8
200002d4:	4b9d      	ldr	r3, [pc, #628]	@ (2000054c <main+0x3b8>)
200002d6:	9334      	str	r3, [sp, #208]	@ 0xd0
200002d8:	4b9d      	ldr	r3, [pc, #628]	@ (20000550 <main+0x3bc>)
200002da:	9348      	str	r3, [sp, #288]	@ 0x120
200002dc:	4b9d      	ldr	r3, [pc, #628]	@ (20000554 <main+0x3c0>)
200002de:	9318      	str	r3, [sp, #96]	@ 0x60
200002e0:	4b9d      	ldr	r3, [pc, #628]	@ (20000558 <main+0x3c4>)
200002e2:	9316      	str	r3, [sp, #88]	@ 0x58
200002e4:	4b9d      	ldr	r3, [pc, #628]	@ (2000055c <main+0x3c8>)
200002e6:	9317      	str	r3, [sp, #92]	@ 0x5c
200002e8:	4b9d      	ldr	r3, [pc, #628]	@ (20000560 <main+0x3cc>)
200002ea:	9349      	str	r3, [sp, #292]	@ 0x124
200002ec:	4b9d      	ldr	r3, [pc, #628]	@ (20000564 <main+0x3d0>)
200002ee:	9337      	str	r3, [sp, #220]	@ 0xdc
200002f0:	4b9d      	ldr	r3, [pc, #628]	@ (20000568 <main+0x3d4>)
200002f2:	9338      	str	r3, [sp, #224]	@ 0xe0
200002f4:	4b9d      	ldr	r3, [pc, #628]	@ (2000056c <main+0x3d8>)
200002f6:	931d      	str	r3, [sp, #116]	@ 0x74
200002f8:	4b9d      	ldr	r3, [pc, #628]	@ (20000570 <main+0x3dc>)
200002fa:	934a      	str	r3, [sp, #296]	@ 0x128
200002fc:	4b9d      	ldr	r3, [pc, #628]	@ (20000574 <main+0x3e0>)
200002fe:	931e      	str	r3, [sp, #120]	@ 0x78
20000300:	4b9d      	ldr	r3, [pc, #628]	@ (20000578 <main+0x3e4>)
20000302:	9351      	str	r3, [sp, #324]	@ 0x144
20000304:	4b9d      	ldr	r3, [pc, #628]	@ (2000057c <main+0x3e8>)
20000306:	9345      	str	r3, [sp, #276]	@ 0x114
20000308:	4b9d      	ldr	r3, [pc, #628]	@ (20000580 <main+0x3ec>)
2000030a:	9346      	str	r3, [sp, #280]	@ 0x118
2000030c:	4b9d      	ldr	r3, [pc, #628]	@ (20000584 <main+0x3f0>)
2000030e:	934d      	str	r3, [sp, #308]	@ 0x134
20000310:	4b9d      	ldr	r3, [pc, #628]	@ (20000588 <main+0x3f4>)
20000312:	934e      	str	r3, [sp, #312]	@ 0x138
20000314:	4b9d      	ldr	r3, [pc, #628]	@ (2000058c <main+0x3f8>)
20000316:	9352      	str	r3, [sp, #328]	@ 0x148
20000318:	4b9d      	ldr	r3, [pc, #628]	@ (20000590 <main+0x3fc>)
2000031a:	9353      	str	r3, [sp, #332]	@ 0x14c
2000031c:	4b9d      	ldr	r3, [pc, #628]	@ (20000594 <main+0x400>)
2000031e:	9354      	str	r3, [sp, #336]	@ 0x150
20000320:	4b9d      	ldr	r3, [pc, #628]	@ (20000598 <main+0x404>)
20000322:	934f      	str	r3, [sp, #316]	@ 0x13c
20000324:	4b9d      	ldr	r3, [pc, #628]	@ (2000059c <main+0x408>)
20000326:	9350      	str	r3, [sp, #320]	@ 0x140
20000328:	4b9d      	ldr	r3, [pc, #628]	@ (200005a0 <main+0x40c>)
2000032a:	9355      	str	r3, [sp, #340]	@ 0x154
2000032c:	4b9d      	ldr	r3, [pc, #628]	@ (200005a4 <main+0x410>)
2000032e:	9356      	str	r3, [sp, #344]	@ 0x158
20000330:	4b9d      	ldr	r3, [pc, #628]	@ (200005a8 <main+0x414>)
20000332:	9319      	str	r3, [sp, #100]	@ 0x64
20000334:	4b9d      	ldr	r3, [pc, #628]	@ (200005ac <main+0x418>)
20000336:	931a      	str	r3, [sp, #104]	@ 0x68
20000338:	4b9d      	ldr	r3, [pc, #628]	@ (200005b0 <main+0x41c>)
2000033a:	9357      	str	r3, [sp, #348]	@ 0x15c
2000033c:	4b9d      	ldr	r3, [pc, #628]	@ (200005b4 <main+0x420>)
2000033e:	9358      	str	r3, [sp, #352]	@ 0x160
20000340:	4b9d      	ldr	r3, [pc, #628]	@ (200005b8 <main+0x424>)
20000342:	9359      	str	r3, [sp, #356]	@ 0x164
20000344:	4b9d      	ldr	r3, [pc, #628]	@ (200005bc <main+0x428>)
20000346:	931f      	str	r3, [sp, #124]	@ 0x7c
20000348:	4b9d      	ldr	r3, [pc, #628]	@ (200005c0 <main+0x42c>)
2000034a:	9320      	str	r3, [sp, #128]	@ 0x80
2000034c:	4b9d      	ldr	r3, [pc, #628]	@ (200005c4 <main+0x430>)
2000034e:	9321      	str	r3, [sp, #132]	@ 0x84
20000350:	4b9d      	ldr	r3, [pc, #628]	@ (200005c8 <main+0x434>)
20000352:	9322      	str	r3, [sp, #136]	@ 0x88
20000354:	4b9d      	ldr	r3, [pc, #628]	@ (200005cc <main+0x438>)
20000356:	9323      	str	r3, [sp, #140]	@ 0x8c
20000358:	4b9d      	ldr	r3, [pc, #628]	@ (200005d0 <main+0x43c>)
2000035a:	9326      	str	r3, [sp, #152]	@ 0x98
2000035c:	4b9d      	ldr	r3, [pc, #628]	@ (200005d4 <main+0x440>)
2000035e:	9327      	str	r3, [sp, #156]	@ 0x9c
20000360:	4b9d      	ldr	r3, [pc, #628]	@ (200005d8 <main+0x444>)
20000362:	9328      	str	r3, [sp, #160]	@ 0xa0
20000364:	4b9d      	ldr	r3, [pc, #628]	@ (200005dc <main+0x448>)
20000366:	9329      	str	r3, [sp, #164]	@ 0xa4
20000368:	4b9d      	ldr	r3, [pc, #628]	@ (200005e0 <main+0x44c>)
2000036a:	932a      	str	r3, [sp, #168]	@ 0xa8
2000036c:	4b9d      	ldr	r3, [pc, #628]	@ (200005e4 <main+0x450>)
2000036e:	932e      	str	r3, [sp, #184]	@ 0xb8
20000370:	4b9d      	ldr	r3, [pc, #628]	@ (200005e8 <main+0x454>)
20000372:	932f      	str	r3, [sp, #188]	@ 0xbc
20000374:	4b9d      	ldr	r3, [pc, #628]	@ (200005ec <main+0x458>)
20000376:	9330      	str	r3, [sp, #192]	@ 0xc0
20000378:	4b9d      	ldr	r3, [pc, #628]	@ (200005f0 <main+0x45c>)
2000037a:	9331      	str	r3, [sp, #196]	@ 0xc4
2000037c:	4b9d      	ldr	r3, [pc, #628]	@ (200005f4 <main+0x460>)
2000037e:	9332      	str	r3, [sp, #200]	@ 0xc8
20000380:	4b9d      	ldr	r3, [pc, #628]	@ (200005f8 <main+0x464>)
20000382:	9333      	str	r3, [sp, #204]	@ 0xcc
20000384:	4b9d      	ldr	r3, [pc, #628]	@ (200005fc <main+0x468>)
20000386:	9341      	str	r3, [sp, #260]	@ 0x104
20000388:	4b9d      	ldr	r3, [pc, #628]	@ (20000600 <main+0x46c>)
2000038a:	9342      	str	r3, [sp, #264]	@ 0x108
2000038c:	4b9d      	ldr	r3, [pc, #628]	@ (20000604 <main+0x470>)
2000038e:	9343      	str	r3, [sp, #268]	@ 0x10c
20000390:	4b9d      	ldr	r3, [pc, #628]	@ (20000608 <main+0x474>)
20000392:	9344      	str	r3, [sp, #272]	@ 0x110
20000394:	4b9d      	ldr	r3, [pc, #628]	@ (2000060c <main+0x478>)
20000396:	930d      	str	r3, [sp, #52]	@ 0x34
20000398:	4b9d      	ldr	r3, [pc, #628]	@ (20000610 <main+0x47c>)
2000039a:	9314      	str	r3, [sp, #80]	@ 0x50
2000039c:	69a3      	ldr	r3, [r4, #24]
2000039e:	421f      	tst	r7, r3
200003a0:	d1fc      	bne.n	2000039c <main+0x208>
200003a2:	69a3      	ldr	r3, [r4, #24]
200003a4:	421f      	tst	r7, r3
200003a6:	d1fc      	bne.n	200003a2 <main+0x20e>
200003a8:	6822      	ldr	r2, [r4, #0]
200003aa:	b2d3      	uxtb	r3, r2
200003ac:	2b0d      	cmp	r3, #13
200003ae:	d022      	beq.n	200003f6 <main+0x262>
200003b0:	2b0a      	cmp	r3, #10
200003b2:	d100      	bne.n	200003b6 <main+0x222>
200003b4:	e1e9      	b.n	2000078a <main+0x5f6>
200003b6:	2b08      	cmp	r3, #8
200003b8:	d100      	bne.n	200003bc <main+0x228>
200003ba:	e1dc      	b.n	20000776 <main+0x5e2>
200003bc:	2b7f      	cmp	r3, #127	@ 0x7f
200003be:	d100      	bne.n	200003c2 <main+0x22e>
200003c0:	e1d9      	b.n	20000776 <main+0x5e2>
200003c2:	21ff      	movs	r1, #255	@ 0xff
200003c4:	400a      	ands	r2, r1
200003c6:	4641      	mov	r1, r8
200003c8:	2068      	movs	r0, #104	@ 0x68
200003ca:	5c89      	ldrb	r1, [r1, r2]
200003cc:	4381      	bics	r1, r0
200003ce:	2000      	movs	r0, #0
200003d0:	9003      	str	r0, [sp, #12]
200003d2:	2900      	cmp	r1, #0
200003d4:	d0e2      	beq.n	2000039c <main+0x208>
200003d6:	1c68      	adds	r0, r5, #1
200003d8:	285f      	cmp	r0, #95	@ 0x5f
200003da:	d800      	bhi.n	200003de <main+0x24a>
200003dc:	e295      	b.n	2000090a <main+0x776>
200003de:	9814      	ldr	r0, [sp, #80]	@ 0x50
200003e0:	f7ff fe6e 	bl	200000c0 <uart_puts.constprop.0>
200003e4:	2500      	movs	r5, #0
200003e6:	9503      	str	r5, [sp, #12]
200003e8:	e7d8      	b.n	2000039c <main+0x208>
200003ea:	488a      	ldr	r0, [pc, #552]	@ (20000614 <main+0x480>)
200003ec:	f7ff fe68 	bl	200000c0 <uart_puts.constprop.0>
200003f0:	4b2f      	ldr	r3, [pc, #188]	@ (200004b0 <main+0x31c>)
200003f2:	9306      	str	r3, [sp, #24]
200003f4:	e71b      	b.n	2000022e <main+0x9a>
200003f6:	3b0d      	subs	r3, #13
200003f8:	425a      	negs	r2, r3
200003fa:	4153      	adcs	r3, r2
200003fc:	b2db      	uxtb	r3, r3
200003fe:	9303      	str	r3, [sp, #12]
20000400:	260d      	movs	r6, #13
20000402:	2200      	movs	r2, #0
20000404:	2320      	movs	r3, #32
20000406:	200d      	movs	r0, #13
20000408:	9905      	ldr	r1, [sp, #20]
2000040a:	2a00      	cmp	r2, #0
2000040c:	d000      	beq.n	20000410 <main+0x27c>
2000040e:	e1a5      	b.n	2000075c <main+0x5c8>
20000410:	9a02      	ldr	r2, [sp, #8]
20000412:	4296      	cmp	r6, r2
20000414:	d100      	bne.n	20000418 <main+0x284>
20000416:	e1a9      	b.n	2000076c <main+0x5d8>
20000418:	69a2      	ldr	r2, [r4, #24]
2000041a:	4213      	tst	r3, r2
2000041c:	d1fc      	bne.n	20000418 <main+0x284>
2000041e:	6026      	str	r6, [r4, #0]
20000420:	780a      	ldrb	r2, [r1, #0]
20000422:	3101      	adds	r1, #1
20000424:	3a0d      	subs	r2, #13
20000426:	4256      	negs	r6, r2
20000428:	4172      	adcs	r2, r6
2000042a:	780e      	ldrb	r6, [r1, #0]
2000042c:	b2d2      	uxtb	r2, r2
2000042e:	2e00      	cmp	r6, #0
20000430:	d1eb      	bne.n	2000040a <main+0x276>
20000432:	2218      	movs	r2, #24
20000434:	ab58      	add	r3, sp, #352	@ 0x160
20000436:	189b      	adds	r3, r3, r2
20000438:	4642      	mov	r2, r8
2000043a:	555e      	strb	r6, [r3, r5]
2000043c:	ab58      	add	r3, sp, #352	@ 0x160
2000043e:	7e1b      	ldrb	r3, [r3, #24]
20000440:	ad5e      	add	r5, sp, #376	@ 0x178
20000442:	5cd3      	ldrb	r3, [r2, r3]
20000444:	071b      	lsls	r3, r3, #28
20000446:	d507      	bpl.n	20000458 <main+0x2c4>
20000448:	2208      	movs	r2, #8
2000044a:	4641      	mov	r1, r8
2000044c:	786b      	ldrb	r3, [r5, #1]
2000044e:	3501      	adds	r5, #1
20000450:	5ccb      	ldrb	r3, [r1, r3]
20000452:	421a      	tst	r2, r3
20000454:	d1fa      	bne.n	2000044c <main+0x2b8>
20000456:	4688      	mov	r8, r1
20000458:	0028      	movs	r0, r5
2000045a:	f007 fbc1 	bl	20007be0 <strlen>
2000045e:	1828      	adds	r0, r5, r0
20000460:	42a8      	cmp	r0, r5
20000462:	d912      	bls.n	2000048a <main+0x2f6>
20000464:	46b4      	mov	ip, r6
20000466:	2208      	movs	r2, #8
20000468:	002e      	movs	r6, r5
2000046a:	2100      	movs	r1, #0
2000046c:	4645      	mov	r5, r8
2000046e:	3801      	subs	r0, #1
20000470:	e004      	b.n	2000047c <main+0x2e8>
20000472:	7001      	strb	r1, [r0, #0]
20000474:	1e43      	subs	r3, r0, #1
20000476:	4286      	cmp	r6, r0
20000478:	d004      	beq.n	20000484 <main+0x2f0>
2000047a:	0018      	movs	r0, r3
2000047c:	7803      	ldrb	r3, [r0, #0]
2000047e:	5ceb      	ldrb	r3, [r5, r3]
20000480:	421a      	tst	r2, r3
20000482:	d1f6      	bne.n	20000472 <main+0x2de>
20000484:	46a8      	mov	r8, r5
20000486:	0035      	movs	r5, r6
20000488:	4666      	mov	r6, ip
2000048a:	782b      	ldrb	r3, [r5, #0]
2000048c:	2b00      	cmp	r3, #0
2000048e:	d100      	bne.n	20000492 <main+0x2fe>
20000490:	e1a3      	b.n	200007da <main+0x646>
20000492:	2208      	movs	r2, #8
20000494:	0029      	movs	r1, r5
20000496:	4640      	mov	r0, r8
20000498:	e0c3      	b.n	20000622 <main+0x48e>
2000049a:	46c0      	nop			@ (mov r8, r8)
2000049c:	40038000 	.word	0x40038000
200004a0:	40039030 	.word	0x40039030
200004a4:	20008be8 	.word	0x20008be8
200004a8:	20008c14 	.word	0x20008c14
200004ac:	20008c68 	.word	0x20008c68
200004b0:	20008ce8 	.word	0x20008ce8
200004b4:	20008cc0 	.word	0x20008cc0
200004b8:	20008cf8 	.word	0x20008cf8
200004bc:	2000aee4 	.word	0x2000aee4
200004c0:	20009440 	.word	0x20009440
200004c4:	2000a019 	.word	0x2000a019
200004c8:	20008d14 	.word	0x20008d14
200004cc:	20008d18 	.word	0x20008d18
200004d0:	2000aee9 	.word	0x2000aee9
200004d4:	20008d4c 	.word	0x20008d4c
200004d8:	2000aebc 	.word	0x2000aebc
200004dc:	2000aee8 	.word	0x2000aee8
200004e0:	20008d78 	.word	0x20008d78
200004e4:	20008dc0 	.word	0x20008dc0
200004e8:	20008ddc 	.word	0x20008ddc
200004ec:	20008ad0 	.word	0x20008ad0
200004f0:	20009330 	.word	0x20009330
200004f4:	20008df8 	.word	0x20008df8
200004f8:	20008e08 	.word	0x20008e08
200004fc:	20008e14 	.word	0x20008e14
20000500:	20008e24 	.word	0x20008e24
20000504:	20008e2c 	.word	0x20008e2c
20000508:	20008e34 	.word	0x20008e34
2000050c:	20008e6c 	.word	0x20008e6c
20000510:	20008ad4 	.word	0x20008ad4
20000514:	20008ad8 	.word	0x20008ad8
20000518:	20008e90 	.word	0x20008e90
2000051c:	20008ea4 	.word	0x20008ea4
20000520:	20008eac 	.word	0x20008eac
20000524:	20008ee4 	.word	0x20008ee4
20000528:	20008f08 	.word	0x20008f08
2000052c:	20008f30 	.word	0x20008f30
20000530:	20008f50 	.word	0x20008f50
20000534:	20008f68 	.word	0x20008f68
20000538:	20008f74 	.word	0x20008f74
2000053c:	20008fb0 	.word	0x20008fb0
20000540:	20008fe4 	.word	0x20008fe4
20000544:	20008ae4 	.word	0x20008ae4
20000548:	20008aec 	.word	0x20008aec
2000054c:	20008adc 	.word	0x20008adc
20000550:	20009000 	.word	0x20009000
20000554:	20009014 	.word	0x20009014
20000558:	20008b38 	.word	0x20008b38
2000055c:	20008b3c 	.word	0x20008b3c
20000560:	20009018 	.word	0x20009018
20000564:	20008b10 	.word	0x20008b10
20000568:	20008b24 	.word	0x20008b24
2000056c:	20008b90 	.word	0x20008b90
20000570:	20009060 	.word	0x20009060
20000574:	2000906c 	.word	0x2000906c
20000578:	20009074 	.word	0x20009074
2000057c:	20008b40 	.word	0x20008b40
20000580:	20008b64 	.word	0x20008b64
20000584:	20008b88 	.word	0x20008b88
20000588:	20008b98 	.word	0x20008b98
2000058c:	200090c8 	.word	0x200090c8
20000590:	200090d8 	.word	0x200090d8
20000594:	200090e4 	.word	0x200090e4
20000598:	20008ba4 	.word	0x20008ba4
2000059c:	20008bbc 	.word	0x20008bbc
200005a0:	2000913c 	.word	0x2000913c
200005a4:	20009150 	.word	0x20009150
200005a8:	20008bd4 	.word	0x20008bd4
200005ac:	20008be0 	.word	0x20008be0
200005b0:	20009158 	.word	0x20009158
200005b4:	20009164 	.word	0x20009164
200005b8:	200091c0 	.word	0x200091c0
200005bc:	200091d4 	.word	0x200091d4
200005c0:	200091f8 	.word	0x200091f8
200005c4:	20009208 	.word	0x20009208
200005c8:	20009210 	.word	0x20009210
200005cc:	20009248 	.word	0x20009248
200005d0:	20009260 	.word	0x20009260
200005d4:	2000926c 	.word	0x2000926c
200005d8:	2000927c 	.word	0x2000927c
200005dc:	20009284 	.word	0x20009284
200005e0:	2000928c 	.word	0x2000928c
200005e4:	20009290 	.word	0x20009290
200005e8:	20009298 	.word	0x20009298
200005ec:	200092ac 	.word	0x200092ac
200005f0:	200092c8 	.word	0x200092c8
200005f4:	20009978 	.word	0x20009978
200005f8:	20009928 	.word	0x20009928
200005fc:	200092d0 	.word	0x200092d0
20000600:	200092dc 	.word	0x200092dc
20000604:	20009334 	.word	0x20009334
20000608:	20009370 	.word	0x20009370
2000060c:	200093ac 	.word	0x200093ac
20000610:	200093b0 	.word	0x200093b0
20000614:	20008c98 	.word	0x20008c98
20000618:	784b      	ldrb	r3, [r1, #1]
2000061a:	3101      	adds	r1, #1
2000061c:	2b00      	cmp	r3, #0
2000061e:	d100      	bne.n	20000622 <main+0x48e>
20000620:	e0dd      	b.n	200007de <main+0x64a>
20000622:	5cc3      	ldrb	r3, [r0, r3]
20000624:	421a      	tst	r2, r3
20000626:	d0f7      	beq.n	20000618 <main+0x484>
20000628:	468a      	mov	sl, r1
2000062a:	2301      	movs	r3, #1
2000062c:	4453      	add	r3, sl
2000062e:	469b      	mov	fp, r3
20000630:	2300      	movs	r3, #0
20000632:	700b      	strb	r3, [r1, #0]
20000634:	784b      	ldrb	r3, [r1, #1]
20000636:	4680      	mov	r8, r0
20000638:	4699      	mov	r9, r3
2000063a:	5cc3      	ldrb	r3, [r0, r3]
2000063c:	2108      	movs	r1, #8
2000063e:	421a      	tst	r2, r3
20000640:	d00b      	beq.n	2000065a <main+0x4c6>
20000642:	46ac      	mov	ip, r5
20000644:	465b      	mov	r3, fp
20000646:	4645      	mov	r5, r8
20000648:	785a      	ldrb	r2, [r3, #1]
2000064a:	3301      	adds	r3, #1
2000064c:	5ca8      	ldrb	r0, [r5, r2]
2000064e:	4201      	tst	r1, r0
20000650:	d1fa      	bne.n	20000648 <main+0x4b4>
20000652:	46a8      	mov	r8, r5
20000654:	469b      	mov	fp, r3
20000656:	4691      	mov	r9, r2
20000658:	4665      	mov	r5, ip
2000065a:	0028      	movs	r0, r5
2000065c:	9907      	ldr	r1, [sp, #28]
2000065e:	f006 f98b 	bl	20006978 <strcmp>
20000662:	2800      	cmp	r0, #0
20000664:	d100      	bne.n	20000668 <main+0x4d4>
20000666:	e15b      	b.n	20000920 <main+0x78c>
20000668:	0028      	movs	r0, r5
2000066a:	9909      	ldr	r1, [sp, #36]	@ 0x24
2000066c:	f006 f984 	bl	20006978 <strcmp>
20000670:	2800      	cmp	r0, #0
20000672:	d100      	bne.n	20000676 <main+0x4e2>
20000674:	e090      	b.n	20000798 <main+0x604>
20000676:	0028      	movs	r0, r5
20000678:	990b      	ldr	r1, [sp, #44]	@ 0x2c
2000067a:	f006 f97d 	bl	20006978 <strcmp>
2000067e:	2800      	cmp	r0, #0
20000680:	d100      	bne.n	20000684 <main+0x4f0>
20000682:	e180      	b.n	20000986 <main+0x7f2>
20000684:	0028      	movs	r0, r5
20000686:	9911      	ldr	r1, [sp, #68]	@ 0x44
20000688:	f006 f976 	bl	20006978 <strcmp>
2000068c:	2800      	cmp	r0, #0
2000068e:	d100      	bne.n	20000692 <main+0x4fe>
20000690:	e1af      	b.n	200009f2 <main+0x85e>
20000692:	0028      	movs	r0, r5
20000694:	9918      	ldr	r1, [sp, #96]	@ 0x60
20000696:	f006 f96f 	bl	20006978 <strcmp>
2000069a:	4682      	mov	sl, r0
2000069c:	2800      	cmp	r0, #0
2000069e:	d100      	bne.n	200006a2 <main+0x50e>
200006a0:	e20e      	b.n	20000ac0 <main+0x92c>
200006a2:	0028      	movs	r0, r5
200006a4:	991e      	ldr	r1, [sp, #120]	@ 0x78
200006a6:	f006 f967 	bl	20006978 <strcmp>
200006aa:	2800      	cmp	r0, #0
200006ac:	d100      	bne.n	200006b0 <main+0x51c>
200006ae:	e27c      	b.n	20000baa <main+0xa16>
200006b0:	0028      	movs	r0, r5
200006b2:	9953      	ldr	r1, [sp, #332]	@ 0x14c
200006b4:	f006 f960 	bl	20006978 <strcmp>
200006b8:	2800      	cmp	r0, #0
200006ba:	d100      	bne.n	200006be <main+0x52a>
200006bc:	e2ef      	b.n	20000c9e <main+0xb0a>
200006be:	0028      	movs	r0, r5
200006c0:	9956      	ldr	r1, [sp, #344]	@ 0x158
200006c2:	f006 f959 	bl	20006978 <strcmp>
200006c6:	4682      	mov	sl, r0
200006c8:	2800      	cmp	r0, #0
200006ca:	d101      	bne.n	200006d0 <main+0x53c>
200006cc:	f000 fbee 	bl	20000eac <main+0xd18>
200006d0:	0028      	movs	r0, r5
200006d2:	9921      	ldr	r1, [sp, #132]	@ 0x84
200006d4:	f006 f950 	bl	20006978 <strcmp>
200006d8:	1e03      	subs	r3, r0, #0
200006da:	d101      	bne.n	200006e0 <main+0x54c>
200006dc:	f000 fc49 	bl	20000f72 <main+0xdde>
200006e0:	0028      	movs	r0, r5
200006e2:	9931      	ldr	r1, [sp, #196]	@ 0xc4
200006e4:	f006 f948 	bl	20006978 <strcmp>
200006e8:	2800      	cmp	r0, #0
200006ea:	d000      	beq.n	200006ee <main+0x55a>
200006ec:	e36e      	b.n	20000dcc <main+0xc38>
200006ee:	464b      	mov	r3, r9
200006f0:	0005      	movs	r5, r0
200006f2:	2b00      	cmp	r3, #0
200006f4:	d101      	bne.n	200006fa <main+0x566>
200006f6:	f000 fe83 	bl	20001400 <main+0x126c>
200006fa:	9b33      	ldr	r3, [sp, #204]	@ 0xcc
200006fc:	00ee      	lsls	r6, r5, #3
200006fe:	469c      	mov	ip, r3
20000700:	4466      	add	r6, ip
20000702:	4658      	mov	r0, fp
20000704:	6831      	ldr	r1, [r6, #0]
20000706:	f006 f937 	bl	20006978 <strcmp>
2000070a:	2800      	cmp	r0, #0
2000070c:	d101      	bne.n	20000712 <main+0x57e>
2000070e:	f000 fe3d 	bl	2000138c <main+0x11f8>
20000712:	3501      	adds	r5, #1
20000714:	2d0a      	cmp	r5, #10
20000716:	d1f0      	bne.n	200006fa <main+0x566>
20000718:	4658      	mov	r0, fp
2000071a:	9941      	ldr	r1, [sp, #260]	@ 0x104
2000071c:	f006 f92c 	bl	20006978 <strcmp>
20000720:	1e03      	subs	r3, r0, #0
20000722:	d001      	beq.n	20000728 <main+0x594>
20000724:	f000 fdfc 	bl	20001320 <main+0x118c>
20000728:	2120      	movs	r1, #32
2000072a:	260d      	movs	r6, #13
2000072c:	9842      	ldr	r0, [sp, #264]	@ 0x108
2000072e:	4ac8      	ldr	r2, [pc, #800]	@ (20000a50 <main+0x8bc>)
20000730:	7805      	ldrb	r5, [r0, #0]
20000732:	2d00      	cmp	r5, #0
20000734:	d100      	bne.n	20000738 <main+0x5a4>
20000736:	e631      	b.n	2000039c <main+0x208>
20000738:	2b00      	cmp	r3, #0
2000073a:	d000      	beq.n	2000073e <main+0x5aa>
2000073c:	e34e      	b.n	20000ddc <main+0xc48>
2000073e:	9b02      	ldr	r3, [sp, #8]
20000740:	429d      	cmp	r5, r3
20000742:	d100      	bne.n	20000746 <main+0x5b2>
20000744:	e34e      	b.n	20000de4 <main+0xc50>
20000746:	6993      	ldr	r3, [r2, #24]
20000748:	420b      	tst	r3, r1
2000074a:	d1fc      	bne.n	20000746 <main+0x5b2>
2000074c:	6015      	str	r5, [r2, #0]
2000074e:	7803      	ldrb	r3, [r0, #0]
20000750:	3001      	adds	r0, #1
20000752:	3b0d      	subs	r3, #13
20000754:	425d      	negs	r5, r3
20000756:	416b      	adcs	r3, r5
20000758:	b2db      	uxtb	r3, r3
2000075a:	e7e9      	b.n	20000730 <main+0x59c>
2000075c:	69a2      	ldr	r2, [r4, #24]
2000075e:	4213      	tst	r3, r2
20000760:	d100      	bne.n	20000764 <main+0x5d0>
20000762:	e65c      	b.n	2000041e <main+0x28a>
20000764:	69a2      	ldr	r2, [r4, #24]
20000766:	4213      	tst	r3, r2
20000768:	d1f8      	bne.n	2000075c <main+0x5c8>
2000076a:	e658      	b.n	2000041e <main+0x28a>
2000076c:	69a2      	ldr	r2, [r4, #24]
2000076e:	4213      	tst	r3, r2
20000770:	d1fc      	bne.n	2000076c <main+0x5d8>
20000772:	6020      	str	r0, [r4, #0]
20000774:	e650      	b.n	20000418 <main+0x284>
20000776:	2d00      	cmp	r5, #0
20000778:	d100      	bne.n	2000077c <main+0x5e8>
2000077a:	e633      	b.n	200003e4 <main+0x250>
2000077c:	980d      	ldr	r0, [sp, #52]	@ 0x34
2000077e:	f7ff fc9f 	bl	200000c0 <uart_puts.constprop.0>
20000782:	2300      	movs	r3, #0
20000784:	3d01      	subs	r5, #1
20000786:	9303      	str	r3, [sp, #12]
20000788:	e608      	b.n	2000039c <main+0x208>
2000078a:	9a03      	ldr	r2, [sp, #12]
2000078c:	2a00      	cmp	r2, #0
2000078e:	d100      	bne.n	20000792 <main+0x5fe>
20000790:	e631      	b.n	200003f6 <main+0x262>
20000792:	2300      	movs	r3, #0
20000794:	9303      	str	r3, [sp, #12]
20000796:	e601      	b.n	2000039c <main+0x208>
20000798:	464b      	mov	r3, r9
2000079a:	2b00      	cmp	r3, #0
2000079c:	d100      	bne.n	200007a0 <main+0x60c>
2000079e:	e10b      	b.n	200009b8 <main+0x824>
200007a0:	983f      	ldr	r0, [sp, #252]	@ 0xfc
200007a2:	2672      	movs	r6, #114	@ 0x72
200007a4:	4684      	mov	ip, r0
200007a6:	2100      	movs	r1, #0
200007a8:	0030      	movs	r0, r6
200007aa:	2220      	movs	r2, #32
200007ac:	250d      	movs	r5, #13
200007ae:	4666      	mov	r6, ip
200007b0:	4ba7      	ldr	r3, [pc, #668]	@ (20000a50 <main+0x8bc>)
200007b2:	2900      	cmp	r1, #0
200007b4:	d000      	beq.n	200007b8 <main+0x624>
200007b6:	e10f      	b.n	200009d8 <main+0x844>
200007b8:	9902      	ldr	r1, [sp, #8]
200007ba:	4288      	cmp	r0, r1
200007bc:	d100      	bne.n	200007c0 <main+0x62c>
200007be:	e113      	b.n	200009e8 <main+0x854>
200007c0:	6999      	ldr	r1, [r3, #24]
200007c2:	420a      	tst	r2, r1
200007c4:	d1fc      	bne.n	200007c0 <main+0x62c>
200007c6:	6018      	str	r0, [r3, #0]
200007c8:	7831      	ldrb	r1, [r6, #0]
200007ca:	3601      	adds	r6, #1
200007cc:	390d      	subs	r1, #13
200007ce:	4248      	negs	r0, r1
200007d0:	4141      	adcs	r1, r0
200007d2:	7830      	ldrb	r0, [r6, #0]
200007d4:	b2c9      	uxtb	r1, r1
200007d6:	2800      	cmp	r0, #0
200007d8:	d1eb      	bne.n	200007b2 <main+0x61e>
200007da:	2500      	movs	r5, #0
200007dc:	e5de      	b.n	2000039c <main+0x208>
200007de:	468a      	mov	sl, r1
200007e0:	4680      	mov	r8, r0
200007e2:	9907      	ldr	r1, [sp, #28]
200007e4:	0028      	movs	r0, r5
200007e6:	4699      	mov	r9, r3
200007e8:	f006 f8c6 	bl	20006978 <strcmp>
200007ec:	2800      	cmp	r0, #0
200007ee:	d008      	beq.n	20000802 <main+0x66e>
200007f0:	0028      	movs	r0, r5
200007f2:	9909      	ldr	r1, [sp, #36]	@ 0x24
200007f4:	f006 f8c0 	bl	20006978 <strcmp>
200007f8:	2800      	cmp	r0, #0
200007fa:	d100      	bne.n	200007fe <main+0x66a>
200007fc:	e0dc      	b.n	200009b8 <main+0x824>
200007fe:	46d3      	mov	fp, sl
20000800:	e739      	b.n	20000676 <main+0x4e2>
20000802:	9b08      	ldr	r3, [sp, #32]
20000804:	781b      	ldrb	r3, [r3, #0]
20000806:	2b01      	cmp	r3, #1
20000808:	d100      	bne.n	2000080c <main+0x678>
2000080a:	e123      	b.n	20000a54 <main+0x8c0>
2000080c:	2300      	movs	r3, #0
2000080e:	aa58      	add	r2, sp, #352	@ 0x160
20000810:	7413      	strb	r3, [r2, #16]
20000812:	a85c      	add	r0, sp, #368	@ 0x170
20000814:	f000 ff28 	bl	20001668 <sdc41_get_ready>
20000818:	2800      	cmp	r0, #0
2000081a:	d000      	beq.n	2000081e <main+0x68a>
2000081c:	e0ab      	b.n	20000976 <main+0x7e2>
2000081e:	ab58      	add	r3, sp, #352	@ 0x160
20000820:	7c1b      	ldrb	r3, [r3, #16]
20000822:	2b00      	cmp	r3, #0
20000824:	d000      	beq.n	20000828 <main+0x694>
20000826:	e135      	b.n	20000a94 <main+0x900>
20000828:	9b13      	ldr	r3, [sp, #76]	@ 0x4c
2000082a:	781a      	ldrb	r2, [r3, #0]
2000082c:	2a00      	cmp	r2, #0
2000082e:	d100      	bne.n	20000832 <main+0x69e>
20000830:	e376      	b.n	20000f20 <main+0xd8c>
20000832:	9d0c      	ldr	r5, [sp, #48]	@ 0x30
20000834:	982c      	ldr	r0, [sp, #176]	@ 0xb0
20000836:	8829      	ldrh	r1, [r5, #0]
20000838:	f7ff fc70 	bl	2000011c <console_printf>
2000083c:	9b0a      	ldr	r3, [sp, #40]	@ 0x28
2000083e:	686d      	ldr	r5, [r5, #4]
20000840:	4699      	mov	r9, r3
20000842:	2d00      	cmp	r5, #0
20000844:	da02      	bge.n	2000084c <main+0x6b8>
20000846:	9b12      	ldr	r3, [sp, #72]	@ 0x48
20000848:	426d      	negs	r5, r5
2000084a:	4699      	mov	r9, r3
2000084c:	21fa      	movs	r1, #250	@ 0xfa
2000084e:	0028      	movs	r0, r5
20000850:	0089      	lsls	r1, r1, #2
20000852:	f002 f9e5 	bl	20002c20 <__wrap___aeabi_uidiv>
20000856:	000e      	movs	r6, r1
20000858:	21fa      	movs	r1, #250	@ 0xfa
2000085a:	0028      	movs	r0, r5
2000085c:	0089      	lsls	r1, r1, #2
2000085e:	f002 f9df 	bl	20002c20 <__wrap___aeabi_uidiv>
20000862:	9b2d      	ldr	r3, [sp, #180]	@ 0xb4
20000864:	0002      	movs	r2, r0
20000866:	4649      	mov	r1, r9
20000868:	9810      	ldr	r0, [sp, #64]	@ 0x40
2000086a:	9300      	str	r3, [sp, #0]
2000086c:	0033      	movs	r3, r6
2000086e:	f7ff fc55 	bl	2000011c <console_printf>
20000872:	9b04      	ldr	r3, [sp, #16]
20000874:	210d      	movs	r1, #13
20000876:	2502      	movs	r5, #2
20000878:	5f5d      	ldrsh	r5, [r3, r5]
2000087a:	2300      	movs	r3, #0
2000087c:	4699      	mov	r9, r3
2000087e:	468c      	mov	ip, r1
20000880:	262c      	movs	r6, #44	@ 0x2c
20000882:	2220      	movs	r2, #32
20000884:	4649      	mov	r1, r9
20000886:	983d      	ldr	r0, [sp, #244]	@ 0xf4
20000888:	4b71      	ldr	r3, [pc, #452]	@ (20000a50 <main+0x8bc>)
2000088a:	2900      	cmp	r1, #0
2000088c:	d130      	bne.n	200008f0 <main+0x75c>
2000088e:	42b5      	cmp	r5, r6
20000890:	d035      	beq.n	200008fe <main+0x76a>
20000892:	6999      	ldr	r1, [r3, #24]
20000894:	420a      	tst	r2, r1
20000896:	d1fc      	bne.n	20000892 <main+0x6fe>
20000898:	601e      	str	r6, [r3, #0]
2000089a:	7801      	ldrb	r1, [r0, #0]
2000089c:	3001      	adds	r0, #1
2000089e:	390d      	subs	r1, #13
200008a0:	424e      	negs	r6, r1
200008a2:	4171      	adcs	r1, r6
200008a4:	7806      	ldrb	r6, [r0, #0]
200008a6:	b2c9      	uxtb	r1, r1
200008a8:	2e00      	cmp	r6, #0
200008aa:	d1ee      	bne.n	2000088a <main+0x6f6>
200008ac:	9b0c      	ldr	r3, [sp, #48]	@ 0x30
200008ae:	689d      	ldr	r5, [r3, #8]
200008b0:	9b0a      	ldr	r3, [sp, #40]	@ 0x28
200008b2:	4699      	mov	r9, r3
200008b4:	2d00      	cmp	r5, #0
200008b6:	da02      	bge.n	200008be <main+0x72a>
200008b8:	9b12      	ldr	r3, [sp, #72]	@ 0x48
200008ba:	426d      	negs	r5, r5
200008bc:	4699      	mov	r9, r3
200008be:	21fa      	movs	r1, #250	@ 0xfa
200008c0:	0028      	movs	r0, r5
200008c2:	0089      	lsls	r1, r1, #2
200008c4:	f002 f9ac 	bl	20002c20 <__wrap___aeabi_uidiv>
200008c8:	000e      	movs	r6, r1
200008ca:	21fa      	movs	r1, #250	@ 0xfa
200008cc:	0028      	movs	r0, r5
200008ce:	0089      	lsls	r1, r1, #2
200008d0:	f002 f9a6 	bl	20002c20 <__wrap___aeabi_uidiv>
200008d4:	9b3e      	ldr	r3, [sp, #248]	@ 0xf8
200008d6:	0002      	movs	r2, r0
200008d8:	9300      	str	r3, [sp, #0]
200008da:	4649      	mov	r1, r9
200008dc:	0033      	movs	r3, r6
200008de:	9810      	ldr	r0, [sp, #64]	@ 0x40
200008e0:	f7ff fc1c 	bl	2000011c <console_printf>
200008e4:	9b04      	ldr	r3, [sp, #16]
200008e6:	2500      	movs	r5, #0
200008e8:	2202      	movs	r2, #2
200008ea:	5e9b      	ldrsh	r3, [r3, r2]
200008ec:	9302      	str	r3, [sp, #8]
200008ee:	e555      	b.n	2000039c <main+0x208>
200008f0:	6999      	ldr	r1, [r3, #24]
200008f2:	420a      	tst	r2, r1
200008f4:	d0d0      	beq.n	20000898 <main+0x704>
200008f6:	6999      	ldr	r1, [r3, #24]
200008f8:	420a      	tst	r2, r1
200008fa:	d1f9      	bne.n	200008f0 <main+0x75c>
200008fc:	e7cc      	b.n	20000898 <main+0x704>
200008fe:	6999      	ldr	r1, [r3, #24]
20000900:	420a      	tst	r2, r1
20000902:	d1fc      	bne.n	200008fe <main+0x76a>
20000904:	4661      	mov	r1, ip
20000906:	6019      	str	r1, [r3, #0]
20000908:	e7c3      	b.n	20000892 <main+0x6fe>
2000090a:	2618      	movs	r6, #24
2000090c:	a958      	add	r1, sp, #352	@ 0x160
2000090e:	1989      	adds	r1, r1, r6
20000910:	554b      	strb	r3, [r1, r5]
20000912:	2120      	movs	r1, #32
20000914:	69a3      	ldr	r3, [r4, #24]
20000916:	4219      	tst	r1, r3
20000918:	d1fc      	bne.n	20000914 <main+0x780>
2000091a:	0005      	movs	r5, r0
2000091c:	6022      	str	r2, [r4, #0]
2000091e:	e738      	b.n	20000792 <main+0x5fe>
20000920:	464b      	mov	r3, r9
20000922:	2b00      	cmp	r3, #0
20000924:	d100      	bne.n	20000928 <main+0x794>
20000926:	e76c      	b.n	20000802 <main+0x66e>
20000928:	2100      	movs	r1, #0
2000092a:	2672      	movs	r6, #114	@ 0x72
2000092c:	2220      	movs	r2, #32
2000092e:	250d      	movs	r5, #13
20000930:	9824      	ldr	r0, [sp, #144]	@ 0x90
20000932:	4b47      	ldr	r3, [pc, #284]	@ (20000a50 <main+0x8bc>)
20000934:	2900      	cmp	r1, #0
20000936:	d112      	bne.n	2000095e <main+0x7ca>
20000938:	9902      	ldr	r1, [sp, #8]
2000093a:	428e      	cmp	r6, r1
2000093c:	d016      	beq.n	2000096c <main+0x7d8>
2000093e:	6999      	ldr	r1, [r3, #24]
20000940:	420a      	tst	r2, r1
20000942:	d1fc      	bne.n	2000093e <main+0x7aa>
20000944:	601e      	str	r6, [r3, #0]
20000946:	7801      	ldrb	r1, [r0, #0]
20000948:	3001      	adds	r0, #1
2000094a:	390d      	subs	r1, #13
2000094c:	424e      	negs	r6, r1
2000094e:	4171      	adcs	r1, r6
20000950:	7806      	ldrb	r6, [r0, #0]
20000952:	b2c9      	uxtb	r1, r1
20000954:	2e00      	cmp	r6, #0
20000956:	d100      	bne.n	2000095a <main+0x7c6>
20000958:	e73f      	b.n	200007da <main+0x646>
2000095a:	2900      	cmp	r1, #0
2000095c:	d0ec      	beq.n	20000938 <main+0x7a4>
2000095e:	6999      	ldr	r1, [r3, #24]
20000960:	420a      	tst	r2, r1
20000962:	d0ef      	beq.n	20000944 <main+0x7b0>
20000964:	6999      	ldr	r1, [r3, #24]
20000966:	420a      	tst	r2, r1
20000968:	d1f9      	bne.n	2000095e <main+0x7ca>
2000096a:	e7eb      	b.n	20000944 <main+0x7b0>
2000096c:	6999      	ldr	r1, [r3, #24]
2000096e:	420a      	tst	r2, r1
20000970:	d1fc      	bne.n	2000096c <main+0x7d8>
20000972:	601d      	str	r5, [r3, #0]
20000974:	e7e3      	b.n	2000093e <main+0x7aa>
20000976:	f000 fdaf 	bl	200014d8 <sdc41_result_string>
2000097a:	9915      	ldr	r1, [sp, #84]	@ 0x54
2000097c:	0002      	movs	r2, r0
2000097e:	9806      	ldr	r0, [sp, #24]
20000980:	f7ff fbcc 	bl	2000011c <console_printf>
20000984:	e7ae      	b.n	200008e4 <main+0x750>
20000986:	464b      	mov	r3, r9
20000988:	2b00      	cmp	r3, #0
2000098a:	d000      	beq.n	2000098e <main+0x7fa>
2000098c:	e0d5      	b.n	20000b3a <main+0x9a6>
2000098e:	9b08      	ldr	r3, [sp, #32]
20000990:	781b      	ldrb	r3, [r3, #0]
20000992:	2b00      	cmp	r3, #0
20000994:	d100      	bne.n	20000998 <main+0x804>
20000996:	e132      	b.n	20000bfe <main+0xa6a>
20000998:	a85c      	add	r0, sp, #368	@ 0x170
2000099a:	f000 fe9d 	bl	200016d8 <sdc41_get_serial>
2000099e:	0005      	movs	r5, r0
200009a0:	2d00      	cmp	r5, #0
200009a2:	d100      	bne.n	200009a6 <main+0x812>
200009a4:	e1b0      	b.n	20000d08 <main+0xb74>
200009a6:	0028      	movs	r0, r5
200009a8:	f000 fd96 	bl	200014d8 <sdc41_result_string>
200009ac:	9939      	ldr	r1, [sp, #228]	@ 0xe4
200009ae:	0002      	movs	r2, r0
200009b0:	9806      	ldr	r0, [sp, #24]
200009b2:	f7ff fbb3 	bl	2000011c <console_printf>
200009b6:	e795      	b.n	200008e4 <main+0x750>
200009b8:	a85c      	add	r0, sp, #368	@ 0x170
200009ba:	f000 fe55 	bl	20001668 <sdc41_get_ready>
200009be:	2800      	cmp	r0, #0
200009c0:	d000      	beq.n	200009c4 <main+0x830>
200009c2:	e0b2      	b.n	20000b2a <main+0x996>
200009c4:	ab58      	add	r3, sp, #352	@ 0x160
200009c6:	7c1b      	ldrb	r3, [r3, #16]
200009c8:	991c      	ldr	r1, [sp, #112]	@ 0x70
200009ca:	2b00      	cmp	r3, #0
200009cc:	d000      	beq.n	200009d0 <main+0x83c>
200009ce:	991b      	ldr	r1, [sp, #108]	@ 0x6c
200009d0:	984b      	ldr	r0, [sp, #300]	@ 0x12c
200009d2:	f7ff fba3 	bl	2000011c <console_printf>
200009d6:	e785      	b.n	200008e4 <main+0x750>
200009d8:	6999      	ldr	r1, [r3, #24]
200009da:	420a      	tst	r2, r1
200009dc:	d100      	bne.n	200009e0 <main+0x84c>
200009de:	e6f2      	b.n	200007c6 <main+0x632>
200009e0:	6999      	ldr	r1, [r3, #24]
200009e2:	420a      	tst	r2, r1
200009e4:	d1f8      	bne.n	200009d8 <main+0x844>
200009e6:	e6ee      	b.n	200007c6 <main+0x632>
200009e8:	6999      	ldr	r1, [r3, #24]
200009ea:	420a      	tst	r2, r1
200009ec:	d1fc      	bne.n	200009e8 <main+0x854>
200009ee:	601d      	str	r5, [r3, #0]
200009f0:	e6e6      	b.n	200007c0 <main+0x62c>
200009f2:	464b      	mov	r3, r9
200009f4:	2b00      	cmp	r3, #0
200009f6:	d000      	beq.n	200009fa <main+0x866>
200009f8:	e117      	b.n	20000c2a <main+0xa96>
200009fa:	9b08      	ldr	r3, [sp, #32]
200009fc:	781d      	ldrb	r5, [r3, #0]
200009fe:	2d00      	cmp	r5, #0
20000a00:	d100      	bne.n	20000a04 <main+0x870>
20000a02:	e278      	b.n	20000ef6 <main+0xd62>
20000a04:	9b04      	ldr	r3, [sp, #16]
20000a06:	2100      	movs	r1, #0
20000a08:	2202      	movs	r2, #2
20000a0a:	5e9b      	ldrsh	r3, [r3, r2]
20000a0c:	46ac      	mov	ip, r5
20000a0e:	469a      	mov	sl, r3
20000a10:	2220      	movs	r2, #32
20000a12:	46d3      	mov	fp, sl
20000a14:	983c      	ldr	r0, [sp, #240]	@ 0xf0
20000a16:	4b0e      	ldr	r3, [pc, #56]	@ (20000a50 <main+0x8bc>)
20000a18:	7805      	ldrb	r5, [r0, #0]
20000a1a:	2d00      	cmp	r5, #0
20000a1c:	d100      	bne.n	20000a20 <main+0x88c>
20000a1e:	e129      	b.n	20000c74 <main+0xae0>
20000a20:	2900      	cmp	r1, #0
20000a22:	d00c      	beq.n	20000a3e <main+0x8aa>
20000a24:	465e      	mov	r6, fp
20000a26:	6999      	ldr	r1, [r3, #24]
20000a28:	420a      	tst	r2, r1
20000a2a:	d1fc      	bne.n	20000a26 <main+0x892>
20000a2c:	601d      	str	r5, [r3, #0]
20000a2e:	7801      	ldrb	r1, [r0, #0]
20000a30:	46b3      	mov	fp, r6
20000a32:	390d      	subs	r1, #13
20000a34:	424d      	negs	r5, r1
20000a36:	4169      	adcs	r1, r5
20000a38:	3001      	adds	r0, #1
20000a3a:	b2c9      	uxtb	r1, r1
20000a3c:	e7ec      	b.n	20000a18 <main+0x884>
20000a3e:	465e      	mov	r6, fp
20000a40:	45ab      	cmp	fp, r5
20000a42:	d100      	bne.n	20000a46 <main+0x8b2>
20000a44:	e0a0      	b.n	20000b88 <main+0x9f4>
20000a46:	6999      	ldr	r1, [r3, #24]
20000a48:	420a      	tst	r2, r1
20000a4a:	d1fc      	bne.n	20000a46 <main+0x8b2>
20000a4c:	e7ee      	b.n	20000a2c <main+0x898>
20000a4e:	46c0      	nop			@ (mov r8, r8)
20000a50:	40038000 	.word	0x40038000
20000a54:	9825      	ldr	r0, [sp, #148]	@ 0x94
20000a56:	2673      	movs	r6, #115	@ 0x73
20000a58:	4684      	mov	ip, r0
20000a5a:	2100      	movs	r1, #0
20000a5c:	0030      	movs	r0, r6
20000a5e:	2220      	movs	r2, #32
20000a60:	250d      	movs	r5, #13
20000a62:	4666      	mov	r6, ip
20000a64:	4bb7      	ldr	r3, [pc, #732]	@ (20000d44 <main+0xbb0>)
20000a66:	2900      	cmp	r1, #0
20000a68:	d11e      	bne.n	20000aa8 <main+0x914>
20000a6a:	9902      	ldr	r1, [sp, #8]
20000a6c:	4288      	cmp	r0, r1
20000a6e:	d022      	beq.n	20000ab6 <main+0x922>
20000a70:	6999      	ldr	r1, [r3, #24]
20000a72:	420a      	tst	r2, r1
20000a74:	d1fc      	bne.n	20000a70 <main+0x8dc>
20000a76:	6018      	str	r0, [r3, #0]
20000a78:	7831      	ldrb	r1, [r6, #0]
20000a7a:	3601      	adds	r6, #1
20000a7c:	390d      	subs	r1, #13
20000a7e:	4248      	negs	r0, r1
20000a80:	4141      	adcs	r1, r0
20000a82:	7830      	ldrb	r0, [r6, #0]
20000a84:	b2c9      	uxtb	r1, r1
20000a86:	2800      	cmp	r0, #0
20000a88:	d1ed      	bne.n	20000a66 <main+0x8d2>
20000a8a:	f000 fd65 	bl	20001558 <sdc41_measure_single_shot>
20000a8e:	2800      	cmp	r0, #0
20000a90:	d000      	beq.n	20000a94 <main+0x900>
20000a92:	e770      	b.n	20000976 <main+0x7e2>
20000a94:	980c      	ldr	r0, [sp, #48]	@ 0x30
20000a96:	f000 fd7f 	bl	20001598 <sdc41_read_measurement>
20000a9a:	2800      	cmp	r0, #0
20000a9c:	d000      	beq.n	20000aa0 <main+0x90c>
20000a9e:	e76a      	b.n	20000976 <main+0x7e2>
20000aa0:	2301      	movs	r3, #1
20000aa2:	9a13      	ldr	r2, [sp, #76]	@ 0x4c
20000aa4:	7013      	strb	r3, [r2, #0]
20000aa6:	e6c4      	b.n	20000832 <main+0x69e>
20000aa8:	6999      	ldr	r1, [r3, #24]
20000aaa:	420a      	tst	r2, r1
20000aac:	d0e3      	beq.n	20000a76 <main+0x8e2>
20000aae:	6999      	ldr	r1, [r3, #24]
20000ab0:	420a      	tst	r2, r1
20000ab2:	d1f9      	bne.n	20000aa8 <main+0x914>
20000ab4:	e7df      	b.n	20000a76 <main+0x8e2>
20000ab6:	6999      	ldr	r1, [r3, #24]
20000ab8:	420a      	tst	r2, r1
20000aba:	d1fc      	bne.n	20000ab6 <main+0x922>
20000abc:	601d      	str	r5, [r3, #0]
20000abe:	e7d7      	b.n	20000a70 <main+0x8dc>
20000ac0:	464b      	mov	r3, r9
20000ac2:	2b00      	cmp	r3, #0
20000ac4:	d100      	bne.n	20000ac8 <main+0x934>
20000ac6:	e129      	b.n	20000d1c <main+0xb88>
20000ac8:	4658      	mov	r0, fp
20000aca:	9916      	ldr	r1, [sp, #88]	@ 0x58
20000acc:	f005 ff54 	bl	20006978 <strcmp>
20000ad0:	1e05      	subs	r5, r0, #0
20000ad2:	d006      	beq.n	20000ae2 <main+0x94e>
20000ad4:	4658      	mov	r0, fp
20000ad6:	9917      	ldr	r1, [sp, #92]	@ 0x5c
20000ad8:	f005 ff4e 	bl	20006978 <strcmp>
20000adc:	2800      	cmp	r0, #0
20000ade:	d000      	beq.n	20000ae2 <main+0x94e>
20000ae0:	e18a      	b.n	20000df8 <main+0xc64>
20000ae2:	9b08      	ldr	r3, [sp, #32]
20000ae4:	781e      	ldrb	r6, [r3, #0]
20000ae6:	2e00      	cmp	r6, #0
20000ae8:	d100      	bne.n	20000aec <main+0x958>
20000aea:	e123      	b.n	20000d34 <main+0xba0>
20000aec:	426b      	negs	r3, r5
20000aee:	415d      	adcs	r5, r3
20000af0:	2300      	movs	r3, #0
20000af2:	aa58      	add	r2, sp, #352	@ 0x160
20000af4:	b2ed      	uxtb	r5, r5
20000af6:	0028      	movs	r0, r5
20000af8:	7413      	strb	r3, [r2, #16]
20000afa:	f000 fea3 	bl	20001844 <sdc41_set_asc>
20000afe:	4682      	mov	sl, r0
20000b00:	2e00      	cmp	r6, #0
20000b02:	d100      	bne.n	20000b06 <main+0x972>
20000b04:	e282      	b.n	2000100c <main+0xe78>
20000b06:	4653      	mov	r3, sl
20000b08:	2b00      	cmp	r3, #0
20000b0a:	d100      	bne.n	20000b0e <main+0x97a>
20000b0c:	e1f9      	b.n	20000f02 <main+0xd6e>
20000b0e:	464b      	mov	r3, r9
20000b10:	9d38      	ldr	r5, [sp, #224]	@ 0xe0
20000b12:	2b00      	cmp	r3, #0
20000b14:	d000      	beq.n	20000b18 <main+0x984>
20000b16:	9d37      	ldr	r5, [sp, #220]	@ 0xdc
20000b18:	4650      	mov	r0, sl
20000b1a:	f000 fcdd 	bl	200014d8 <sdc41_result_string>
20000b1e:	0029      	movs	r1, r5
20000b20:	0002      	movs	r2, r0
20000b22:	9806      	ldr	r0, [sp, #24]
20000b24:	f7ff fafa 	bl	2000011c <console_printf>
20000b28:	e6dc      	b.n	200008e4 <main+0x750>
20000b2a:	f000 fcd5 	bl	200014d8 <sdc41_result_string>
20000b2e:	9940      	ldr	r1, [sp, #256]	@ 0x100
20000b30:	0002      	movs	r2, r0
20000b32:	9806      	ldr	r0, [sp, #24]
20000b34:	f7ff faf2 	bl	2000011c <console_printf>
20000b38:	e6d4      	b.n	200008e4 <main+0x750>
20000b3a:	2100      	movs	r1, #0
20000b3c:	2672      	movs	r6, #114	@ 0x72
20000b3e:	2220      	movs	r2, #32
20000b40:	250d      	movs	r5, #13
20000b42:	984c      	ldr	r0, [sp, #304]	@ 0x130
20000b44:	4b7f      	ldr	r3, [pc, #508]	@ (20000d44 <main+0xbb0>)
20000b46:	2900      	cmp	r1, #0
20000b48:	d112      	bne.n	20000b70 <main+0x9dc>
20000b4a:	9902      	ldr	r1, [sp, #8]
20000b4c:	428e      	cmp	r6, r1
20000b4e:	d016      	beq.n	20000b7e <main+0x9ea>
20000b50:	6999      	ldr	r1, [r3, #24]
20000b52:	420a      	tst	r2, r1
20000b54:	d1fc      	bne.n	20000b50 <main+0x9bc>
20000b56:	601e      	str	r6, [r3, #0]
20000b58:	7801      	ldrb	r1, [r0, #0]
20000b5a:	3001      	adds	r0, #1
20000b5c:	390d      	subs	r1, #13
20000b5e:	424e      	negs	r6, r1
20000b60:	4171      	adcs	r1, r6
20000b62:	7806      	ldrb	r6, [r0, #0]
20000b64:	b2c9      	uxtb	r1, r1
20000b66:	2e00      	cmp	r6, #0
20000b68:	d100      	bne.n	20000b6c <main+0x9d8>
20000b6a:	e6bb      	b.n	200008e4 <main+0x750>
20000b6c:	2900      	cmp	r1, #0
20000b6e:	d0ec      	beq.n	20000b4a <main+0x9b6>
20000b70:	6999      	ldr	r1, [r3, #24]
20000b72:	420a      	tst	r2, r1
20000b74:	d0ef      	beq.n	20000b56 <main+0x9c2>
20000b76:	6999      	ldr	r1, [r3, #24]
20000b78:	420a      	tst	r2, r1
20000b7a:	d1f9      	bne.n	20000b70 <main+0x9dc>
20000b7c:	e7eb      	b.n	20000b56 <main+0x9c2>
20000b7e:	6999      	ldr	r1, [r3, #24]
20000b80:	420a      	tst	r2, r1
20000b82:	d1fc      	bne.n	20000b7e <main+0x9ea>
20000b84:	601d      	str	r5, [r3, #0]
20000b86:	e7e3      	b.n	20000b50 <main+0x9bc>
20000b88:	496e      	ldr	r1, [pc, #440]	@ (20000d44 <main+0xbb0>)
20000b8a:	9002      	str	r0, [sp, #8]
20000b8c:	4689      	mov	r9, r1
20000b8e:	2120      	movs	r1, #32
20000b90:	468a      	mov	sl, r1
20000b92:	4649      	mov	r1, r9
20000b94:	4650      	mov	r0, sl
20000b96:	6989      	ldr	r1, [r1, #24]
20000b98:	4208      	tst	r0, r1
20000b9a:	d1fa      	bne.n	20000b92 <main+0x9fe>
20000b9c:	46b3      	mov	fp, r6
20000b9e:	210d      	movs	r1, #13
20000ba0:	464e      	mov	r6, r9
20000ba2:	9802      	ldr	r0, [sp, #8]
20000ba4:	6031      	str	r1, [r6, #0]
20000ba6:	465e      	mov	r6, fp
20000ba8:	e74d      	b.n	20000a46 <main+0x8b2>
20000baa:	ab58      	add	r3, sp, #352	@ 0x160
20000bac:	81d8      	strh	r0, [r3, #14]
20000bae:	464b      	mov	r3, r9
20000bb0:	2b00      	cmp	r3, #0
20000bb2:	d100      	bne.n	20000bb6 <main+0xa22>
20000bb4:	e08f      	b.n	20000cd6 <main+0xb42>
20000bb6:	4643      	mov	r3, r8
20000bb8:	464a      	mov	r2, r9
20000bba:	5c9b      	ldrb	r3, [r3, r2]
20000bbc:	071b      	lsls	r3, r3, #28
20000bbe:	d400      	bmi.n	20000bc2 <main+0xa2e>
20000bc0:	e13c      	b.n	20000e3c <main+0xca8>
20000bc2:	2120      	movs	r1, #32
20000bc4:	2200      	movs	r2, #0
20000bc6:	468b      	mov	fp, r1
20000bc8:	9b04      	ldr	r3, [sp, #16]
20000bca:	9851      	ldr	r0, [sp, #324]	@ 0x144
20000bcc:	2502      	movs	r5, #2
20000bce:	5f5d      	ldrsh	r5, [r3, r5]
20000bd0:	4b5c      	ldr	r3, [pc, #368]	@ (20000d44 <main+0xbb0>)
20000bd2:	7806      	ldrb	r6, [r0, #0]
20000bd4:	2e00      	cmp	r6, #0
20000bd6:	d100      	bne.n	20000bda <main+0xa46>
20000bd8:	e684      	b.n	200008e4 <main+0x750>
20000bda:	2a00      	cmp	r2, #0
20000bdc:	d000      	beq.n	20000be0 <main+0xa4c>
20000bde:	e0f8      	b.n	20000dd2 <main+0xc3e>
20000be0:	42b5      	cmp	r5, r6
20000be2:	d100      	bne.n	20000be6 <main+0xa52>
20000be4:	e3a0      	b.n	20001328 <main+0x1194>
20000be6:	4659      	mov	r1, fp
20000be8:	699a      	ldr	r2, [r3, #24]
20000bea:	420a      	tst	r2, r1
20000bec:	d1fb      	bne.n	20000be6 <main+0xa52>
20000bee:	601e      	str	r6, [r3, #0]
20000bf0:	7802      	ldrb	r2, [r0, #0]
20000bf2:	3001      	adds	r0, #1
20000bf4:	3a0d      	subs	r2, #13
20000bf6:	4256      	negs	r6, r2
20000bf8:	4172      	adcs	r2, r6
20000bfa:	b2d2      	uxtb	r2, r2
20000bfc:	e7e9      	b.n	20000bd2 <main+0xa3e>
20000bfe:	f000 fc8d 	bl	2000151c <sdc41_stop_periodic>
20000c02:	2800      	cmp	r0, #0
20000c04:	d000      	beq.n	20000c08 <main+0xa74>
20000c06:	e0d2      	b.n	20000dae <main+0xc1a>
20000c08:	a85c      	add	r0, sp, #368	@ 0x170
20000c0a:	f000 fd65 	bl	200016d8 <sdc41_get_serial>
20000c0e:	0005      	movs	r5, r0
20000c10:	f000 fc6e 	bl	200014f0 <sdc41_start_periodic>
20000c14:	2800      	cmp	r0, #0
20000c16:	d100      	bne.n	20000c1a <main+0xa86>
20000c18:	e6c2      	b.n	200009a0 <main+0x80c>
20000c1a:	f000 fc5d 	bl	200014d8 <sdc41_result_string>
20000c1e:	990f      	ldr	r1, [sp, #60]	@ 0x3c
20000c20:	0002      	movs	r2, r0
20000c22:	9806      	ldr	r0, [sp, #24]
20000c24:	f7ff fa7a 	bl	2000011c <console_printf>
20000c28:	e6ba      	b.n	200009a0 <main+0x80c>
20000c2a:	2672      	movs	r6, #114	@ 0x72
20000c2c:	2100      	movs	r1, #0
20000c2e:	2220      	movs	r2, #32
20000c30:	250d      	movs	r5, #13
20000c32:	983b      	ldr	r0, [sp, #236]	@ 0xec
20000c34:	4b43      	ldr	r3, [pc, #268]	@ (20000d44 <main+0xbb0>)
20000c36:	2900      	cmp	r1, #0
20000c38:	d110      	bne.n	20000c5c <main+0xac8>
20000c3a:	9902      	ldr	r1, [sp, #8]
20000c3c:	428e      	cmp	r6, r1
20000c3e:	d014      	beq.n	20000c6a <main+0xad6>
20000c40:	6999      	ldr	r1, [r3, #24]
20000c42:	420a      	tst	r2, r1
20000c44:	d1fc      	bne.n	20000c40 <main+0xaac>
20000c46:	601e      	str	r6, [r3, #0]
20000c48:	7801      	ldrb	r1, [r0, #0]
20000c4a:	3001      	adds	r0, #1
20000c4c:	390d      	subs	r1, #13
20000c4e:	424e      	negs	r6, r1
20000c50:	4171      	adcs	r1, r6
20000c52:	7806      	ldrb	r6, [r0, #0]
20000c54:	b2c9      	uxtb	r1, r1
20000c56:	2e00      	cmp	r6, #0
20000c58:	d1ed      	bne.n	20000c36 <main+0xaa2>
20000c5a:	e643      	b.n	200008e4 <main+0x750>
20000c5c:	6999      	ldr	r1, [r3, #24]
20000c5e:	420a      	tst	r2, r1
20000c60:	d0f1      	beq.n	20000c46 <main+0xab2>
20000c62:	6999      	ldr	r1, [r3, #24]
20000c64:	420a      	tst	r2, r1
20000c66:	d1f9      	bne.n	20000c5c <main+0xac8>
20000c68:	e7ed      	b.n	20000c46 <main+0xab2>
20000c6a:	6999      	ldr	r1, [r3, #24]
20000c6c:	420a      	tst	r2, r1
20000c6e:	d1fc      	bne.n	20000c6a <main+0xad6>
20000c70:	601d      	str	r5, [r3, #0]
20000c72:	e7e5      	b.n	20000c40 <main+0xaac>
20000c74:	a85c      	add	r0, sp, #368	@ 0x170
20000c76:	4665      	mov	r5, ip
20000c78:	f000 fd6c 	bl	20001754 <sdc41_self_test>
20000c7c:	0006      	movs	r6, r0
20000c7e:	2d00      	cmp	r5, #0
20000c80:	d100      	bne.n	20000c84 <main+0xaf0>
20000c82:	e082      	b.n	20000d8a <main+0xbf6>
20000c84:	2e00      	cmp	r6, #0
20000c86:	d000      	beq.n	20000c8a <main+0xaf6>
20000c88:	e097      	b.n	20000dba <main+0xc26>
20000c8a:	ab58      	add	r3, sp, #352	@ 0x160
20000c8c:	8a1b      	ldrh	r3, [r3, #16]
20000c8e:	9934      	ldr	r1, [sp, #208]	@ 0xd0
20000c90:	9a0a      	ldr	r2, [sp, #40]	@ 0x28
20000c92:	2b00      	cmp	r3, #0
20000c94:	d001      	beq.n	20000c9a <main+0xb06>
20000c96:	9935      	ldr	r1, [sp, #212]	@ 0xd4
20000c98:	9a36      	ldr	r2, [sp, #216]	@ 0xd8
20000c9a:	9848      	ldr	r0, [sp, #288]	@ 0x120
20000c9c:	e670      	b.n	20000980 <main+0x7ec>
20000c9e:	464b      	mov	r3, r9
20000ca0:	2b00      	cmp	r3, #0
20000ca2:	d151      	bne.n	20000d48 <main+0xbb4>
20000ca4:	464a      	mov	r2, r9
20000ca6:	ab58      	add	r3, sp, #352	@ 0x160
20000ca8:	821a      	strh	r2, [r3, #16]
20000caa:	9b08      	ldr	r3, [sp, #32]
20000cac:	781d      	ldrb	r5, [r3, #0]
20000cae:	2d00      	cmp	r5, #0
20000cb0:	d100      	bne.n	20000cb4 <main+0xb20>
20000cb2:	e355      	b.n	20001360 <main+0x11cc>
20000cb4:	a85c      	add	r0, sp, #368	@ 0x170
20000cb6:	f000 fe3b 	bl	20001930 <sdc41_get_altitude>
20000cba:	0006      	movs	r6, r0
20000cbc:	2d00      	cmp	r5, #0
20000cbe:	d100      	bne.n	20000cc2 <main+0xb2e>
20000cc0:	e341      	b.n	20001346 <main+0x11b2>
20000cc2:	2e00      	cmp	r6, #0
20000cc4:	d100      	bne.n	20000cc8 <main+0xb34>
20000cc6:	e1ae      	b.n	20001026 <main+0xe92>
20000cc8:	464b      	mov	r3, r9
20000cca:	9d50      	ldr	r5, [sp, #320]	@ 0x140
20000ccc:	2b00      	cmp	r3, #0
20000cce:	d000      	beq.n	20000cd2 <main+0xb3e>
20000cd0:	9d4f      	ldr	r5, [sp, #316]	@ 0x13c
20000cd2:	0030      	movs	r0, r6
20000cd4:	e721      	b.n	20000b1a <main+0x986>
20000cd6:	9b08      	ldr	r3, [sp, #32]
20000cd8:	781d      	ldrb	r5, [r3, #0]
20000cda:	2d00      	cmp	r5, #0
20000cdc:	d062      	beq.n	20000da4 <main+0xc10>
20000cde:	aa58      	add	r2, sp, #352	@ 0x160
20000ce0:	4694      	mov	ip, r2
20000ce2:	230e      	movs	r3, #14
20000ce4:	4463      	add	r3, ip
20000ce6:	0018      	movs	r0, r3
20000ce8:	f000 fdcc 	bl	20001884 <sdc41_get_offset_raw>
20000cec:	0006      	movs	r6, r0
20000cee:	2d00      	cmp	r5, #0
20000cf0:	d100      	bne.n	20000cf4 <main+0xb60>
20000cf2:	e1f6      	b.n	200010e2 <main+0xf4e>
20000cf4:	2e00      	cmp	r6, #0
20000cf6:	d100      	bne.n	20000cfa <main+0xb66>
20000cf8:	e1aa      	b.n	20001050 <main+0xebc>
20000cfa:	464b      	mov	r3, r9
20000cfc:	9d46      	ldr	r5, [sp, #280]	@ 0x118
20000cfe:	2b00      	cmp	r3, #0
20000d00:	d0e7      	beq.n	20000cd2 <main+0xb3e>
20000d02:	0030      	movs	r0, r6
20000d04:	9d45      	ldr	r5, [sp, #276]	@ 0x114
20000d06:	e708      	b.n	20000b1a <main+0x986>
20000d08:	ab58      	add	r3, sp, #352	@ 0x160
20000d0a:	aa58      	add	r2, sp, #352	@ 0x160
20000d0c:	a958      	add	r1, sp, #352	@ 0x160
20000d0e:	8a9b      	ldrh	r3, [r3, #20]
20000d10:	8a52      	ldrh	r2, [r2, #18]
20000d12:	8a09      	ldrh	r1, [r1, #16]
20000d14:	983a      	ldr	r0, [sp, #232]	@ 0xe8
20000d16:	f7ff fa01 	bl	2000011c <console_printf>
20000d1a:	e5e3      	b.n	200008e4 <main+0x750>
20000d1c:	9b08      	ldr	r3, [sp, #32]
20000d1e:	781e      	ldrb	r6, [r3, #0]
20000d20:	2e00      	cmp	r6, #0
20000d22:	d064      	beq.n	20000dee <main+0xc5a>
20000d24:	2500      	movs	r5, #0
20000d26:	ab58      	add	r3, sp, #352	@ 0x160
20000d28:	741d      	strb	r5, [r3, #16]
20000d2a:	a85c      	add	r0, sp, #368	@ 0x170
20000d2c:	f000 fd4a 	bl	200017c4 <sdc41_get_asc>
20000d30:	4682      	mov	sl, r0
20000d32:	e6e5      	b.n	20000b00 <main+0x96c>
20000d34:	f000 fbf2 	bl	2000151c <sdc41_stop_periodic>
20000d38:	1e06      	subs	r6, r0, #0
20000d3a:	d100      	bne.n	20000d3e <main+0xbaa>
20000d3c:	e6d6      	b.n	20000aec <main+0x958>
20000d3e:	0030      	movs	r0, r6
20000d40:	e035      	b.n	20000dae <main+0xc1a>
20000d42:	46c0      	nop			@ (mov r8, r8)
20000d44:	40038000 	.word	0x40038000
20000d48:	4643      	mov	r3, r8
20000d4a:	464a      	mov	r2, r9
20000d4c:	5c9b      	ldrb	r3, [r3, r2]
20000d4e:	071b      	lsls	r3, r3, #28
20000d50:	d500      	bpl.n	20000d54 <main+0xbc0>
20000d52:	e1d3      	b.n	200010fc <main+0xf68>
20000d54:	220a      	movs	r2, #10
20000d56:	4658      	mov	r0, fp
20000d58:	a95c      	add	r1, sp, #368	@ 0x170
20000d5a:	f006 ff0d 	bl	20007b78 <strtol>
20000d5e:	9b5c      	ldr	r3, [sp, #368]	@ 0x170
20000d60:	781b      	ldrb	r3, [r3, #0]
20000d62:	2b00      	cmp	r3, #0
20000d64:	d000      	beq.n	20000d68 <main+0xbd4>
20000d66:	e1c9      	b.n	200010fc <main+0xf68>
20000d68:	4bb3      	ldr	r3, [pc, #716]	@ (20001038 <main+0xea4>)
20000d6a:	4298      	cmp	r0, r3
20000d6c:	d900      	bls.n	20000d70 <main+0xbdc>
20000d6e:	e1c5      	b.n	200010fc <main+0xf68>
20000d70:	ab58      	add	r3, sp, #352	@ 0x160
20000d72:	8218      	strh	r0, [r3, #16]
20000d74:	9b08      	ldr	r3, [sp, #32]
20000d76:	781d      	ldrb	r5, [r3, #0]
20000d78:	2d00      	cmp	r5, #0
20000d7a:	d100      	bne.n	20000d7e <main+0xbea>
20000d7c:	e392      	b.n	200014a4 <main+0x1310>
20000d7e:	ab58      	add	r3, sp, #352	@ 0x160
20000d80:	8a18      	ldrh	r0, [r3, #16]
20000d82:	f000 fe0b 	bl	2000199c <sdc41_set_altitude>
20000d86:	0006      	movs	r6, r0
20000d88:	e798      	b.n	20000cbc <main+0xb28>
20000d8a:	f000 fbb1 	bl	200014f0 <sdc41_start_periodic>
20000d8e:	2800      	cmp	r0, #0
20000d90:	d100      	bne.n	20000d94 <main+0xc00>
20000d92:	e777      	b.n	20000c84 <main+0xaf0>
20000d94:	f000 fba0 	bl	200014d8 <sdc41_result_string>
20000d98:	990f      	ldr	r1, [sp, #60]	@ 0x3c
20000d9a:	0002      	movs	r2, r0
20000d9c:	9806      	ldr	r0, [sp, #24]
20000d9e:	f7ff f9bd 	bl	2000011c <console_printf>
20000da2:	e76f      	b.n	20000c84 <main+0xaf0>
20000da4:	f000 fbba 	bl	2000151c <sdc41_stop_periodic>
20000da8:	1e05      	subs	r5, r0, #0
20000daa:	d098      	beq.n	20000cde <main+0xb4a>
20000dac:	0028      	movs	r0, r5
20000dae:	f000 fb93 	bl	200014d8 <sdc41_result_string>
20000db2:	990e      	ldr	r1, [sp, #56]	@ 0x38
20000db4:	0002      	movs	r2, r0
20000db6:	9806      	ldr	r0, [sp, #24]
20000db8:	e5e2      	b.n	20000980 <main+0x7ec>
20000dba:	0030      	movs	r0, r6
20000dbc:	f000 fb8c 	bl	200014d8 <sdc41_result_string>
20000dc0:	9947      	ldr	r1, [sp, #284]	@ 0x11c
20000dc2:	0002      	movs	r2, r0
20000dc4:	9806      	ldr	r0, [sp, #24]
20000dc6:	f7ff f9a9 	bl	2000011c <console_printf>
20000dca:	e58b      	b.n	200008e4 <main+0x750>
20000dcc:	0029      	movs	r1, r5
20000dce:	9844      	ldr	r0, [sp, #272]	@ 0x110
20000dd0:	e5ff      	b.n	200009d2 <main+0x83e>
20000dd2:	4659      	mov	r1, fp
20000dd4:	699a      	ldr	r2, [r3, #24]
20000dd6:	420a      	tst	r2, r1
20000dd8:	d1fb      	bne.n	20000dd2 <main+0xc3e>
20000dda:	e708      	b.n	20000bee <main+0xa5a>
20000ddc:	6993      	ldr	r3, [r2, #24]
20000dde:	420b      	tst	r3, r1
20000de0:	d1fc      	bne.n	20000ddc <main+0xc48>
20000de2:	e4b3      	b.n	2000074c <main+0x5b8>
20000de4:	6993      	ldr	r3, [r2, #24]
20000de6:	420b      	tst	r3, r1
20000de8:	d1fc      	bne.n	20000de4 <main+0xc50>
20000dea:	6016      	str	r6, [r2, #0]
20000dec:	e4ab      	b.n	20000746 <main+0x5b2>
20000dee:	f000 fb95 	bl	2000151c <sdc41_stop_periodic>
20000df2:	1e06      	subs	r6, r0, #0
20000df4:	d096      	beq.n	20000d24 <main+0xb90>
20000df6:	e7a2      	b.n	20000d3e <main+0xbaa>
20000df8:	4653      	mov	r3, sl
20000dfa:	2120      	movs	r1, #32
20000dfc:	250d      	movs	r5, #13
20000dfe:	9849      	ldr	r0, [sp, #292]	@ 0x124
20000e00:	4a8e      	ldr	r2, [pc, #568]	@ (2000103c <main+0xea8>)
20000e02:	7806      	ldrb	r6, [r0, #0]
20000e04:	2e00      	cmp	r6, #0
20000e06:	d100      	bne.n	20000e0a <main+0xc76>
20000e08:	e56c      	b.n	200008e4 <main+0x750>
20000e0a:	2b00      	cmp	r3, #0
20000e0c:	d10d      	bne.n	20000e2a <main+0xc96>
20000e0e:	9b02      	ldr	r3, [sp, #8]
20000e10:	429e      	cmp	r6, r3
20000e12:	d00e      	beq.n	20000e32 <main+0xc9e>
20000e14:	6993      	ldr	r3, [r2, #24]
20000e16:	420b      	tst	r3, r1
20000e18:	d1fc      	bne.n	20000e14 <main+0xc80>
20000e1a:	6016      	str	r6, [r2, #0]
20000e1c:	7803      	ldrb	r3, [r0, #0]
20000e1e:	3001      	adds	r0, #1
20000e20:	3b0d      	subs	r3, #13
20000e22:	425e      	negs	r6, r3
20000e24:	4173      	adcs	r3, r6
20000e26:	b2db      	uxtb	r3, r3
20000e28:	e7eb      	b.n	20000e02 <main+0xc6e>
20000e2a:	6993      	ldr	r3, [r2, #24]
20000e2c:	420b      	tst	r3, r1
20000e2e:	d1fc      	bne.n	20000e2a <main+0xc96>
20000e30:	e7f3      	b.n	20000e1a <main+0xc86>
20000e32:	6993      	ldr	r3, [r2, #24]
20000e34:	420b      	tst	r3, r1
20000e36:	d1fc      	bne.n	20000e32 <main+0xc9e>
20000e38:	6015      	str	r5, [r2, #0]
20000e3a:	e7eb      	b.n	20000e14 <main+0xc80>
20000e3c:	4658      	mov	r0, fp
20000e3e:	a95c      	add	r1, sp, #368	@ 0x170
20000e40:	f005 fcc6 	bl	200067d0 <strtod>
20000e44:	9b5c      	ldr	r3, [sp, #368]	@ 0x170
20000e46:	0005      	movs	r5, r0
20000e48:	781b      	ldrb	r3, [r3, #0]
20000e4a:	000e      	movs	r6, r1
20000e4c:	2b00      	cmp	r3, #0
20000e4e:	d000      	beq.n	20000e52 <main+0xcbe>
20000e50:	e6b7      	b.n	20000bc2 <main+0xa2e>
20000e52:	2200      	movs	r2, #0
20000e54:	2300      	movs	r3, #0
20000e56:	f002 f999 	bl	2000318c <__wrap___aeabi_dcmplt>
20000e5a:	2800      	cmp	r0, #0
20000e5c:	d000      	beq.n	20000e60 <main+0xccc>
20000e5e:	e6b0      	b.n	20000bc2 <main+0xa2e>
20000e60:	2200      	movs	r2, #0
20000e62:	0028      	movs	r0, r5
20000e64:	0031      	movs	r1, r6
20000e66:	4b76      	ldr	r3, [pc, #472]	@ (20001040 <main+0xeac>)
20000e68:	f002 f9a6 	bl	200031b8 <__wrap___aeabi_dcmpgt>
20000e6c:	2800      	cmp	r0, #0
20000e6e:	d000      	beq.n	20000e72 <main+0xcde>
20000e70:	e6a7      	b.n	20000bc2 <main+0xa2e>
20000e72:	2200      	movs	r2, #0
20000e74:	0028      	movs	r0, r5
20000e76:	4b73      	ldr	r3, [pc, #460]	@ (20001044 <main+0xeb0>)
20000e78:	0031      	movs	r1, r6
20000e7a:	f002 f93c 	bl	200030f6 <__wrap___aeabi_dmul>
20000e7e:	2200      	movs	r2, #0
20000e80:	4b71      	ldr	r3, [pc, #452]	@ (20001048 <main+0xeb4>)
20000e82:	f002 f91a 	bl	200030ba <__wrap___aeabi_ddiv>
20000e86:	4b71      	ldr	r3, [pc, #452]	@ (2000104c <main+0xeb8>)
20000e88:	2200      	movs	r2, #0
20000e8a:	f002 f90d 	bl	200030a8 <__wrap___aeabi_dadd>
20000e8e:	f002 f9e5 	bl	2000325c <__wrap___aeabi_d2uiz>
20000e92:	ab58      	add	r3, sp, #352	@ 0x160
20000e94:	81d8      	strh	r0, [r3, #14]
20000e96:	9b08      	ldr	r3, [sp, #32]
20000e98:	781d      	ldrb	r5, [r3, #0]
20000e9a:	2d00      	cmp	r5, #0
20000e9c:	d100      	bne.n	20000ea0 <main+0xd0c>
20000e9e:	e2a9      	b.n	200013f4 <main+0x1260>
20000ea0:	ab58      	add	r3, sp, #352	@ 0x160
20000ea2:	89d8      	ldrh	r0, [r3, #14]
20000ea4:	f000 fd24 	bl	200018f0 <sdc41_set_offset_raw>
20000ea8:	0006      	movs	r6, r0
20000eaa:	e720      	b.n	20000cee <main+0xb5a>
20000eac:	464b      	mov	r3, r9
20000eae:	2b00      	cmp	r3, #0
20000eb0:	d100      	bne.n	20000eb4 <main+0xd20>
20000eb2:	e296      	b.n	200013e2 <main+0x124e>
20000eb4:	4658      	mov	r0, fp
20000eb6:	9919      	ldr	r1, [sp, #100]	@ 0x64
20000eb8:	f005 fd5e 	bl	20006978 <strcmp>
20000ebc:	2800      	cmp	r0, #0
20000ebe:	d100      	bne.n	20000ec2 <main+0xd2e>
20000ec0:	e287      	b.n	200013d2 <main+0x123e>
20000ec2:	4658      	mov	r0, fp
20000ec4:	991a      	ldr	r1, [sp, #104]	@ 0x68
20000ec6:	f005 fd57 	bl	20006978 <strcmp>
20000eca:	2800      	cmp	r0, #0
20000ecc:	d000      	beq.n	20000ed0 <main+0xd3c>
20000ece:	e2bd      	b.n	2000144c <main+0x12b8>
20000ed0:	9b08      	ldr	r3, [sp, #32]
20000ed2:	781b      	ldrb	r3, [r3, #0]
20000ed4:	2b01      	cmp	r3, #1
20000ed6:	d100      	bne.n	20000eda <main+0xd46>
20000ed8:	e2b4      	b.n	20001444 <main+0x12b0>
20000eda:	f000 fb1f 	bl	2000151c <sdc41_stop_periodic>
20000ede:	2601      	movs	r6, #1
20000ee0:	0005      	movs	r5, r0
20000ee2:	2d00      	cmp	r5, #0
20000ee4:	d100      	bne.n	20000ee8 <main+0xd54>
20000ee6:	e241      	b.n	2000136c <main+0x11d8>
20000ee8:	0028      	movs	r0, r5
20000eea:	f000 faf5 	bl	200014d8 <sdc41_result_string>
20000eee:	991f      	ldr	r1, [sp, #124]	@ 0x7c
20000ef0:	0002      	movs	r2, r0
20000ef2:	9806      	ldr	r0, [sp, #24]
20000ef4:	e544      	b.n	20000980 <main+0x7ec>
20000ef6:	f000 fb11 	bl	2000151c <sdc41_stop_periodic>
20000efa:	2800      	cmp	r0, #0
20000efc:	d100      	bne.n	20000f00 <main+0xd6c>
20000efe:	e581      	b.n	20000a04 <main+0x870>
20000f00:	e755      	b.n	20000dae <main+0xc1a>
20000f02:	464b      	mov	r3, r9
20000f04:	991d      	ldr	r1, [sp, #116]	@ 0x74
20000f06:	2b00      	cmp	r3, #0
20000f08:	d102      	bne.n	20000f10 <main+0xd7c>
20000f0a:	ab58      	add	r3, sp, #352	@ 0x160
20000f0c:	7c1d      	ldrb	r5, [r3, #16]
20000f0e:	990a      	ldr	r1, [sp, #40]	@ 0x28
20000f10:	9a17      	ldr	r2, [sp, #92]	@ 0x5c
20000f12:	2d00      	cmp	r5, #0
20000f14:	d000      	beq.n	20000f18 <main+0xd84>
20000f16:	9a16      	ldr	r2, [sp, #88]	@ 0x58
20000f18:	984a      	ldr	r0, [sp, #296]	@ 0x128
20000f1a:	f7ff f8ff 	bl	2000011c <console_printf>
20000f1e:	e4e1      	b.n	200008e4 <main+0x750>
20000f20:	9b04      	ldr	r3, [sp, #16]
20000f22:	260d      	movs	r6, #13
20000f24:	2102      	movs	r1, #2
20000f26:	5e5b      	ldrsh	r3, [r3, r1]
20000f28:	2120      	movs	r1, #32
20000f2a:	9302      	str	r3, [sp, #8]
20000f2c:	982b      	ldr	r0, [sp, #172]	@ 0xac
20000f2e:	4b43      	ldr	r3, [pc, #268]	@ (2000103c <main+0xea8>)
20000f30:	7805      	ldrb	r5, [r0, #0]
20000f32:	2d00      	cmp	r5, #0
20000f34:	d101      	bne.n	20000f3a <main+0xda6>
20000f36:	f7ff fa31 	bl	2000039c <main+0x208>
20000f3a:	2a00      	cmp	r2, #0
20000f3c:	d10d      	bne.n	20000f5a <main+0xdc6>
20000f3e:	9a02      	ldr	r2, [sp, #8]
20000f40:	42aa      	cmp	r2, r5
20000f42:	d011      	beq.n	20000f68 <main+0xdd4>
20000f44:	699a      	ldr	r2, [r3, #24]
20000f46:	4211      	tst	r1, r2
20000f48:	d1fc      	bne.n	20000f44 <main+0xdb0>
20000f4a:	601d      	str	r5, [r3, #0]
20000f4c:	7802      	ldrb	r2, [r0, #0]
20000f4e:	3001      	adds	r0, #1
20000f50:	3a0d      	subs	r2, #13
20000f52:	4255      	negs	r5, r2
20000f54:	416a      	adcs	r2, r5
20000f56:	b2d2      	uxtb	r2, r2
20000f58:	e7ea      	b.n	20000f30 <main+0xd9c>
20000f5a:	699a      	ldr	r2, [r3, #24]
20000f5c:	4211      	tst	r1, r2
20000f5e:	d0f4      	beq.n	20000f4a <main+0xdb6>
20000f60:	699a      	ldr	r2, [r3, #24]
20000f62:	4211      	tst	r1, r2
20000f64:	d1f9      	bne.n	20000f5a <main+0xdc6>
20000f66:	e7f0      	b.n	20000f4a <main+0xdb6>
20000f68:	699a      	ldr	r2, [r3, #24]
20000f6a:	420a      	tst	r2, r1
20000f6c:	d1fc      	bne.n	20000f68 <main+0xdd4>
20000f6e:	601e      	str	r6, [r3, #0]
20000f70:	e7e8      	b.n	20000f44 <main+0xdb0>
20000f72:	464a      	mov	r2, r9
20000f74:	2a00      	cmp	r2, #0
20000f76:	d000      	beq.n	20000f7a <main+0xde6>
20000f78:	e1b0      	b.n	200012dc <main+0x1148>
20000f7a:	aa58      	add	r2, sp, #352	@ 0x160
20000f7c:	4694      	mov	ip, r2
20000f7e:	230e      	movs	r3, #14
20000f80:	4463      	add	r3, ip
20000f82:	0018      	movs	r0, r3
20000f84:	f000 fb70 	bl	20001668 <sdc41_get_ready>
20000f88:	9b08      	ldr	r3, [sp, #32]
20000f8a:	0005      	movs	r5, r0
20000f8c:	781b      	ldrb	r3, [r3, #0]
20000f8e:	2b00      	cmp	r3, #0
20000f90:	d100      	bne.n	20000f94 <main+0xe00>
20000f92:	e18d      	b.n	200012b0 <main+0x111c>
20000f94:	a85c      	add	r0, sp, #368	@ 0x170
20000f96:	f000 fc15 	bl	200017c4 <sdc41_get_asc>
20000f9a:	0006      	movs	r6, r0
20000f9c:	9b08      	ldr	r3, [sp, #32]
20000f9e:	991a      	ldr	r1, [sp, #104]	@ 0x68
20000fa0:	781b      	ldrb	r3, [r3, #0]
20000fa2:	2b00      	cmp	r3, #0
20000fa4:	d100      	bne.n	20000fa8 <main+0xe14>
20000fa6:	9919      	ldr	r1, [sp, #100]	@ 0x64
20000fa8:	9823      	ldr	r0, [sp, #140]	@ 0x8c
20000faa:	f7ff f8b7 	bl	2000011c <console_printf>
20000fae:	2e00      	cmp	r6, #0
20000fb0:	d000      	beq.n	20000fb4 <main+0xe20>
20000fb2:	e0d4      	b.n	2000115e <main+0xfca>
20000fb4:	ab58      	add	r3, sp, #352	@ 0x160
20000fb6:	7c1b      	ldrb	r3, [r3, #16]
20000fb8:	9a17      	ldr	r2, [sp, #92]	@ 0x5c
20000fba:	2b00      	cmp	r3, #0
20000fbc:	d000      	beq.n	20000fc0 <main+0xe2c>
20000fbe:	9a16      	ldr	r2, [sp, #88]	@ 0x58
20000fc0:	260d      	movs	r6, #13
20000fc2:	9b04      	ldr	r3, [sp, #16]
20000fc4:	2020      	movs	r0, #32
20000fc6:	2102      	movs	r1, #2
20000fc8:	5e5b      	ldrsh	r3, [r3, r1]
20000fca:	46b1      	mov	r9, r6
20000fcc:	469c      	mov	ip, r3
20000fce:	2300      	movs	r3, #0
20000fd0:	491a      	ldr	r1, [pc, #104]	@ (2000103c <main+0xea8>)
20000fd2:	7816      	ldrb	r6, [r2, #0]
20000fd4:	2e00      	cmp	r6, #0
20000fd6:	d100      	bne.n	20000fda <main+0xe46>
20000fd8:	e0c8      	b.n	2000116c <main+0xfd8>
20000fda:	2b00      	cmp	r3, #0
20000fdc:	d10c      	bne.n	20000ff8 <main+0xe64>
20000fde:	45b4      	cmp	ip, r6
20000fe0:	d00e      	beq.n	20001000 <main+0xe6c>
20000fe2:	698b      	ldr	r3, [r1, #24]
20000fe4:	4203      	tst	r3, r0
20000fe6:	d1fc      	bne.n	20000fe2 <main+0xe4e>
20000fe8:	600e      	str	r6, [r1, #0]
20000fea:	7813      	ldrb	r3, [r2, #0]
20000fec:	3201      	adds	r2, #1
20000fee:	3b0d      	subs	r3, #13
20000ff0:	425e      	negs	r6, r3
20000ff2:	4173      	adcs	r3, r6
20000ff4:	b2db      	uxtb	r3, r3
20000ff6:	e7ec      	b.n	20000fd2 <main+0xe3e>
20000ff8:	698b      	ldr	r3, [r1, #24]
20000ffa:	4203      	tst	r3, r0
20000ffc:	d1fc      	bne.n	20000ff8 <main+0xe64>
20000ffe:	e7f3      	b.n	20000fe8 <main+0xe54>
20001000:	698b      	ldr	r3, [r1, #24]
20001002:	4203      	tst	r3, r0
20001004:	d1fc      	bne.n	20001000 <main+0xe6c>
20001006:	464b      	mov	r3, r9
20001008:	600b      	str	r3, [r1, #0]
2000100a:	e7ea      	b.n	20000fe2 <main+0xe4e>
2000100c:	f000 fa70 	bl	200014f0 <sdc41_start_periodic>
20001010:	2800      	cmp	r0, #0
20001012:	d100      	bne.n	20001016 <main+0xe82>
20001014:	e577      	b.n	20000b06 <main+0x972>
20001016:	f000 fa5f 	bl	200014d8 <sdc41_result_string>
2000101a:	990f      	ldr	r1, [sp, #60]	@ 0x3c
2000101c:	0002      	movs	r2, r0
2000101e:	9806      	ldr	r0, [sp, #24]
20001020:	f7ff f87c 	bl	2000011c <console_printf>
20001024:	e56f      	b.n	20000b06 <main+0x972>
20001026:	464b      	mov	r3, r9
20001028:	990a      	ldr	r1, [sp, #40]	@ 0x28
2000102a:	2b00      	cmp	r3, #0
2000102c:	d000      	beq.n	20001030 <main+0xe9c>
2000102e:	991d      	ldr	r1, [sp, #116]	@ 0x74
20001030:	ab58      	add	r3, sp, #352	@ 0x160
20001032:	8a1a      	ldrh	r2, [r3, #16]
20001034:	9855      	ldr	r0, [sp, #340]	@ 0x154
20001036:	e4a3      	b.n	20000980 <main+0x7ec>
20001038:	00000bb8 	.word	0x00000bb8
2000103c:	40038000 	.word	0x40038000
20001040:	40340000 	.word	0x40340000
20001044:	40f00000 	.word	0x40f00000
20001048:	4065e000 	.word	0x4065e000
2000104c:	3fe00000 	.word	0x3fe00000
20001050:	ab58      	add	r3, sp, #352	@ 0x160
20001052:	89d8      	ldrh	r0, [r3, #14]
20001054:	0031      	movs	r1, r6
20001056:	2300      	movs	r3, #0
20001058:	4aca      	ldr	r2, [pc, #808]	@ (20001384 <main+0x11f0>)
2000105a:	f002 fcd3 	bl	20003a04 <__wrap___aeabi_lmul>
2000105e:	464b      	mov	r3, r9
20001060:	0c05      	lsrs	r5, r0, #16
20001062:	0409      	lsls	r1, r1, #16
20001064:	984e      	ldr	r0, [sp, #312]	@ 0x138
20001066:	430d      	orrs	r5, r1
20001068:	2b00      	cmp	r3, #0
2000106a:	d000      	beq.n	2000106e <main+0xeda>
2000106c:	984d      	ldr	r0, [sp, #308]	@ 0x134
2000106e:	260d      	movs	r6, #13
20001070:	9b04      	ldr	r3, [sp, #16]
20001072:	2100      	movs	r1, #0
20001074:	2202      	movs	r2, #2
20001076:	5e9b      	ldrsh	r3, [r3, r2]
20001078:	46b1      	mov	r9, r6
2000107a:	2220      	movs	r2, #32
2000107c:	469c      	mov	ip, r3
2000107e:	4bc2      	ldr	r3, [pc, #776]	@ (20001388 <main+0x11f4>)
20001080:	7806      	ldrb	r6, [r0, #0]
20001082:	2e00      	cmp	r6, #0
20001084:	d01b      	beq.n	200010be <main+0xf2a>
20001086:	2900      	cmp	r1, #0
20001088:	d10c      	bne.n	200010a4 <main+0xf10>
2000108a:	45b4      	cmp	ip, r6
2000108c:	d011      	beq.n	200010b2 <main+0xf1e>
2000108e:	6999      	ldr	r1, [r3, #24]
20001090:	420a      	tst	r2, r1
20001092:	d1fc      	bne.n	2000108e <main+0xefa>
20001094:	601e      	str	r6, [r3, #0]
20001096:	7801      	ldrb	r1, [r0, #0]
20001098:	3001      	adds	r0, #1
2000109a:	390d      	subs	r1, #13
2000109c:	424e      	negs	r6, r1
2000109e:	4171      	adcs	r1, r6
200010a0:	b2c9      	uxtb	r1, r1
200010a2:	e7ed      	b.n	20001080 <main+0xeec>
200010a4:	6999      	ldr	r1, [r3, #24]
200010a6:	420a      	tst	r2, r1
200010a8:	d0f4      	beq.n	20001094 <main+0xf00>
200010aa:	6999      	ldr	r1, [r3, #24]
200010ac:	420a      	tst	r2, r1
200010ae:	d1f9      	bne.n	200010a4 <main+0xf10>
200010b0:	e7f0      	b.n	20001094 <main+0xf00>
200010b2:	6999      	ldr	r1, [r3, #24]
200010b4:	4211      	tst	r1, r2
200010b6:	d1fc      	bne.n	200010b2 <main+0xf1e>
200010b8:	4649      	mov	r1, r9
200010ba:	6019      	str	r1, [r3, #0]
200010bc:	e7e7      	b.n	2000108e <main+0xefa>
200010be:	21fa      	movs	r1, #250	@ 0xfa
200010c0:	0028      	movs	r0, r5
200010c2:	0089      	lsls	r1, r1, #2
200010c4:	f001 fdac 	bl	20002c20 <__wrap___aeabi_uidiv>
200010c8:	000e      	movs	r6, r1
200010ca:	21fa      	movs	r1, #250	@ 0xfa
200010cc:	0028      	movs	r0, r5
200010ce:	0089      	lsls	r1, r1, #2
200010d0:	f001 fda6 	bl	20002c20 <__wrap___aeabi_uidiv>
200010d4:	9b52      	ldr	r3, [sp, #328]	@ 0x148
200010d6:	0002      	movs	r2, r0
200010d8:	9300      	str	r3, [sp, #0]
200010da:	990a      	ldr	r1, [sp, #40]	@ 0x28
200010dc:	0033      	movs	r3, r6
200010de:	f7ff fbfe 	bl	200008de <main+0x74a>
200010e2:	f000 fa05 	bl	200014f0 <sdc41_start_periodic>
200010e6:	2800      	cmp	r0, #0
200010e8:	d100      	bne.n	200010ec <main+0xf58>
200010ea:	e603      	b.n	20000cf4 <main+0xb60>
200010ec:	f000 f9f4 	bl	200014d8 <sdc41_result_string>
200010f0:	990f      	ldr	r1, [sp, #60]	@ 0x3c
200010f2:	0002      	movs	r2, r0
200010f4:	9806      	ldr	r0, [sp, #24]
200010f6:	f7ff f811 	bl	2000011c <console_printf>
200010fa:	e5fb      	b.n	20000cf4 <main+0xb60>
200010fc:	2120      	movs	r1, #32
200010fe:	9b04      	ldr	r3, [sp, #16]
20001100:	468b      	mov	fp, r1
20001102:	2602      	movs	r6, #2
20001104:	5f9e      	ldrsh	r6, [r3, r6]
20001106:	2300      	movs	r3, #0
20001108:	9854      	ldr	r0, [sp, #336]	@ 0x150
2000110a:	4a9f      	ldr	r2, [pc, #636]	@ (20001388 <main+0x11f4>)
2000110c:	7805      	ldrb	r5, [r0, #0]
2000110e:	2d00      	cmp	r5, #0
20001110:	d101      	bne.n	20001116 <main+0xf82>
20001112:	f7ff fbe7 	bl	200008e4 <main+0x750>
20001116:	2b00      	cmp	r3, #0
20001118:	d10d      	bne.n	20001136 <main+0xfa2>
2000111a:	42ae      	cmp	r6, r5
2000111c:	d010      	beq.n	20001140 <main+0xfac>
2000111e:	4659      	mov	r1, fp
20001120:	6993      	ldr	r3, [r2, #24]
20001122:	420b      	tst	r3, r1
20001124:	d1fb      	bne.n	2000111e <main+0xf8a>
20001126:	6015      	str	r5, [r2, #0]
20001128:	7803      	ldrb	r3, [r0, #0]
2000112a:	3001      	adds	r0, #1
2000112c:	3b0d      	subs	r3, #13
2000112e:	425d      	negs	r5, r3
20001130:	416b      	adcs	r3, r5
20001132:	b2db      	uxtb	r3, r3
20001134:	e7ea      	b.n	2000110c <main+0xf78>
20001136:	4659      	mov	r1, fp
20001138:	6993      	ldr	r3, [r2, #24]
2000113a:	420b      	tst	r3, r1
2000113c:	d1fb      	bne.n	20001136 <main+0xfa2>
2000113e:	e7f2      	b.n	20001126 <main+0xf92>
20001140:	4b91      	ldr	r3, [pc, #580]	@ (20001388 <main+0x11f4>)
20001142:	4681      	mov	r9, r0
20001144:	469a      	mov	sl, r3
20001146:	2320      	movs	r3, #32
20001148:	469c      	mov	ip, r3
2000114a:	4653      	mov	r3, sl
2000114c:	6998      	ldr	r0, [r3, #24]
2000114e:	4663      	mov	r3, ip
20001150:	4218      	tst	r0, r3
20001152:	d1fa      	bne.n	2000114a <main+0xfb6>
20001154:	230d      	movs	r3, #13
20001156:	4651      	mov	r1, sl
20001158:	4648      	mov	r0, r9
2000115a:	600b      	str	r3, [r1, #0]
2000115c:	e7df      	b.n	2000111e <main+0xf8a>
2000115e:	0030      	movs	r0, r6
20001160:	f000 f9ba 	bl	200014d8 <sdc41_result_string>
20001164:	0001      	movs	r1, r0
20001166:	9826      	ldr	r0, [sp, #152]	@ 0x98
20001168:	f7fe ffd8 	bl	2000011c <console_printf>
2000116c:	2020      	movs	r0, #32
2000116e:	4682      	mov	sl, r0
20001170:	3813      	subs	r0, #19
20001172:	2200      	movs	r2, #0
20001174:	4684      	mov	ip, r0
20001176:	9b04      	ldr	r3, [sp, #16]
20001178:	9e27      	ldr	r6, [sp, #156]	@ 0x9c
2000117a:	2102      	movs	r1, #2
2000117c:	5e59      	ldrsh	r1, [r3, r1]
2000117e:	4b82      	ldr	r3, [pc, #520]	@ (20001388 <main+0x11f4>)
20001180:	7830      	ldrb	r0, [r6, #0]
20001182:	4681      	mov	r9, r0
20001184:	2800      	cmp	r0, #0
20001186:	d01d      	beq.n	200011c4 <main+0x1030>
20001188:	2a00      	cmp	r2, #0
2000118a:	d10f      	bne.n	200011ac <main+0x1018>
2000118c:	4549      	cmp	r1, r9
2000118e:	d012      	beq.n	200011b6 <main+0x1022>
20001190:	4650      	mov	r0, sl
20001192:	699a      	ldr	r2, [r3, #24]
20001194:	4202      	tst	r2, r0
20001196:	d1fb      	bne.n	20001190 <main+0xffc>
20001198:	464a      	mov	r2, r9
2000119a:	601a      	str	r2, [r3, #0]
2000119c:	7832      	ldrb	r2, [r6, #0]
2000119e:	3601      	adds	r6, #1
200011a0:	3a0d      	subs	r2, #13
200011a2:	0010      	movs	r0, r2
200011a4:	4242      	negs	r2, r0
200011a6:	4142      	adcs	r2, r0
200011a8:	b2d2      	uxtb	r2, r2
200011aa:	e7e9      	b.n	20001180 <main+0xfec>
200011ac:	4650      	mov	r0, sl
200011ae:	699a      	ldr	r2, [r3, #24]
200011b0:	4202      	tst	r2, r0
200011b2:	d1fb      	bne.n	200011ac <main+0x1018>
200011b4:	e7f0      	b.n	20001198 <main+0x1004>
200011b6:	4650      	mov	r0, sl
200011b8:	699a      	ldr	r2, [r3, #24]
200011ba:	4202      	tst	r2, r0
200011bc:	d1fb      	bne.n	200011b6 <main+0x1022>
200011be:	4662      	mov	r2, ip
200011c0:	601a      	str	r2, [r3, #0]
200011c2:	e7e5      	b.n	20001190 <main+0xffc>
200011c4:	9b13      	ldr	r3, [sp, #76]	@ 0x4c
200011c6:	781b      	ldrb	r3, [r3, #0]
200011c8:	2b00      	cmp	r3, #0
200011ca:	d127      	bne.n	2000121c <main+0x1088>
200011cc:	2620      	movs	r6, #32
200011ce:	46b2      	mov	sl, r6
200011d0:	3e13      	subs	r6, #19
200011d2:	46b4      	mov	ip, r6
200011d4:	9828      	ldr	r0, [sp, #160]	@ 0xa0
200011d6:	4a6c      	ldr	r2, [pc, #432]	@ (20001388 <main+0x11f4>)
200011d8:	7806      	ldrb	r6, [r0, #0]
200011da:	46b1      	mov	r9, r6
200011dc:	2e00      	cmp	r6, #0
200011de:	d059      	beq.n	20001294 <main+0x1100>
200011e0:	2b00      	cmp	r3, #0
200011e2:	d10f      	bne.n	20001204 <main+0x1070>
200011e4:	4549      	cmp	r1, r9
200011e6:	d012      	beq.n	2000120e <main+0x107a>
200011e8:	4656      	mov	r6, sl
200011ea:	6993      	ldr	r3, [r2, #24]
200011ec:	4233      	tst	r3, r6
200011ee:	d1fb      	bne.n	200011e8 <main+0x1054>
200011f0:	464b      	mov	r3, r9
200011f2:	6013      	str	r3, [r2, #0]
200011f4:	7803      	ldrb	r3, [r0, #0]
200011f6:	3001      	adds	r0, #1
200011f8:	3b0d      	subs	r3, #13
200011fa:	001e      	movs	r6, r3
200011fc:	4273      	negs	r3, r6
200011fe:	4173      	adcs	r3, r6
20001200:	b2db      	uxtb	r3, r3
20001202:	e7e9      	b.n	200011d8 <main+0x1044>
20001204:	4656      	mov	r6, sl
20001206:	6993      	ldr	r3, [r2, #24]
20001208:	4233      	tst	r3, r6
2000120a:	d1fb      	bne.n	20001204 <main+0x1070>
2000120c:	e7f0      	b.n	200011f0 <main+0x105c>
2000120e:	4656      	mov	r6, sl
20001210:	6993      	ldr	r3, [r2, #24]
20001212:	4233      	tst	r3, r6
20001214:	d1fb      	bne.n	2000120e <main+0x107a>
20001216:	4663      	mov	r3, ip
20001218:	6013      	str	r3, [r2, #0]
2000121a:	e7e5      	b.n	200011e8 <main+0x1054>
2000121c:	9e0c      	ldr	r6, [sp, #48]	@ 0x30
2000121e:	9829      	ldr	r0, [sp, #164]	@ 0xa4
20001220:	8831      	ldrh	r1, [r6, #0]
20001222:	f7fe ff7b 	bl	2000011c <console_printf>
20001226:	9b0a      	ldr	r3, [sp, #40]	@ 0x28
20001228:	6876      	ldr	r6, [r6, #4]
2000122a:	469a      	mov	sl, r3
2000122c:	2e00      	cmp	r6, #0
2000122e:	da02      	bge.n	20001236 <main+0x10a2>
20001230:	9b12      	ldr	r3, [sp, #72]	@ 0x48
20001232:	4276      	negs	r6, r6
20001234:	469a      	mov	sl, r3
20001236:	21fa      	movs	r1, #250	@ 0xfa
20001238:	0030      	movs	r0, r6
2000123a:	0089      	lsls	r1, r1, #2
2000123c:	f001 fcf0 	bl	20002c20 <__wrap___aeabi_uidiv>
20001240:	4689      	mov	r9, r1
20001242:	21fa      	movs	r1, #250	@ 0xfa
20001244:	0030      	movs	r0, r6
20001246:	0089      	lsls	r1, r1, #2
20001248:	f001 fcea 	bl	20002c20 <__wrap___aeabi_uidiv>
2000124c:	9b2a      	ldr	r3, [sp, #168]	@ 0xa8
2000124e:	0002      	movs	r2, r0
20001250:	4651      	mov	r1, sl
20001252:	9300      	str	r3, [sp, #0]
20001254:	9810      	ldr	r0, [sp, #64]	@ 0x40
20001256:	464b      	mov	r3, r9
20001258:	f7fe ff60 	bl	2000011c <console_printf>
2000125c:	9b0c      	ldr	r3, [sp, #48]	@ 0x30
2000125e:	689e      	ldr	r6, [r3, #8]
20001260:	9b0a      	ldr	r3, [sp, #40]	@ 0x28
20001262:	469a      	mov	sl, r3
20001264:	2e00      	cmp	r6, #0
20001266:	da02      	bge.n	2000126e <main+0x10da>
20001268:	9b12      	ldr	r3, [sp, #72]	@ 0x48
2000126a:	4276      	negs	r6, r6
2000126c:	469a      	mov	sl, r3
2000126e:	21fa      	movs	r1, #250	@ 0xfa
20001270:	0030      	movs	r0, r6
20001272:	0089      	lsls	r1, r1, #2
20001274:	f001 fcd4 	bl	20002c20 <__wrap___aeabi_uidiv>
20001278:	4689      	mov	r9, r1
2000127a:	21fa      	movs	r1, #250	@ 0xfa
2000127c:	0030      	movs	r0, r6
2000127e:	0089      	lsls	r1, r1, #2
20001280:	f001 fcce 	bl	20002c20 <__wrap___aeabi_uidiv>
20001284:	9b2e      	ldr	r3, [sp, #184]	@ 0xb8
20001286:	0002      	movs	r2, r0
20001288:	9300      	str	r3, [sp, #0]
2000128a:	4651      	mov	r1, sl
2000128c:	464b      	mov	r3, r9
2000128e:	9810      	ldr	r0, [sp, #64]	@ 0x40
20001290:	f7fe ff44 	bl	2000011c <console_printf>
20001294:	2d00      	cmp	r5, #0
20001296:	d000      	beq.n	2000129a <main+0x1106>
20001298:	e0fb      	b.n	20001492 <main+0x12fe>
2000129a:	ab58      	add	r3, sp, #352	@ 0x160
2000129c:	7b9b      	ldrb	r3, [r3, #14]
2000129e:	991c      	ldr	r1, [sp, #112]	@ 0x70
200012a0:	2b00      	cmp	r3, #0
200012a2:	d000      	beq.n	200012a6 <main+0x1112>
200012a4:	991b      	ldr	r1, [sp, #108]	@ 0x6c
200012a6:	982f      	ldr	r0, [sp, #188]	@ 0xbc
200012a8:	f7fe ff38 	bl	2000011c <console_printf>
200012ac:	f7ff fb1a 	bl	200008e4 <main+0x750>
200012b0:	f000 f934 	bl	2000151c <sdc41_stop_periodic>
200012b4:	2800      	cmp	r0, #0
200012b6:	d000      	beq.n	200012ba <main+0x1126>
200012b8:	e579      	b.n	20000dae <main+0xc1a>
200012ba:	a85c      	add	r0, sp, #368	@ 0x170
200012bc:	f000 fa82 	bl	200017c4 <sdc41_get_asc>
200012c0:	0006      	movs	r6, r0
200012c2:	f000 f915 	bl	200014f0 <sdc41_start_periodic>
200012c6:	2800      	cmp	r0, #0
200012c8:	d100      	bne.n	200012cc <main+0x1138>
200012ca:	e667      	b.n	20000f9c <main+0xe08>
200012cc:	f000 f904 	bl	200014d8 <sdc41_result_string>
200012d0:	990f      	ldr	r1, [sp, #60]	@ 0x3c
200012d2:	0002      	movs	r2, r0
200012d4:	9806      	ldr	r0, [sp, #24]
200012d6:	f7fe ff21 	bl	2000011c <console_printf>
200012da:	e65f      	b.n	20000f9c <main+0xe08>
200012dc:	2120      	movs	r1, #32
200012de:	250d      	movs	r5, #13
200012e0:	9822      	ldr	r0, [sp, #136]	@ 0x88
200012e2:	4a29      	ldr	r2, [pc, #164]	@ (20001388 <main+0x11f4>)
200012e4:	7806      	ldrb	r6, [r0, #0]
200012e6:	2e00      	cmp	r6, #0
200012e8:	d101      	bne.n	200012ee <main+0x115a>
200012ea:	f7ff fafb 	bl	200008e4 <main+0x750>
200012ee:	2b00      	cmp	r3, #0
200012f0:	d10d      	bne.n	2000130e <main+0x117a>
200012f2:	9b02      	ldr	r3, [sp, #8]
200012f4:	429e      	cmp	r6, r3
200012f6:	d00e      	beq.n	20001316 <main+0x1182>
200012f8:	6993      	ldr	r3, [r2, #24]
200012fa:	420b      	tst	r3, r1
200012fc:	d1fc      	bne.n	200012f8 <main+0x1164>
200012fe:	6016      	str	r6, [r2, #0]
20001300:	7803      	ldrb	r3, [r0, #0]
20001302:	3001      	adds	r0, #1
20001304:	3b0d      	subs	r3, #13
20001306:	425e      	negs	r6, r3
20001308:	4173      	adcs	r3, r6
2000130a:	b2db      	uxtb	r3, r3
2000130c:	e7ea      	b.n	200012e4 <main+0x1150>
2000130e:	6993      	ldr	r3, [r2, #24]
20001310:	420b      	tst	r3, r1
20001312:	d1fc      	bne.n	2000130e <main+0x117a>
20001314:	e7f3      	b.n	200012fe <main+0x116a>
20001316:	6993      	ldr	r3, [r2, #24]
20001318:	420b      	tst	r3, r1
2000131a:	d1fc      	bne.n	20001316 <main+0x1182>
2000131c:	6015      	str	r5, [r2, #0]
2000131e:	e7eb      	b.n	200012f8 <main+0x1164>
20001320:	4659      	mov	r1, fp
20001322:	9843      	ldr	r0, [sp, #268]	@ 0x10c
20001324:	f7ff fb55 	bl	200009d2 <main+0x83e>
20001328:	4a17      	ldr	r2, [pc, #92]	@ (20001388 <main+0x11f4>)
2000132a:	4681      	mov	r9, r0
2000132c:	4692      	mov	sl, r2
2000132e:	2220      	movs	r2, #32
20001330:	4694      	mov	ip, r2
20001332:	4652      	mov	r2, sl
20001334:	6990      	ldr	r0, [r2, #24]
20001336:	4662      	mov	r2, ip
20001338:	4210      	tst	r0, r2
2000133a:	d1fa      	bne.n	20001332 <main+0x119e>
2000133c:	220d      	movs	r2, #13
2000133e:	4651      	mov	r1, sl
20001340:	4648      	mov	r0, r9
20001342:	600a      	str	r2, [r1, #0]
20001344:	e44f      	b.n	20000be6 <main+0xa52>
20001346:	f000 f8d3 	bl	200014f0 <sdc41_start_periodic>
2000134a:	2800      	cmp	r0, #0
2000134c:	d100      	bne.n	20001350 <main+0x11bc>
2000134e:	e4b8      	b.n	20000cc2 <main+0xb2e>
20001350:	f000 f8c2 	bl	200014d8 <sdc41_result_string>
20001354:	990f      	ldr	r1, [sp, #60]	@ 0x3c
20001356:	0002      	movs	r2, r0
20001358:	9806      	ldr	r0, [sp, #24]
2000135a:	f7fe fedf 	bl	2000011c <console_printf>
2000135e:	e4b0      	b.n	20000cc2 <main+0xb2e>
20001360:	f000 f8dc 	bl	2000151c <sdc41_stop_periodic>
20001364:	1e05      	subs	r5, r0, #0
20001366:	d000      	beq.n	2000136a <main+0x11d6>
20001368:	e520      	b.n	20000dac <main+0xc18>
2000136a:	e4a3      	b.n	20000cb4 <main+0xb20>
2000136c:	9b08      	ldr	r3, [sp, #32]
2000136e:	4659      	mov	r1, fp
20001370:	9820      	ldr	r0, [sp, #128]	@ 0x80
20001372:	701e      	strb	r6, [r3, #0]
20001374:	f7fe fed2 	bl	2000011c <console_printf>
20001378:	9b04      	ldr	r3, [sp, #16]
2000137a:	2202      	movs	r2, #2
2000137c:	5e9b      	ldrsh	r3, [r3, r2]
2000137e:	9302      	str	r3, [sp, #8]
20001380:	f7ff f80c 	bl	2000039c <main+0x208>
20001384:	0002ab98 	.word	0x0002ab98
20001388:	40038000 	.word	0x40038000
2000138c:	0003      	movs	r3, r0
2000138e:	2120      	movs	r1, #32
20001390:	6870      	ldr	r0, [r6, #4]
20001392:	260d      	movs	r6, #13
20001394:	4a46      	ldr	r2, [pc, #280]	@ (200014b0 <main+0x131c>)
20001396:	7805      	ldrb	r5, [r0, #0]
20001398:	2d00      	cmp	r5, #0
2000139a:	d101      	bne.n	200013a0 <main+0x120c>
2000139c:	f7fe fffe 	bl	2000039c <main+0x208>
200013a0:	2b00      	cmp	r3, #0
200013a2:	d10d      	bne.n	200013c0 <main+0x122c>
200013a4:	9b02      	ldr	r3, [sp, #8]
200013a6:	429d      	cmp	r5, r3
200013a8:	d00e      	beq.n	200013c8 <main+0x1234>
200013aa:	6993      	ldr	r3, [r2, #24]
200013ac:	420b      	tst	r3, r1
200013ae:	d1fc      	bne.n	200013aa <main+0x1216>
200013b0:	6015      	str	r5, [r2, #0]
200013b2:	7803      	ldrb	r3, [r0, #0]
200013b4:	3001      	adds	r0, #1
200013b6:	3b0d      	subs	r3, #13
200013b8:	425d      	negs	r5, r3
200013ba:	416b      	adcs	r3, r5
200013bc:	b2db      	uxtb	r3, r3
200013be:	e7ea      	b.n	20001396 <main+0x1202>
200013c0:	6993      	ldr	r3, [r2, #24]
200013c2:	420b      	tst	r3, r1
200013c4:	d1fc      	bne.n	200013c0 <main+0x122c>
200013c6:	e7f3      	b.n	200013b0 <main+0x121c>
200013c8:	6993      	ldr	r3, [r2, #24]
200013ca:	420b      	tst	r3, r1
200013cc:	d1fc      	bne.n	200013c8 <main+0x1234>
200013ce:	6016      	str	r6, [r2, #0]
200013d0:	e7eb      	b.n	200013aa <main+0x1216>
200013d2:	9b08      	ldr	r3, [sp, #32]
200013d4:	781b      	ldrb	r3, [r3, #0]
200013d6:	2b00      	cmp	r3, #0
200013d8:	d034      	beq.n	20001444 <main+0x12b0>
200013da:	f000 f889 	bl	200014f0 <sdc41_start_periodic>
200013de:	0005      	movs	r5, r0
200013e0:	e57f      	b.n	20000ee2 <main+0xd4e>
200013e2:	9b08      	ldr	r3, [sp, #32]
200013e4:	991a      	ldr	r1, [sp, #104]	@ 0x68
200013e6:	781b      	ldrb	r3, [r3, #0]
200013e8:	2b00      	cmp	r3, #0
200013ea:	d100      	bne.n	200013ee <main+0x125a>
200013ec:	9919      	ldr	r1, [sp, #100]	@ 0x64
200013ee:	9857      	ldr	r0, [sp, #348]	@ 0x15c
200013f0:	f7ff faef 	bl	200009d2 <main+0x83e>
200013f4:	f000 f892 	bl	2000151c <sdc41_stop_periodic>
200013f8:	1e05      	subs	r5, r0, #0
200013fa:	d100      	bne.n	200013fe <main+0x126a>
200013fc:	e550      	b.n	20000ea0 <main+0xd0c>
200013fe:	e4d5      	b.n	20000dac <main+0xc18>
20001400:	260d      	movs	r6, #13
20001402:	9932      	ldr	r1, [sp, #200]	@ 0xc8
20001404:	4a2a      	ldr	r2, [pc, #168]	@ (200014b0 <main+0x131c>)
20001406:	3020      	adds	r0, #32
20001408:	780d      	ldrb	r5, [r1, #0]
2000140a:	2d00      	cmp	r5, #0
2000140c:	d101      	bne.n	20001412 <main+0x127e>
2000140e:	f7fe ffc5 	bl	2000039c <main+0x208>
20001412:	2b00      	cmp	r3, #0
20001414:	d10d      	bne.n	20001432 <main+0x129e>
20001416:	9b02      	ldr	r3, [sp, #8]
20001418:	429d      	cmp	r5, r3
2000141a:	d00e      	beq.n	2000143a <main+0x12a6>
2000141c:	6993      	ldr	r3, [r2, #24]
2000141e:	4203      	tst	r3, r0
20001420:	d1fc      	bne.n	2000141c <main+0x1288>
20001422:	6015      	str	r5, [r2, #0]
20001424:	780b      	ldrb	r3, [r1, #0]
20001426:	3101      	adds	r1, #1
20001428:	3b0d      	subs	r3, #13
2000142a:	425d      	negs	r5, r3
2000142c:	416b      	adcs	r3, r5
2000142e:	b2db      	uxtb	r3, r3
20001430:	e7ea      	b.n	20001408 <main+0x1274>
20001432:	6993      	ldr	r3, [r2, #24]
20001434:	4203      	tst	r3, r0
20001436:	d1fc      	bne.n	20001432 <main+0x129e>
20001438:	e7f3      	b.n	20001422 <main+0x128e>
2000143a:	6993      	ldr	r3, [r2, #24]
2000143c:	4203      	tst	r3, r0
2000143e:	d1fc      	bne.n	2000143a <main+0x12a6>
20001440:	6016      	str	r6, [r2, #0]
20001442:	e7eb      	b.n	2000141c <main+0x1288>
20001444:	4659      	mov	r1, fp
20001446:	9859      	ldr	r0, [sp, #356]	@ 0x164
20001448:	f7ff fac3 	bl	200009d2 <main+0x83e>
2000144c:	4653      	mov	r3, sl
2000144e:	2020      	movs	r0, #32
20001450:	260d      	movs	r6, #13
20001452:	9958      	ldr	r1, [sp, #352]	@ 0x160
20001454:	4a16      	ldr	r2, [pc, #88]	@ (200014b0 <main+0x131c>)
20001456:	780d      	ldrb	r5, [r1, #0]
20001458:	2d00      	cmp	r5, #0
2000145a:	d101      	bne.n	20001460 <main+0x12cc>
2000145c:	f7fe ff9e 	bl	2000039c <main+0x208>
20001460:	2b00      	cmp	r3, #0
20001462:	d10d      	bne.n	20001480 <main+0x12ec>
20001464:	9b02      	ldr	r3, [sp, #8]
20001466:	429d      	cmp	r5, r3
20001468:	d00e      	beq.n	20001488 <main+0x12f4>
2000146a:	6993      	ldr	r3, [r2, #24]
2000146c:	4203      	tst	r3, r0
2000146e:	d1fc      	bne.n	2000146a <main+0x12d6>
20001470:	6015      	str	r5, [r2, #0]
20001472:	780b      	ldrb	r3, [r1, #0]
20001474:	3101      	adds	r1, #1
20001476:	3b0d      	subs	r3, #13
20001478:	425d      	negs	r5, r3
2000147a:	416b      	adcs	r3, r5
2000147c:	b2db      	uxtb	r3, r3
2000147e:	e7ea      	b.n	20001456 <main+0x12c2>
20001480:	6993      	ldr	r3, [r2, #24]
20001482:	4203      	tst	r3, r0
20001484:	d1fc      	bne.n	20001480 <main+0x12ec>
20001486:	e7f3      	b.n	20001470 <main+0x12dc>
20001488:	6993      	ldr	r3, [r2, #24]
2000148a:	4203      	tst	r3, r0
2000148c:	d1fc      	bne.n	20001488 <main+0x12f4>
2000148e:	6016      	str	r6, [r2, #0]
20001490:	e7eb      	b.n	2000146a <main+0x12d6>
20001492:	0028      	movs	r0, r5
20001494:	f000 f820 	bl	200014d8 <sdc41_result_string>
20001498:	0001      	movs	r1, r0
2000149a:	9830      	ldr	r0, [sp, #192]	@ 0xc0
2000149c:	f7fe fe3e 	bl	2000011c <console_printf>
200014a0:	f7ff fa20 	bl	200008e4 <main+0x750>
200014a4:	f000 f83a 	bl	2000151c <sdc41_stop_periodic>
200014a8:	1e05      	subs	r5, r0, #0
200014aa:	d100      	bne.n	200014ae <main+0x131a>
200014ac:	e467      	b.n	20000d7e <main+0xbea>
200014ae:	e47d      	b.n	20000dac <main+0xc18>
200014b0:	40038000 	.word	0x40038000

200014b4 <sdc41_init>:
200014b4:	b510      	push	{r4, lr}
200014b6:	4906      	ldr	r1, [pc, #24]	@ (200014d0 <sdc41_init+0x1c>)
200014b8:	4806      	ldr	r0, [pc, #24]	@ (200014d4 <sdc41_init+0x20>)
200014ba:	f004 f9c1 	bl	20005840 <i2c_init>
200014be:	2103      	movs	r1, #3
200014c0:	2004      	movs	r0, #4
200014c2:	f000 fad5 	bl	20001a70 <gpio_set_function>
200014c6:	2103      	movs	r1, #3
200014c8:	2005      	movs	r0, #5
200014ca:	f000 fad1 	bl	20001a70 <gpio_set_function>
200014ce:	bd10      	pop	{r4, pc}
200014d0:	000186a0 	.word	0x000186a0
200014d4:	2000a298 	.word	0x2000a298

200014d8 <sdc41_result_string>:
200014d8:	2804      	cmp	r0, #4
200014da:	d803      	bhi.n	200014e4 <sdc41_result_string+0xc>
200014dc:	4b02      	ldr	r3, [pc, #8]	@ (200014e8 <sdc41_result_string+0x10>)
200014de:	0080      	lsls	r0, r0, #2
200014e0:	58c0      	ldr	r0, [r0, r3]
200014e2:	4770      	bx	lr
200014e4:	4801      	ldr	r0, [pc, #4]	@ (200014ec <sdc41_result_string+0x14>)
200014e6:	e7fc      	b.n	200014e2 <sdc41_result_string+0xa>
200014e8:	20009b9c 	.word	0x20009b9c
200014ec:	2000972c 	.word	0x2000972c

200014f0 <sdc41_start_periodic>:
200014f0:	b500      	push	{lr}
200014f2:	4b08      	ldr	r3, [pc, #32]	@ (20001514 <sdc41_start_periodic+0x24>)
200014f4:	b085      	sub	sp, #20
200014f6:	aa03      	add	r2, sp, #12
200014f8:	8013      	strh	r3, [r2, #0]
200014fa:	2300      	movs	r3, #0
200014fc:	2162      	movs	r1, #98	@ 0x62
200014fe:	9300      	str	r3, [sp, #0]
20001500:	4805      	ldr	r0, [pc, #20]	@ (20001518 <sdc41_start_periodic+0x28>)
20001502:	3302      	adds	r3, #2
20001504:	f004 f9c6 	bl	20005894 <i2c_write_blocking>
20001508:	3802      	subs	r0, #2
2000150a:	1e43      	subs	r3, r0, #1
2000150c:	4198      	sbcs	r0, r3
2000150e:	b2c0      	uxtb	r0, r0
20001510:	b005      	add	sp, #20
20001512:	bd00      	pop	{pc}
20001514:	ffffb121 	.word	0xffffb121
20001518:	2000a298 	.word	0x2000a298

2000151c <sdc41_stop_periodic>:
2000151c:	b510      	push	{r4, lr}
2000151e:	4b0c      	ldr	r3, [pc, #48]	@ (20001550 <sdc41_stop_periodic+0x34>)
20001520:	b084      	sub	sp, #16
20001522:	aa03      	add	r2, sp, #12
20001524:	8013      	strh	r3, [r2, #0]
20001526:	2300      	movs	r3, #0
20001528:	2162      	movs	r1, #98	@ 0x62
2000152a:	9300      	str	r3, [sp, #0]
2000152c:	4809      	ldr	r0, [pc, #36]	@ (20001554 <sdc41_stop_periodic+0x38>)
2000152e:	3302      	adds	r3, #2
20001530:	f004 f9b0 	bl	20005894 <i2c_write_blocking>
20001534:	1e84      	subs	r4, r0, #2
20001536:	1e63      	subs	r3, r4, #1
20001538:	419c      	sbcs	r4, r3
2000153a:	b2e4      	uxtb	r4, r4
2000153c:	2802      	cmp	r0, #2
2000153e:	d002      	beq.n	20001546 <sdc41_stop_periodic+0x2a>
20001540:	0020      	movs	r0, r4
20001542:	b004      	add	sp, #16
20001544:	bd10      	pop	{r4, pc}
20001546:	30f3      	adds	r0, #243	@ 0xf3
20001548:	30ff      	adds	r0, #255	@ 0xff
2000154a:	f000 fe7f 	bl	2000224c <sleep_ms>
2000154e:	e7f7      	b.n	20001540 <sdc41_stop_periodic+0x24>
20001550:	ffff863f 	.word	0xffff863f
20001554:	2000a298 	.word	0x2000a298

20001558 <sdc41_measure_single_shot>:
20001558:	b510      	push	{r4, lr}
2000155a:	4b0c      	ldr	r3, [pc, #48]	@ (2000158c <sdc41_measure_single_shot+0x34>)
2000155c:	b084      	sub	sp, #16
2000155e:	aa03      	add	r2, sp, #12
20001560:	8013      	strh	r3, [r2, #0]
20001562:	2300      	movs	r3, #0
20001564:	2162      	movs	r1, #98	@ 0x62
20001566:	9300      	str	r3, [sp, #0]
20001568:	4809      	ldr	r0, [pc, #36]	@ (20001590 <sdc41_measure_single_shot+0x38>)
2000156a:	3302      	adds	r3, #2
2000156c:	f004 f992 	bl	20005894 <i2c_write_blocking>
20001570:	1e84      	subs	r4, r0, #2
20001572:	1e63      	subs	r3, r4, #1
20001574:	419c      	sbcs	r4, r3
20001576:	b2e4      	uxtb	r4, r4
20001578:	2802      	cmp	r0, #2
2000157a:	d002      	beq.n	20001582 <sdc41_measure_single_shot+0x2a>
2000157c:	0020      	movs	r0, r4
2000157e:	b004      	add	sp, #16
20001580:	bd10      	pop	{r4, pc}
20001582:	4804      	ldr	r0, [pc, #16]	@ (20001594 <sdc41_measure_single_shot+0x3c>)
20001584:	f000 fe62 	bl	2000224c <sleep_ms>
20001588:	e7f8      	b.n	2000157c <sdc41_measure_single_shot+0x24>
2000158a:	46c0      	nop			@ (mov r8, r8)
2000158c:	ffff9d21 	.word	0xffff9d21
20001590:	2000a298 	.word	0x2000a298
20001594:	00001388 	.word	0x00001388

20001598 <sdc41_read_measurement>:
20001598:	b5f0      	push	{r4, r5, r6, r7, lr}
2000159a:	46c6      	mov	lr, r8
2000159c:	2600      	movs	r6, #0
2000159e:	b500      	push	{lr}
200015a0:	4b2b      	ldr	r3, [pc, #172]	@ (20001650 <sdc41_read_measurement+0xb8>)
200015a2:	b088      	sub	sp, #32
200015a4:	4d2b      	ldr	r5, [pc, #172]	@ (20001654 <sdc41_read_measurement+0xbc>)
200015a6:	ac05      	add	r4, sp, #20
200015a8:	8023      	strh	r3, [r4, #0]
200015aa:	0007      	movs	r7, r0
200015ac:	2302      	movs	r3, #2
200015ae:	0022      	movs	r2, r4
200015b0:	2162      	movs	r1, #98	@ 0x62
200015b2:	0028      	movs	r0, r5
200015b4:	9600      	str	r6, [sp, #0]
200015b6:	f004 f96d 	bl	20005894 <i2c_write_blocking>
200015ba:	2301      	movs	r3, #1
200015bc:	2802      	cmp	r0, #2
200015be:	d004      	beq.n	200015ca <sdc41_read_measurement+0x32>
200015c0:	0018      	movs	r0, r3
200015c2:	b008      	add	sp, #32
200015c4:	bc80      	pop	{r7}
200015c6:	46b8      	mov	r8, r7
200015c8:	bdf0      	pop	{r4, r5, r6, r7, pc}
200015ca:	3801      	subs	r0, #1
200015cc:	f000 fe3e 	bl	2000224c <sleep_ms>
200015d0:	2309      	movs	r3, #9
200015d2:	0022      	movs	r2, r4
200015d4:	2162      	movs	r1, #98	@ 0x62
200015d6:	0028      	movs	r0, r5
200015d8:	9600      	str	r6, [sp, #0]
200015da:	f004 f965 	bl	200058a8 <i2c_read_blocking>
200015de:	2302      	movs	r3, #2
200015e0:	2809      	cmp	r0, #9
200015e2:	d1ed      	bne.n	200015c0 <sdc41_read_measurement+0x28>
200015e4:	231d      	movs	r3, #29
200015e6:	ad03      	add	r5, sp, #12
200015e8:	446b      	add	r3, sp
200015ea:	002e      	movs	r6, r5
200015ec:	4698      	mov	r8, r3
200015ee:	e008      	b.n	20001602 <sdc41_read_measurement+0x6a>
200015f0:	7822      	ldrb	r2, [r4, #0]
200015f2:	7863      	ldrb	r3, [r4, #1]
200015f4:	0212      	lsls	r2, r2, #8
200015f6:	4313      	orrs	r3, r2
200015f8:	3403      	adds	r4, #3
200015fa:	8033      	strh	r3, [r6, #0]
200015fc:	3602      	adds	r6, #2
200015fe:	4544      	cmp	r4, r8
20001600:	d008      	beq.n	20001614 <sdc41_read_measurement+0x7c>
20001602:	2102      	movs	r1, #2
20001604:	0020      	movs	r0, r4
20001606:	f000 f9e9 	bl	200019dc <sdc41_crc8>
2000160a:	78a3      	ldrb	r3, [r4, #2]
2000160c:	4283      	cmp	r3, r0
2000160e:	d0ef      	beq.n	200015f0 <sdc41_read_measurement+0x58>
20001610:	2303      	movs	r3, #3
20001612:	e7d5      	b.n	200015c0 <sdc41_read_measurement+0x28>
20001614:	882b      	ldrh	r3, [r5, #0]
20001616:	4a10      	ldr	r2, [pc, #64]	@ (20001658 <sdc41_read_measurement+0xc0>)
20001618:	803b      	strh	r3, [r7, #0]
2000161a:	8868      	ldrh	r0, [r5, #2]
2000161c:	2300      	movs	r3, #0
2000161e:	2100      	movs	r1, #0
20001620:	f002 f9f0 	bl	20003a04 <__wrap___aeabi_lmul>
20001624:	2300      	movs	r3, #0
20001626:	4a0d      	ldr	r2, [pc, #52]	@ (2000165c <sdc41_read_measurement+0xc4>)
20001628:	f001 fb20 	bl	20002c6c <__wrap___aeabi_ldivmod>
2000162c:	4b0c      	ldr	r3, [pc, #48]	@ (20001660 <sdc41_read_measurement+0xc8>)
2000162e:	4a0d      	ldr	r2, [pc, #52]	@ (20001664 <sdc41_read_measurement+0xcc>)
20001630:	469c      	mov	ip, r3
20001632:	4460      	add	r0, ip
20001634:	6078      	str	r0, [r7, #4]
20001636:	2300      	movs	r3, #0
20001638:	88a8      	ldrh	r0, [r5, #4]
2000163a:	2100      	movs	r1, #0
2000163c:	f002 f9e2 	bl	20003a04 <__wrap___aeabi_lmul>
20001640:	2300      	movs	r3, #0
20001642:	4a06      	ldr	r2, [pc, #24]	@ (2000165c <sdc41_read_measurement+0xc4>)
20001644:	f001 fb2a 	bl	20002c9c <__wrap___aeabi_uldivmod>
20001648:	2300      	movs	r3, #0
2000164a:	60b8      	str	r0, [r7, #8]
2000164c:	e7b8      	b.n	200015c0 <sdc41_read_measurement+0x28>
2000164e:	46c0      	nop			@ (mov r8, r8)
20001650:	000005ec 	.word	0x000005ec
20001654:	2000a298 	.word	0x2000a298
20001658:	0002ab98 	.word	0x0002ab98
2000165c:	0000ffff 	.word	0x0000ffff
20001660:	ffff5038 	.word	0xffff5038
20001664:	000186a0 	.word	0x000186a0

20001668 <sdc41_get_ready>:
20001668:	b5f0      	push	{r4, r5, r6, r7, lr}
2000166a:	2700      	movs	r7, #0
2000166c:	b087      	sub	sp, #28
2000166e:	4b18      	ldr	r3, [pc, #96]	@ (200016d0 <sdc41_get_ready+0x68>)
20001670:	4e18      	ldr	r6, [pc, #96]	@ (200016d4 <sdc41_get_ready+0x6c>)
20001672:	ac03      	add	r4, sp, #12
20001674:	8023      	strh	r3, [r4, #0]
20001676:	0005      	movs	r5, r0
20001678:	2302      	movs	r3, #2
2000167a:	0022      	movs	r2, r4
2000167c:	2162      	movs	r1, #98	@ 0x62
2000167e:	0030      	movs	r0, r6
20001680:	9700      	str	r7, [sp, #0]
20001682:	f004 f907 	bl	20005894 <i2c_write_blocking>
20001686:	2301      	movs	r3, #1
20001688:	2802      	cmp	r0, #2
2000168a:	d002      	beq.n	20001692 <sdc41_get_ready+0x2a>
2000168c:	0018      	movs	r0, r3
2000168e:	b007      	add	sp, #28
20001690:	bdf0      	pop	{r4, r5, r6, r7, pc}
20001692:	3801      	subs	r0, #1
20001694:	f000 fdda 	bl	2000224c <sleep_ms>
20001698:	2303      	movs	r3, #3
2000169a:	0022      	movs	r2, r4
2000169c:	2162      	movs	r1, #98	@ 0x62
2000169e:	0030      	movs	r0, r6
200016a0:	9700      	str	r7, [sp, #0]
200016a2:	f004 f901 	bl	200058a8 <i2c_read_blocking>
200016a6:	2302      	movs	r3, #2
200016a8:	2803      	cmp	r0, #3
200016aa:	d1ef      	bne.n	2000168c <sdc41_get_ready+0x24>
200016ac:	2102      	movs	r1, #2
200016ae:	0020      	movs	r0, r4
200016b0:	f000 f994 	bl	200019dc <sdc41_crc8>
200016b4:	78a3      	ldrb	r3, [r4, #2]
200016b6:	4283      	cmp	r3, r0
200016b8:	d107      	bne.n	200016ca <sdc41_get_ready+0x62>
200016ba:	8823      	ldrh	r3, [r4, #0]
200016bc:	ba5b      	rev16	r3, r3
200016be:	055b      	lsls	r3, r3, #21
200016c0:	1e5a      	subs	r2, r3, #1
200016c2:	4193      	sbcs	r3, r2
200016c4:	702b      	strb	r3, [r5, #0]
200016c6:	2300      	movs	r3, #0
200016c8:	e7e0      	b.n	2000168c <sdc41_get_ready+0x24>
200016ca:	2303      	movs	r3, #3
200016cc:	e7de      	b.n	2000168c <sdc41_get_ready+0x24>
200016ce:	46c0      	nop			@ (mov r8, r8)
200016d0:	ffffb8e4 	.word	0xffffb8e4
200016d4:	2000a298 	.word	0x2000a298

200016d8 <sdc41_get_serial>:
200016d8:	b5f0      	push	{r4, r5, r6, r7, lr}
200016da:	2700      	movs	r7, #0
200016dc:	b087      	sub	sp, #28
200016de:	4b1b      	ldr	r3, [pc, #108]	@ (2000174c <sdc41_get_serial+0x74>)
200016e0:	4e1b      	ldr	r6, [pc, #108]	@ (20001750 <sdc41_get_serial+0x78>)
200016e2:	ac03      	add	r4, sp, #12
200016e4:	8023      	strh	r3, [r4, #0]
200016e6:	0005      	movs	r5, r0
200016e8:	2302      	movs	r3, #2
200016ea:	0022      	movs	r2, r4
200016ec:	2162      	movs	r1, #98	@ 0x62
200016ee:	0030      	movs	r0, r6
200016f0:	9700      	str	r7, [sp, #0]
200016f2:	f004 f8cf 	bl	20005894 <i2c_write_blocking>
200016f6:	2301      	movs	r3, #1
200016f8:	2802      	cmp	r0, #2
200016fa:	d002      	beq.n	20001702 <sdc41_get_serial+0x2a>
200016fc:	0018      	movs	r0, r3
200016fe:	b007      	add	sp, #28
20001700:	bdf0      	pop	{r4, r5, r6, r7, pc}
20001702:	3801      	subs	r0, #1
20001704:	f000 fda2 	bl	2000224c <sleep_ms>
20001708:	2309      	movs	r3, #9
2000170a:	0022      	movs	r2, r4
2000170c:	2162      	movs	r1, #98	@ 0x62
2000170e:	0030      	movs	r0, r6
20001710:	9700      	str	r7, [sp, #0]
20001712:	f004 f8c9 	bl	200058a8 <i2c_read_blocking>
20001716:	2809      	cmp	r0, #9
20001718:	d113      	bne.n	20001742 <sdc41_get_serial+0x6a>
2000171a:	1dae      	adds	r6, r5, #6
2000171c:	e008      	b.n	20001730 <sdc41_get_serial+0x58>
2000171e:	7822      	ldrb	r2, [r4, #0]
20001720:	7863      	ldrb	r3, [r4, #1]
20001722:	0212      	lsls	r2, r2, #8
20001724:	4313      	orrs	r3, r2
20001726:	802b      	strh	r3, [r5, #0]
20001728:	3502      	adds	r5, #2
2000172a:	3403      	adds	r4, #3
2000172c:	42b5      	cmp	r5, r6
2000172e:	d00a      	beq.n	20001746 <sdc41_get_serial+0x6e>
20001730:	2102      	movs	r1, #2
20001732:	0020      	movs	r0, r4
20001734:	f000 f952 	bl	200019dc <sdc41_crc8>
20001738:	78a3      	ldrb	r3, [r4, #2]
2000173a:	4283      	cmp	r3, r0
2000173c:	d0ef      	beq.n	2000171e <sdc41_get_serial+0x46>
2000173e:	2303      	movs	r3, #3
20001740:	e7dc      	b.n	200016fc <sdc41_get_serial+0x24>
20001742:	2302      	movs	r3, #2
20001744:	e7da      	b.n	200016fc <sdc41_get_serial+0x24>
20001746:	2300      	movs	r3, #0
20001748:	e7d8      	b.n	200016fc <sdc41_get_serial+0x24>
2000174a:	46c0      	nop			@ (mov r8, r8)
2000174c:	ffff8236 	.word	0xffff8236
20001750:	2000a298 	.word	0x2000a298

20001754 <sdc41_self_test>:
20001754:	b5f0      	push	{r4, r5, r6, r7, lr}
20001756:	2700      	movs	r7, #0
20001758:	b087      	sub	sp, #28
2000175a:	4b17      	ldr	r3, [pc, #92]	@ (200017b8 <sdc41_self_test+0x64>)
2000175c:	4e17      	ldr	r6, [pc, #92]	@ (200017bc <sdc41_self_test+0x68>)
2000175e:	ac03      	add	r4, sp, #12
20001760:	8023      	strh	r3, [r4, #0]
20001762:	0005      	movs	r5, r0
20001764:	2302      	movs	r3, #2
20001766:	0022      	movs	r2, r4
20001768:	2162      	movs	r1, #98	@ 0x62
2000176a:	0030      	movs	r0, r6
2000176c:	9700      	str	r7, [sp, #0]
2000176e:	f004 f891 	bl	20005894 <i2c_write_blocking>
20001772:	2301      	movs	r3, #1
20001774:	2802      	cmp	r0, #2
20001776:	d002      	beq.n	2000177e <sdc41_self_test+0x2a>
20001778:	0018      	movs	r0, r3
2000177a:	b007      	add	sp, #28
2000177c:	bdf0      	pop	{r4, r5, r6, r7, pc}
2000177e:	4810      	ldr	r0, [pc, #64]	@ (200017c0 <sdc41_self_test+0x6c>)
20001780:	f000 fd64 	bl	2000224c <sleep_ms>
20001784:	2303      	movs	r3, #3
20001786:	0022      	movs	r2, r4
20001788:	2162      	movs	r1, #98	@ 0x62
2000178a:	0030      	movs	r0, r6
2000178c:	9700      	str	r7, [sp, #0]
2000178e:	f004 f88b 	bl	200058a8 <i2c_read_blocking>
20001792:	2803      	cmp	r0, #3
20001794:	d10b      	bne.n	200017ae <sdc41_self_test+0x5a>
20001796:	2102      	movs	r1, #2
20001798:	0020      	movs	r0, r4
2000179a:	f000 f91f 	bl	200019dc <sdc41_crc8>
2000179e:	78a3      	ldrb	r3, [r4, #2]
200017a0:	4283      	cmp	r3, r0
200017a2:	d106      	bne.n	200017b2 <sdc41_self_test+0x5e>
200017a4:	8823      	ldrh	r3, [r4, #0]
200017a6:	ba5b      	rev16	r3, r3
200017a8:	802b      	strh	r3, [r5, #0]
200017aa:	2300      	movs	r3, #0
200017ac:	e7e4      	b.n	20001778 <sdc41_self_test+0x24>
200017ae:	2302      	movs	r3, #2
200017b0:	e7e2      	b.n	20001778 <sdc41_self_test+0x24>
200017b2:	2303      	movs	r3, #3
200017b4:	e7e0      	b.n	20001778 <sdc41_self_test+0x24>
200017b6:	46c0      	nop			@ (mov r8, r8)
200017b8:	00003936 	.word	0x00003936
200017bc:	2000a298 	.word	0x2000a298
200017c0:	00002710 	.word	0x00002710

200017c4 <sdc41_get_asc>:
200017c4:	b5f0      	push	{r4, r5, r6, r7, lr}
200017c6:	46c6      	mov	lr, r8
200017c8:	2500      	movs	r5, #0
200017ca:	b500      	push	{lr}
200017cc:	4b1b      	ldr	r3, [pc, #108]	@ (2000183c <sdc41_get_asc+0x78>)
200017ce:	b086      	sub	sp, #24
200017d0:	4f1b      	ldr	r7, [pc, #108]	@ (20001840 <sdc41_get_asc+0x7c>)
200017d2:	ac03      	add	r4, sp, #12
200017d4:	8023      	strh	r3, [r4, #0]
200017d6:	4680      	mov	r8, r0
200017d8:	2302      	movs	r3, #2
200017da:	0022      	movs	r2, r4
200017dc:	2162      	movs	r1, #98	@ 0x62
200017de:	0038      	movs	r0, r7
200017e0:	9500      	str	r5, [sp, #0]
200017e2:	f004 f857 	bl	20005894 <i2c_write_blocking>
200017e6:	2601      	movs	r6, #1
200017e8:	2802      	cmp	r0, #2
200017ea:	d004      	beq.n	200017f6 <sdc41_get_asc+0x32>
200017ec:	0030      	movs	r0, r6
200017ee:	b006      	add	sp, #24
200017f0:	bc80      	pop	{r7}
200017f2:	46b8      	mov	r8, r7
200017f4:	bdf0      	pop	{r4, r5, r6, r7, pc}
200017f6:	3801      	subs	r0, #1
200017f8:	f000 fd28 	bl	2000224c <sleep_ms>
200017fc:	2303      	movs	r3, #3
200017fe:	0022      	movs	r2, r4
20001800:	2162      	movs	r1, #98	@ 0x62
20001802:	0038      	movs	r0, r7
20001804:	9500      	str	r5, [sp, #0]
20001806:	f004 f84f 	bl	200058a8 <i2c_read_blocking>
2000180a:	2803      	cmp	r0, #3
2000180c:	d112      	bne.n	20001834 <sdc41_get_asc+0x70>
2000180e:	2102      	movs	r1, #2
20001810:	0020      	movs	r0, r4
20001812:	f000 f8e3 	bl	200019dc <sdc41_crc8>
20001816:	78a3      	ldrb	r3, [r4, #2]
20001818:	4283      	cmp	r3, r0
2000181a:	d10d      	bne.n	20001838 <sdc41_get_asc+0x74>
2000181c:	8823      	ldrh	r3, [r4, #0]
2000181e:	ba5b      	rev16	r3, r3
20001820:	b29b      	uxth	r3, r3
20001822:	2b01      	cmp	r3, #1
20001824:	d804      	bhi.n	20001830 <sdc41_get_asc+0x6c>
20001826:	4642      	mov	r2, r8
20001828:	4033      	ands	r3, r6
2000182a:	7013      	strb	r3, [r2, #0]
2000182c:	2600      	movs	r6, #0
2000182e:	e7dd      	b.n	200017ec <sdc41_get_asc+0x28>
20001830:	2604      	movs	r6, #4
20001832:	e7db      	b.n	200017ec <sdc41_get_asc+0x28>
20001834:	3601      	adds	r6, #1
20001836:	e7d9      	b.n	200017ec <sdc41_get_asc+0x28>
20001838:	2603      	movs	r6, #3
2000183a:	e7d7      	b.n	200017ec <sdc41_get_asc+0x28>
2000183c:	00001323 	.word	0x00001323
20001840:	2000a298 	.word	0x2000a298

20001844 <sdc41_set_asc>:
20001844:	b530      	push	{r4, r5, lr}
20001846:	b085      	sub	sp, #20
20001848:	ac02      	add	r4, sp, #8
2000184a:	70e0      	strb	r0, [r4, #3]
2000184c:	200a      	movs	r0, #10
2000184e:	2500      	movs	r5, #0
20001850:	4b0a      	ldr	r3, [pc, #40]	@ (2000187c <sdc41_set_asc+0x38>)
20001852:	2102      	movs	r1, #2
20001854:	4468      	add	r0, sp
20001856:	8023      	strh	r3, [r4, #0]
20001858:	70a5      	strb	r5, [r4, #2]
2000185a:	7125      	strb	r5, [r4, #4]
2000185c:	f000 f8be 	bl	200019dc <sdc41_crc8>
20001860:	2305      	movs	r3, #5
20001862:	7120      	strb	r0, [r4, #4]
20001864:	0022      	movs	r2, r4
20001866:	2162      	movs	r1, #98	@ 0x62
20001868:	9500      	str	r5, [sp, #0]
2000186a:	4805      	ldr	r0, [pc, #20]	@ (20001880 <sdc41_set_asc+0x3c>)
2000186c:	f004 f812 	bl	20005894 <i2c_write_blocking>
20001870:	3805      	subs	r0, #5
20001872:	1e43      	subs	r3, r0, #1
20001874:	4198      	sbcs	r0, r3
20001876:	b2c0      	uxtb	r0, r0
20001878:	b005      	add	sp, #20
2000187a:	bd30      	pop	{r4, r5, pc}
2000187c:	00001624 	.word	0x00001624
20001880:	2000a298 	.word	0x2000a298

20001884 <sdc41_get_offset_raw>:
20001884:	b5f0      	push	{r4, r5, r6, r7, lr}
20001886:	2700      	movs	r7, #0
20001888:	b087      	sub	sp, #28
2000188a:	4b17      	ldr	r3, [pc, #92]	@ (200018e8 <sdc41_get_offset_raw+0x64>)
2000188c:	4e17      	ldr	r6, [pc, #92]	@ (200018ec <sdc41_get_offset_raw+0x68>)
2000188e:	ac03      	add	r4, sp, #12
20001890:	8023      	strh	r3, [r4, #0]
20001892:	0005      	movs	r5, r0
20001894:	2302      	movs	r3, #2
20001896:	0022      	movs	r2, r4
20001898:	2162      	movs	r1, #98	@ 0x62
2000189a:	0030      	movs	r0, r6
2000189c:	9700      	str	r7, [sp, #0]
2000189e:	f003 fff9 	bl	20005894 <i2c_write_blocking>
200018a2:	2301      	movs	r3, #1
200018a4:	2802      	cmp	r0, #2
200018a6:	d002      	beq.n	200018ae <sdc41_get_offset_raw+0x2a>
200018a8:	0018      	movs	r0, r3
200018aa:	b007      	add	sp, #28
200018ac:	bdf0      	pop	{r4, r5, r6, r7, pc}
200018ae:	3801      	subs	r0, #1
200018b0:	f000 fccc 	bl	2000224c <sleep_ms>
200018b4:	2303      	movs	r3, #3
200018b6:	0022      	movs	r2, r4
200018b8:	2162      	movs	r1, #98	@ 0x62
200018ba:	0030      	movs	r0, r6
200018bc:	9700      	str	r7, [sp, #0]
200018be:	f003 fff3 	bl	200058a8 <i2c_read_blocking>
200018c2:	2803      	cmp	r0, #3
200018c4:	d10b      	bne.n	200018de <sdc41_get_offset_raw+0x5a>
200018c6:	2102      	movs	r1, #2
200018c8:	0020      	movs	r0, r4
200018ca:	f000 f887 	bl	200019dc <sdc41_crc8>
200018ce:	78a3      	ldrb	r3, [r4, #2]
200018d0:	4283      	cmp	r3, r0
200018d2:	d106      	bne.n	200018e2 <sdc41_get_offset_raw+0x5e>
200018d4:	8823      	ldrh	r3, [r4, #0]
200018d6:	ba5b      	rev16	r3, r3
200018d8:	802b      	strh	r3, [r5, #0]
200018da:	2300      	movs	r3, #0
200018dc:	e7e4      	b.n	200018a8 <sdc41_get_offset_raw+0x24>
200018de:	2302      	movs	r3, #2
200018e0:	e7e2      	b.n	200018a8 <sdc41_get_offset_raw+0x24>
200018e2:	2303      	movs	r3, #3
200018e4:	e7e0      	b.n	200018a8 <sdc41_get_offset_raw+0x24>
200018e6:	46c0      	nop			@ (mov r8, r8)
200018e8:	00001823 	.word	0x00001823
200018ec:	2000a298 	.word	0x2000a298

200018f0 <sdc41_set_offset_raw>:
200018f0:	b530      	push	{r4, r5, lr}
200018f2:	b085      	sub	sp, #20
200018f4:	ac02      	add	r4, sp, #8
200018f6:	ba40      	rev16	r0, r0
200018f8:	8060      	strh	r0, [r4, #2]
200018fa:	200a      	movs	r0, #10
200018fc:	2500      	movs	r5, #0
200018fe:	4b0a      	ldr	r3, [pc, #40]	@ (20001928 <sdc41_set_offset_raw+0x38>)
20001900:	2102      	movs	r1, #2
20001902:	4468      	add	r0, sp
20001904:	8023      	strh	r3, [r4, #0]
20001906:	7125      	strb	r5, [r4, #4]
20001908:	f000 f868 	bl	200019dc <sdc41_crc8>
2000190c:	2305      	movs	r3, #5
2000190e:	7120      	strb	r0, [r4, #4]
20001910:	0022      	movs	r2, r4
20001912:	2162      	movs	r1, #98	@ 0x62
20001914:	9500      	str	r5, [sp, #0]
20001916:	4805      	ldr	r0, [pc, #20]	@ (2000192c <sdc41_set_offset_raw+0x3c>)
20001918:	f003 ffbc 	bl	20005894 <i2c_write_blocking>
2000191c:	3805      	subs	r0, #5
2000191e:	1e43      	subs	r3, r0, #1
20001920:	4198      	sbcs	r0, r3
20001922:	b2c0      	uxtb	r0, r0
20001924:	b005      	add	sp, #20
20001926:	bd30      	pop	{r4, r5, pc}
20001928:	00001d24 	.word	0x00001d24
2000192c:	2000a298 	.word	0x2000a298

20001930 <sdc41_get_altitude>:
20001930:	b5f0      	push	{r4, r5, r6, r7, lr}
20001932:	2700      	movs	r7, #0
20001934:	b087      	sub	sp, #28
20001936:	4b17      	ldr	r3, [pc, #92]	@ (20001994 <sdc41_get_altitude+0x64>)
20001938:	4e17      	ldr	r6, [pc, #92]	@ (20001998 <sdc41_get_altitude+0x68>)
2000193a:	ac03      	add	r4, sp, #12
2000193c:	8023      	strh	r3, [r4, #0]
2000193e:	0005      	movs	r5, r0
20001940:	2302      	movs	r3, #2
20001942:	0022      	movs	r2, r4
20001944:	2162      	movs	r1, #98	@ 0x62
20001946:	0030      	movs	r0, r6
20001948:	9700      	str	r7, [sp, #0]
2000194a:	f003 ffa3 	bl	20005894 <i2c_write_blocking>
2000194e:	2301      	movs	r3, #1
20001950:	2802      	cmp	r0, #2
20001952:	d002      	beq.n	2000195a <sdc41_get_altitude+0x2a>
20001954:	0018      	movs	r0, r3
20001956:	b007      	add	sp, #28
20001958:	bdf0      	pop	{r4, r5, r6, r7, pc}
2000195a:	3801      	subs	r0, #1
2000195c:	f000 fc76 	bl	2000224c <sleep_ms>
20001960:	2303      	movs	r3, #3
20001962:	0022      	movs	r2, r4
20001964:	2162      	movs	r1, #98	@ 0x62
20001966:	0030      	movs	r0, r6
20001968:	9700      	str	r7, [sp, #0]
2000196a:	f003 ff9d 	bl	200058a8 <i2c_read_blocking>
2000196e:	2803      	cmp	r0, #3
20001970:	d10b      	bne.n	2000198a <sdc41_get_altitude+0x5a>
20001972:	2102      	movs	r1, #2
20001974:	0020      	movs	r0, r4
20001976:	f000 f831 	bl	200019dc <sdc41_crc8>
2000197a:	78a3      	ldrb	r3, [r4, #2]
2000197c:	4283      	cmp	r3, r0
2000197e:	d106      	bne.n	2000198e <sdc41_get_altitude+0x5e>
20001980:	8823      	ldrh	r3, [r4, #0]
20001982:	ba5b      	rev16	r3, r3
20001984:	802b      	strh	r3, [r5, #0]
20001986:	2300      	movs	r3, #0
20001988:	e7e4      	b.n	20001954 <sdc41_get_altitude+0x24>
2000198a:	2302      	movs	r3, #2
2000198c:	e7e2      	b.n	20001954 <sdc41_get_altitude+0x24>
2000198e:	2303      	movs	r3, #3
20001990:	e7e0      	b.n	20001954 <sdc41_get_altitude+0x24>
20001992:	46c0      	nop			@ (mov r8, r8)
20001994:	00002223 	.word	0x00002223
20001998:	2000a298 	.word	0x2000a298

2000199c <sdc41_set_altitude>:
2000199c:	b530      	push	{r4, r5, lr}
2000199e:	b085      	sub	sp, #20
200019a0:	ac02      	add	r4, sp, #8
200019a2:	ba40      	rev16	r0, r0
200019a4:	8060      	strh	r0, [r4, #2]
200019a6:	200a      	movs	r0, #10
200019a8:	2500      	movs	r5, #0
200019aa:	4b0a      	ldr	r3, [pc, #40]	@ (200019d4 <sdc41_set_altitude+0x38>)
200019ac:	2102      	movs	r1, #2
200019ae:	4468      	add	r0, sp
200019b0:	8023      	strh	r3, [r4, #0]
200019b2:	7125      	strb	r5, [r4, #4]
200019b4:	f000 f812 	bl	200019dc <sdc41_crc8>
200019b8:	2305      	movs	r3, #5
200019ba:	7120      	strb	r0, [r4, #4]
200019bc:	0022      	movs	r2, r4
200019be:	2162      	movs	r1, #98	@ 0x62
200019c0:	9500      	str	r5, [sp, #0]
200019c2:	4805      	ldr	r0, [pc, #20]	@ (200019d8 <sdc41_set_altitude+0x3c>)
200019c4:	f003 ff66 	bl	20005894 <i2c_write_blocking>
200019c8:	3805      	subs	r0, #5
200019ca:	1e43      	subs	r3, r0, #1
200019cc:	4198      	sbcs	r0, r3
200019ce:	b2c0      	uxtb	r0, r0
200019d0:	b005      	add	sp, #20
200019d2:	bd30      	pop	{r4, r5, pc}
200019d4:	00002724 	.word	0x00002724
200019d8:	2000a298 	.word	0x2000a298

200019dc <sdc41_crc8>:
200019dc:	b530      	push	{r4, r5, lr}
200019de:	2900      	cmp	r1, #0
200019e0:	d041      	beq.n	20001a66 <sdc41_crc8+0x8a>
200019e2:	1845      	adds	r5, r0, r1
200019e4:	0004      	movs	r4, r0
200019e6:	2131      	movs	r1, #49	@ 0x31
200019e8:	20ff      	movs	r0, #255	@ 0xff
200019ea:	7823      	ldrb	r3, [r4, #0]
200019ec:	4058      	eors	r0, r3
200019ee:	0043      	lsls	r3, r0, #1
200019f0:	b240      	sxtb	r0, r0
200019f2:	b2db      	uxtb	r3, r3
200019f4:	2800      	cmp	r0, #0
200019f6:	da01      	bge.n	200019fc <sdc41_crc8+0x20>
200019f8:	404b      	eors	r3, r1
200019fa:	b2db      	uxtb	r3, r3
200019fc:	005a      	lsls	r2, r3, #1
200019fe:	b25b      	sxtb	r3, r3
20001a00:	b2d2      	uxtb	r2, r2
20001a02:	2b00      	cmp	r3, #0
20001a04:	da01      	bge.n	20001a0a <sdc41_crc8+0x2e>
20001a06:	404a      	eors	r2, r1
20001a08:	b2d2      	uxtb	r2, r2
20001a0a:	0053      	lsls	r3, r2, #1
20001a0c:	b252      	sxtb	r2, r2
20001a0e:	b2db      	uxtb	r3, r3
20001a10:	2a00      	cmp	r2, #0
20001a12:	da01      	bge.n	20001a18 <sdc41_crc8+0x3c>
20001a14:	404b      	eors	r3, r1
20001a16:	b2db      	uxtb	r3, r3
20001a18:	005a      	lsls	r2, r3, #1
20001a1a:	b25b      	sxtb	r3, r3
20001a1c:	b2d2      	uxtb	r2, r2
20001a1e:	2b00      	cmp	r3, #0
20001a20:	da01      	bge.n	20001a26 <sdc41_crc8+0x4a>
20001a22:	404a      	eors	r2, r1
20001a24:	b2d2      	uxtb	r2, r2
20001a26:	0053      	lsls	r3, r2, #1
20001a28:	b252      	sxtb	r2, r2
20001a2a:	b2db      	uxtb	r3, r3
20001a2c:	2a00      	cmp	r2, #0
20001a2e:	da01      	bge.n	20001a34 <sdc41_crc8+0x58>
20001a30:	404b      	eors	r3, r1
20001a32:	b2db      	uxtb	r3, r3
20001a34:	005a      	lsls	r2, r3, #1
20001a36:	b25b      	sxtb	r3, r3
20001a38:	b2d2      	uxtb	r2, r2
20001a3a:	2b00      	cmp	r3, #0
20001a3c:	da01      	bge.n	20001a42 <sdc41_crc8+0x66>
20001a3e:	404a      	eors	r2, r1
20001a40:	b2d2      	uxtb	r2, r2
20001a42:	0053      	lsls	r3, r2, #1
20001a44:	b252      	sxtb	r2, r2
20001a46:	b2db      	uxtb	r3, r3
20001a48:	2a00      	cmp	r2, #0
20001a4a:	da01      	bge.n	20001a50 <sdc41_crc8+0x74>
20001a4c:	404b      	eors	r3, r1
20001a4e:	b2db      	uxtb	r3, r3
20001a50:	0058      	lsls	r0, r3, #1
20001a52:	b25b      	sxtb	r3, r3
20001a54:	b2c0      	uxtb	r0, r0
20001a56:	2b00      	cmp	r3, #0
20001a58:	da01      	bge.n	20001a5e <sdc41_crc8+0x82>
20001a5a:	4048      	eors	r0, r1
20001a5c:	b2c0      	uxtb	r0, r0
20001a5e:	3401      	adds	r4, #1
20001a60:	42ac      	cmp	r4, r5
20001a62:	d1c2      	bne.n	200019ea <sdc41_crc8+0xe>
20001a64:	bd30      	pop	{r4, r5, pc}
20001a66:	20ff      	movs	r0, #255	@ 0xff
20001a68:	e7fc      	b.n	20001a64 <sdc41_crc8+0x88>
20001a6a:	46c0      	nop			@ (mov r8, r8)

20001a6c <sdc41_crc_self_check>:
20001a6c:	2001      	movs	r0, #1
20001a6e:	4770      	bx	lr

20001a70 <gpio_set_function>:
20001a70:	4a09      	ldr	r2, [pc, #36]	@ (20001a98 <gpio_set_function+0x28>)
20001a72:	0083      	lsls	r3, r0, #2
20001a74:	189a      	adds	r2, r3, r2
20001a76:	b510      	push	{r4, lr}
20001a78:	6814      	ldr	r4, [r2, #0]
20001a7a:	2240      	movs	r2, #64	@ 0x40
20001a7c:	4054      	eors	r4, r2
20001a7e:	3280      	adds	r2, #128	@ 0x80
20001a80:	4022      	ands	r2, r4
20001a82:	4c06      	ldr	r4, [pc, #24]	@ (20001a9c <gpio_set_function+0x2c>)
20001a84:	00c0      	lsls	r0, r0, #3
20001a86:	46a4      	mov	ip, r4
20001a88:	4463      	add	r3, ip
20001a8a:	601a      	str	r2, [r3, #0]
20001a8c:	4b04      	ldr	r3, [pc, #16]	@ (20001aa0 <gpio_set_function+0x30>)
20001a8e:	469c      	mov	ip, r3
20001a90:	4460      	add	r0, ip
20001a92:	6041      	str	r1, [r0, #4]
20001a94:	bd10      	pop	{r4, pc}
20001a96:	46c0      	nop			@ (mov r8, r8)
20001a98:	4001c004 	.word	0x4001c004
20001a9c:	4001d004 	.word	0x4001d004
20001aa0:	40014000 	.word	0x40014000

20001aa4 <panic>:
20001aa4:	b40f      	push	{r0, r1, r2, r3}
20001aa6:	b500      	push	{lr}
20001aa8:	4808      	ldr	r0, [pc, #32]	@ (20001acc <panic+0x28>)
20001aaa:	b083      	sub	sp, #12
20001aac:	f003 fd96 	bl	200055dc <__wrap_puts>
20001ab0:	9b04      	ldr	r3, [sp, #16]
20001ab2:	2b00      	cmp	r3, #0
20001ab4:	d007      	beq.n	20001ac6 <panic+0x22>
20001ab6:	a905      	add	r1, sp, #20
20001ab8:	0018      	movs	r0, r3
20001aba:	9101      	str	r1, [sp, #4]
20001abc:	f003 fc04 	bl	200052c8 <weak_raw_vprintf>
20001ac0:	4803      	ldr	r0, [pc, #12]	@ (20001ad0 <panic+0x2c>)
20001ac2:	f003 fd8b 	bl	200055dc <__wrap_puts>
20001ac6:	2001      	movs	r0, #1
20001ac8:	f003 fc16 	bl	200052f8 <_exit>
20001acc:	200097c0 	.word	0x200097c0
20001ad0:	20009330 	.word	0x20009330

20001ad4 <hw_claim_or_assert>:
20001ad4:	b570      	push	{r4, r5, r6, lr}
20001ad6:	f3ef 8c10 	mrs	ip, PRIMASK
20001ada:	b672      	cpsid	i
20001adc:	4d0d      	ldr	r5, [pc, #52]	@ (20001b14 <hw_claim_or_assert+0x40>)
20001ade:	682b      	ldr	r3, [r5, #0]
20001ae0:	2b00      	cmp	r3, #0
20001ae2:	d0fc      	beq.n	20001ade <hw_claim_or_assert+0xa>
20001ae4:	f3bf 8f5f 	dmb	sy
20001ae8:	2407      	movs	r4, #7
20001aea:	08cb      	lsrs	r3, r1, #3
20001aec:	18c6      	adds	r6, r0, r3
20001aee:	5cc0      	ldrb	r0, [r0, r3]
20001af0:	2301      	movs	r3, #1
20001af2:	400c      	ands	r4, r1
20001af4:	40a3      	lsls	r3, r4
20001af6:	001c      	movs	r4, r3
20001af8:	4004      	ands	r4, r0
20001afa:	4203      	tst	r3, r0
20001afc:	d107      	bne.n	20001b0e <hw_claim_or_assert+0x3a>
20001afe:	4318      	orrs	r0, r3
20001b00:	7030      	strb	r0, [r6, #0]
20001b02:	f3bf 8f5f 	dmb	sy
20001b06:	602c      	str	r4, [r5, #0]
20001b08:	f38c 8810 	msr	PRIMASK, ip
20001b0c:	bd70      	pop	{r4, r5, r6, pc}
20001b0e:	0010      	movs	r0, r2
20001b10:	f7ff ffc8 	bl	20001aa4 <panic>
20001b14:	d000012c 	.word	0xd000012c

20001b18 <next_striped_spin_lock_num>:
20001b18:	4a04      	ldr	r2, [pc, #16]	@ (20001b2c <next_striped_spin_lock_num+0x14>)
20001b1a:	7810      	ldrb	r0, [r2, #0]
20001b1c:	1c43      	adds	r3, r0, #1
20001b1e:	b2db      	uxtb	r3, r3
20001b20:	2b17      	cmp	r3, #23
20001b22:	d900      	bls.n	20001b26 <next_striped_spin_lock_num+0xe>
20001b24:	2310      	movs	r3, #16
20001b26:	7013      	strb	r3, [r2, #0]
20001b28:	4770      	bx	lr
20001b2a:	46c0      	nop			@ (mov r8, r8)
20001b2c:	2000a248 	.word	0x2000a248

20001b30 <spin_locks_reset>:
20001b30:	2100      	movs	r1, #0
20001b32:	4b04      	ldr	r3, [pc, #16]	@ (20001b44 <spin_locks_reset+0x14>)
20001b34:	4a04      	ldr	r2, [pc, #16]	@ (20001b48 <spin_locks_reset+0x18>)
20001b36:	f3bf 8f5f 	dmb	sy
20001b3a:	c302      	stmia	r3!, {r1}
20001b3c:	4293      	cmp	r3, r2
20001b3e:	d1fa      	bne.n	20001b36 <spin_locks_reset+0x6>
20001b40:	4770      	bx	lr
20001b42:	46c0      	nop			@ (mov r8, r8)
20001b44:	d0000100 	.word	0xd0000100
20001b48:	d0000180 	.word	0xd0000180

20001b4c <runtime_init_per_core_irq_priorities>:
20001b4c:	4b05      	ldr	r3, [pc, #20]	@ (20001b64 <runtime_init_per_core_irq_priorities+0x18>)
20001b4e:	4a06      	ldr	r2, [pc, #24]	@ (20001b68 <runtime_init_per_core_irq_priorities+0x1c>)
20001b50:	6013      	str	r3, [r2, #0]
20001b52:	4a06      	ldr	r2, [pc, #24]	@ (20001b6c <runtime_init_per_core_irq_priorities+0x20>)
20001b54:	6013      	str	r3, [r2, #0]
20001b56:	6053      	str	r3, [r2, #4]
20001b58:	6093      	str	r3, [r2, #8]
20001b5a:	60d3      	str	r3, [r2, #12]
20001b5c:	6113      	str	r3, [r2, #16]
20001b5e:	6153      	str	r3, [r2, #20]
20001b60:	6193      	str	r3, [r2, #24]
20001b62:	4770      	bx	lr
20001b64:	80808080 	.word	0x80808080
20001b68:	e000e400 	.word	0xe000e400
20001b6c:	e000e404 	.word	0xe000e404

20001b70 <irq_set_enabled>:
20001b70:	231f      	movs	r3, #31
20001b72:	4018      	ands	r0, r3
20001b74:	3b1e      	subs	r3, #30
20001b76:	4083      	lsls	r3, r0
20001b78:	2900      	cmp	r1, #0
20001b7a:	d005      	beq.n	20001b88 <irq_set_enabled+0x18>
20001b7c:	21c0      	movs	r1, #192	@ 0xc0
20001b7e:	4a04      	ldr	r2, [pc, #16]	@ (20001b90 <irq_set_enabled+0x20>)
20001b80:	0049      	lsls	r1, r1, #1
20001b82:	5053      	str	r3, [r2, r1]
20001b84:	6013      	str	r3, [r2, #0]
20001b86:	4770      	bx	lr
20001b88:	2280      	movs	r2, #128	@ 0x80
20001b8a:	4901      	ldr	r1, [pc, #4]	@ (20001b90 <irq_set_enabled+0x20>)
20001b8c:	508b      	str	r3, [r1, r2]
20001b8e:	e7fa      	b.n	20001b86 <irq_set_enabled+0x16>
20001b90:	e000e100 	.word	0xe000e100

20001b94 <irq_set_exclusive_handler>:
20001b94:	b510      	push	{r4, lr}
20001b96:	f3ef 8c10 	mrs	ip, PRIMASK
20001b9a:	b672      	cpsid	i
20001b9c:	4a0f      	ldr	r2, [pc, #60]	@ (20001bdc <irq_set_exclusive_handler+0x48>)
20001b9e:	6813      	ldr	r3, [r2, #0]
20001ba0:	2b00      	cmp	r3, #0
20001ba2:	d0fc      	beq.n	20001b9e <irq_set_exclusive_handler+0xa>
20001ba4:	f3bf 8f5f 	dmb	sy
20001ba8:	4b0d      	ldr	r3, [pc, #52]	@ (20001be0 <irq_set_exclusive_handler+0x4c>)
20001baa:	3010      	adds	r0, #16
20001bac:	689b      	ldr	r3, [r3, #8]
20001bae:	0080      	lsls	r0, r0, #2
20001bb0:	581b      	ldr	r3, [r3, r0]
20001bb2:	4a0c      	ldr	r2, [pc, #48]	@ (20001be4 <irq_set_exclusive_handler+0x50>)
20001bb4:	4293      	cmp	r3, r2
20001bb6:	d001      	beq.n	20001bbc <irq_set_exclusive_handler+0x28>
20001bb8:	4299      	cmp	r1, r3
20001bba:	d10c      	bne.n	20001bd6 <irq_set_exclusive_handler+0x42>
20001bbc:	4b08      	ldr	r3, [pc, #32]	@ (20001be0 <irq_set_exclusive_handler+0x4c>)
20001bbe:	689b      	ldr	r3, [r3, #8]
20001bc0:	5019      	str	r1, [r3, r0]
20001bc2:	f3bf 8f5f 	dmb	sy
20001bc6:	f3bf 8f5f 	dmb	sy
20001bca:	2200      	movs	r2, #0
20001bcc:	4b03      	ldr	r3, [pc, #12]	@ (20001bdc <irq_set_exclusive_handler+0x48>)
20001bce:	601a      	str	r2, [r3, #0]
20001bd0:	f38c 8810 	msr	PRIMASK, ip
20001bd4:	bd10      	pop	{r4, pc}
20001bd6:	f000 fed1 	bl	2000297c <hard_assertion_failure>
20001bda:	46c0      	nop			@ (mov r8, r8)
20001bdc:	d0000124 	.word	0xd0000124
20001be0:	e000ed00 	.word	0xe000ed00
20001be4:	100001c1 	.word	0x100001c1

20001be8 <lock_init>:
20001be8:	4b02      	ldr	r3, [pc, #8]	@ (20001bf4 <lock_init+0xc>)
20001bea:	469c      	mov	ip, r3
20001bec:	4461      	add	r1, ip
20001bee:	0089      	lsls	r1, r1, #2
20001bf0:	6001      	str	r1, [r0, #0]
20001bf2:	4770      	bx	lr
20001bf4:	34000040 	.word	0x34000040

20001bf8 <runtime_init_mutex>:
20001bf8:	b570      	push	{r4, r5, r6, lr}
20001bfa:	4c11      	ldr	r4, [pc, #68]	@ (20001c40 <runtime_init_mutex+0x48>)
20001bfc:	4d11      	ldr	r5, [pc, #68]	@ (20001c44 <runtime_init_mutex+0x4c>)
20001bfe:	42ac      	cmp	r4, r5
20001c00:	d20f      	bcs.n	20001c22 <runtime_init_mutex+0x2a>
20001c02:	26ff      	movs	r6, #255	@ 0xff
20001c04:	6823      	ldr	r3, [r4, #0]
20001c06:	2b00      	cmp	r3, #0
20001c08:	d00c      	beq.n	20001c24 <runtime_init_mutex+0x2c>
20001c0a:	f7ff ff85 	bl	20001b18 <next_striped_spin_lock_num>
20001c0e:	0001      	movs	r1, r0
20001c10:	0020      	movs	r0, r4
20001c12:	f7ff ffe9 	bl	20001be8 <lock_init>
20001c16:	80a6      	strh	r6, [r4, #4]
20001c18:	f3bf 8f5f 	dmb	sy
20001c1c:	3408      	adds	r4, #8
20001c1e:	42ac      	cmp	r4, r5
20001c20:	d3f0      	bcc.n	20001c04 <runtime_init_mutex+0xc>
20001c22:	bd70      	pop	{r4, r5, r6, pc}
20001c24:	f7ff ff78 	bl	20001b18 <next_striped_spin_lock_num>
20001c28:	0001      	movs	r1, r0
20001c2a:	0020      	movs	r0, r4
20001c2c:	f7ff ffdc 	bl	20001be8 <lock_init>
20001c30:	7126      	strb	r6, [r4, #4]
20001c32:	f3bf 8f5f 	dmb	sy
20001c36:	3408      	adds	r4, #8
20001c38:	42ac      	cmp	r4, r5
20001c3a:	d3e3      	bcc.n	20001c04 <runtime_init_mutex+0xc>
20001c3c:	e7f1      	b.n	20001c22 <runtime_init_mutex+0x2a>
20001c3e:	46c0      	nop			@ (mov r8, r8)
20001c40:	2000a948 	.word	0x2000a948
20001c44:	2000a950 	.word	0x2000a950

20001c48 <sleep_until_callback>:
20001c48:	4b0a      	ldr	r3, [pc, #40]	@ (20001c74 <sleep_until_callback+0x2c>)
20001c4a:	6819      	ldr	r1, [r3, #0]
20001c4c:	f3ef 8010 	mrs	r0, PRIMASK
20001c50:	b672      	cpsid	i
20001c52:	680a      	ldr	r2, [r1, #0]
20001c54:	2a00      	cmp	r2, #0
20001c56:	d0fc      	beq.n	20001c52 <sleep_until_callback+0xa>
20001c58:	f3bf 8f5f 	dmb	sy
20001c5c:	681b      	ldr	r3, [r3, #0]
20001c5e:	f3bf 8f5f 	dmb	sy
20001c62:	2200      	movs	r2, #0
20001c64:	601a      	str	r2, [r3, #0]
20001c66:	f380 8810 	msr	PRIMASK, r0
20001c6a:	bf40      	sev
20001c6c:	2000      	movs	r0, #0
20001c6e:	2100      	movs	r1, #0
20001c70:	4770      	bx	lr
20001c72:	46c0      	nop			@ (mov r8, r8)
20001c74:	2000aee0 	.word	0x2000aee0

20001c78 <alarm_pool_irq_handler>:
20001c78:	b5f0      	push	{r4, r5, r6, r7, lr}
20001c7a:	46de      	mov	lr, fp
20001c7c:	4657      	mov	r7, sl
20001c7e:	464e      	mov	r6, r9
20001c80:	4645      	mov	r5, r8
20001c82:	b5e0      	push	{r5, r6, r7, lr}
20001c84:	b083      	sub	sp, #12
20001c86:	f3ef 8205 	mrs	r2, IPSR
20001c8a:	2303      	movs	r3, #3
20001c8c:	4013      	ands	r3, r2
20001c8e:	4ab5      	ldr	r2, [pc, #724]	@ (20001f64 <alarm_pool_irq_handler+0x2ec>)
20001c90:	0099      	lsls	r1, r3, #2
20001c92:	5852      	ldr	r2, [r2, r1]
20001c94:	9100      	str	r1, [sp, #0]
20001c96:	4690      	mov	r8, r2
20001c98:	2201      	movs	r2, #1
20001c9a:	409a      	lsls	r2, r3
20001c9c:	4693      	mov	fp, r2
20001c9e:	4bb2      	ldr	r3, [pc, #712]	@ (20001f68 <alarm_pool_irq_handler+0x2f0>)
20001ca0:	601a      	str	r2, [r3, #0]
20001ca2:	4bb2      	ldr	r3, [pc, #712]	@ (20001f6c <alarm_pool_irq_handler+0x2f4>)
20001ca4:	9301      	str	r3, [sp, #4]
20001ca6:	465b      	mov	r3, fp
20001ca8:	48b1      	ldr	r0, [pc, #708]	@ (20001f70 <alarm_pool_irq_handler+0x2f8>)
20001caa:	6343      	str	r3, [r0, #52]	@ 0x34
20001cac:	4643      	mov	r3, r8
20001cae:	2208      	movs	r2, #8
20001cb0:	5e9b      	ldrsh	r3, [r3, r2]
20001cb2:	4699      	mov	r9, r3
20001cb4:	2b00      	cmp	r3, #0
20001cb6:	da3a      	bge.n	20001d2e <alarm_pool_irq_handler+0xb6>
20001cb8:	4643      	mov	r3, r8
20001cba:	889b      	ldrh	r3, [r3, #4]
20001cbc:	b21b      	sxth	r3, r3
20001cbe:	2b00      	cmp	r3, #0
20001cc0:	db00      	blt.n	20001cc4 <alarm_pool_irq_handler+0x4c>
20001cc2:	e09d      	b.n	20001e00 <alarm_pool_irq_handler+0x188>
20001cc4:	4643      	mov	r3, r8
20001cc6:	799b      	ldrb	r3, [r3, #6]
20001cc8:	2b00      	cmp	r3, #0
20001cca:	d000      	beq.n	20001cce <alarm_pool_irq_handler+0x56>
20001ccc:	e0e1      	b.n	20001e92 <alarm_pool_irq_handler+0x21a>
20001cce:	4643      	mov	r3, r8
20001cd0:	2408      	movs	r4, #8
20001cd2:	5f1c      	ldrsh	r4, [r3, r4]
20001cd4:	2c00      	cmp	r4, #0
20001cd6:	db20      	blt.n	20001d1a <alarm_pool_irq_handler+0xa2>
20001cd8:	4643      	mov	r3, r8
20001cda:	695a      	ldr	r2, [r3, #20]
20001cdc:	0063      	lsls	r3, r4, #1
20001cde:	191b      	adds	r3, r3, r4
20001ce0:	00db      	lsls	r3, r3, #3
20001ce2:	18d3      	adds	r3, r2, r3
20001ce4:	689d      	ldr	r5, [r3, #8]
20001ce6:	68dc      	ldr	r4, [r3, #12]
20001ce8:	1c6b      	adds	r3, r5, #1
20001cea:	d100      	bne.n	20001cee <alarm_pool_irq_handler+0x76>
20001cec:	e103      	b.n	20001ef6 <alarm_pool_irq_handler+0x27e>
20001cee:	48a0      	ldr	r0, [pc, #640]	@ (20001f70 <alarm_pool_irq_handler+0x2f8>)
20001cf0:	9900      	ldr	r1, [sp, #0]
20001cf2:	4684      	mov	ip, r0
20001cf4:	4461      	add	r1, ip
20001cf6:	6a82      	ldr	r2, [r0, #40]	@ 0x28
20001cf8:	690b      	ldr	r3, [r1, #16]
20001cfa:	1aae      	subs	r6, r5, r2
20001cfc:	1a9b      	subs	r3, r3, r2
20001cfe:	429e      	cmp	r6, r3
20001d00:	d313      	bcc.n	20001d2a <alarm_pool_irq_handler+0xb2>
20001d02:	465a      	mov	r2, fp
20001d04:	6a03      	ldr	r3, [r0, #32]
20001d06:	421a      	tst	r2, r3
20001d08:	d00f      	beq.n	20001d2a <alarm_pool_irq_handler+0xb2>
20001d0a:	4899      	ldr	r0, [pc, #612]	@ (20001f70 <alarm_pool_irq_handler+0x2f8>)
20001d0c:	f000 fb50 	bl	200023b0 <timer_time_us_64>
20001d10:	428c      	cmp	r4, r1
20001d12:	dc02      	bgt.n	20001d1a <alarm_pool_irq_handler+0xa2>
20001d14:	d1c7      	bne.n	20001ca6 <alarm_pool_irq_handler+0x2e>
20001d16:	4285      	cmp	r5, r0
20001d18:	d9c5      	bls.n	20001ca6 <alarm_pool_irq_handler+0x2e>
20001d1a:	bf40      	sev
20001d1c:	b003      	add	sp, #12
20001d1e:	bcf0      	pop	{r4, r5, r6, r7}
20001d20:	46bb      	mov	fp, r7
20001d22:	46b2      	mov	sl, r6
20001d24:	46a9      	mov	r9, r5
20001d26:	46a0      	mov	r8, r4
20001d28:	bdf0      	pop	{r4, r5, r6, r7, pc}
20001d2a:	610d      	str	r5, [r1, #16]
20001d2c:	e7ed      	b.n	20001d0a <alarm_pool_irq_handler+0x92>
20001d2e:	4642      	mov	r2, r8
20001d30:	6952      	ldr	r2, [r2, #20]
20001d32:	005b      	lsls	r3, r3, #1
20001d34:	4692      	mov	sl, r2
20001d36:	444b      	add	r3, r9
20001d38:	00db      	lsls	r3, r3, #3
20001d3a:	449a      	add	sl, r3
20001d3c:	4653      	mov	r3, sl
20001d3e:	689e      	ldr	r6, [r3, #8]
20001d40:	68df      	ldr	r7, [r3, #12]
20001d42:	f000 fb35 	bl	200023b0 <timer_time_us_64>
20001d46:	428f      	cmp	r7, r1
20001d48:	dcb6      	bgt.n	20001cb8 <alarm_pool_irq_handler+0x40>
20001d4a:	d100      	bne.n	20001d4e <alarm_pool_irq_handler+0xd6>
20001d4c:	e0f8      	b.n	20001f40 <alarm_pool_irq_handler+0x2c8>
20001d4e:	2f00      	cmp	r7, #0
20001d50:	da00      	bge.n	20001d54 <alarm_pool_irq_handler+0xdc>
20001d52:	e0d9      	b.n	20001f08 <alarm_pool_irq_handler+0x290>
20001d54:	4652      	mov	r2, sl
20001d56:	4653      	mov	r3, sl
20001d58:	6954      	ldr	r4, [r2, #20]
20001d5a:	691b      	ldr	r3, [r3, #16]
20001d5c:	9a01      	ldr	r2, [sp, #4]
20001d5e:	4293      	cmp	r3, r2
20001d60:	d100      	bne.n	20001d64 <alarm_pool_irq_handler+0xec>
20001d62:	e0cc      	b.n	20001efe <alarm_pool_irq_handler+0x286>
20001d64:	4641      	mov	r1, r8
20001d66:	4652      	mov	r2, sl
20001d68:	2008      	movs	r0, #8
20001d6a:	5e08      	ldrsh	r0, [r1, r0]
20001d6c:	8852      	ldrh	r2, [r2, #2]
20001d6e:	0400      	lsls	r0, r0, #16
20001d70:	0021      	movs	r1, r4
20001d72:	4310      	orrs	r0, r2
20001d74:	4798      	blx	r3
20001d76:	0004      	movs	r4, r0
20001d78:	000d      	movs	r5, r1
20001d7a:	0023      	movs	r3, r4
20001d7c:	432b      	orrs	r3, r5
20001d7e:	d100      	bne.n	20001d82 <alarm_pool_irq_handler+0x10a>
20001d80:	e0c2      	b.n	20001f08 <alarm_pool_irq_handler+0x290>
20001d82:	2d00      	cmp	r5, #0
20001d84:	db00      	blt.n	20001d88 <alarm_pool_irq_handler+0x110>
20001d86:	e0df      	b.n	20001f48 <alarm_pool_irq_handler+0x2d0>
20001d88:	0030      	movs	r0, r6
20001d8a:	0039      	movs	r1, r7
20001d8c:	1b00      	subs	r0, r0, r4
20001d8e:	41a9      	sbcs	r1, r5
20001d90:	4653      	mov	r3, sl
20001d92:	6098      	str	r0, [r3, #8]
20001d94:	60d9      	str	r1, [r3, #12]
20001d96:	2200      	movs	r2, #0
20001d98:	5e9a      	ldrsh	r2, [r3, r2]
20001d9a:	2a00      	cmp	r2, #0
20001d9c:	da00      	bge.n	20001da0 <alarm_pool_irq_handler+0x128>
20001d9e:	e78b      	b.n	20001cb8 <alarm_pool_irq_handler+0x40>
20001da0:	4643      	mov	r3, r8
20001da2:	695d      	ldr	r5, [r3, #20]
20001da4:	0053      	lsls	r3, r2, #1
20001da6:	189c      	adds	r4, r3, r2
20001da8:	00e4      	lsls	r4, r4, #3
20001daa:	192c      	adds	r4, r5, r4
20001dac:	68a7      	ldr	r7, [r4, #8]
20001dae:	68e4      	ldr	r4, [r4, #12]
20001db0:	428c      	cmp	r4, r1
20001db2:	dd00      	ble.n	20001db6 <alarm_pool_irq_handler+0x13e>
20001db4:	e780      	b.n	20001cb8 <alarm_pool_irq_handler+0x40>
20001db6:	d102      	bne.n	20001dbe <alarm_pool_irq_handler+0x146>
20001db8:	4287      	cmp	r7, r0
20001dba:	d900      	bls.n	20001dbe <alarm_pool_irq_handler+0x146>
20001dbc:	e77c      	b.n	20001cb8 <alarm_pool_irq_handler+0x40>
20001dbe:	4646      	mov	r6, r8
20001dc0:	8132      	strh	r2, [r6, #8]
20001dc2:	3608      	adds	r6, #8
20001dc4:	e00d      	b.n	20001de2 <alarm_pool_irq_handler+0x16a>
20001dc6:	428c      	cmp	r4, r1
20001dc8:	d100      	bne.n	20001dcc <alarm_pool_irq_handler+0x154>
20001dca:	e0c6      	b.n	20001f5a <alarm_pool_irq_handler+0x2e2>
20001dcc:	001e      	movs	r6, r3
20001dce:	2300      	movs	r3, #0
20001dd0:	5ef2      	ldrsh	r2, [r6, r3]
20001dd2:	2a00      	cmp	r2, #0
20001dd4:	db0a      	blt.n	20001dec <alarm_pool_irq_handler+0x174>
20001dd6:	0053      	lsls	r3, r2, #1
20001dd8:	189c      	adds	r4, r3, r2
20001dda:	00e4      	lsls	r4, r4, #3
20001ddc:	192c      	adds	r4, r5, r4
20001dde:	68a7      	ldr	r7, [r4, #8]
20001de0:	68e4      	ldr	r4, [r4, #12]
20001de2:	189b      	adds	r3, r3, r2
20001de4:	00db      	lsls	r3, r3, #3
20001de6:	18eb      	adds	r3, r5, r3
20001de8:	428c      	cmp	r4, r1
20001dea:	ddec      	ble.n	20001dc6 <alarm_pool_irq_handler+0x14e>
20001dec:	4653      	mov	r3, sl
20001dee:	801a      	strh	r2, [r3, #0]
20001df0:	464b      	mov	r3, r9
20001df2:	8033      	strh	r3, [r6, #0]
20001df4:	4643      	mov	r3, r8
20001df6:	889b      	ldrh	r3, [r3, #4]
20001df8:	b21b      	sxth	r3, r3
20001dfa:	2b00      	cmp	r3, #0
20001dfc:	da00      	bge.n	20001e00 <alarm_pool_irq_handler+0x188>
20001dfe:	e761      	b.n	20001cc4 <alarm_pool_irq_handler+0x4c>
20001e00:	4643      	mov	r3, r8
20001e02:	691a      	ldr	r2, [r3, #16]
20001e04:	f3ef 8110 	mrs	r1, PRIMASK
20001e08:	b672      	cpsid	i
20001e0a:	6813      	ldr	r3, [r2, #0]
20001e0c:	2b00      	cmp	r3, #0
20001e0e:	d0fc      	beq.n	20001e0a <alarm_pool_irq_handler+0x192>
20001e10:	f3bf 8f5f 	dmb	sy
20001e14:	4643      	mov	r3, r8
20001e16:	889e      	ldrh	r6, [r3, #4]
20001e18:	2301      	movs	r3, #1
20001e1a:	4642      	mov	r2, r8
20001e1c:	425b      	negs	r3, r3
20001e1e:	8093      	strh	r3, [r2, #4]
20001e20:	b236      	sxth	r6, r6
20001e22:	6913      	ldr	r3, [r2, #16]
20001e24:	f3bf 8f5f 	dmb	sy
20001e28:	2200      	movs	r2, #0
20001e2a:	601a      	str	r2, [r3, #0]
20001e2c:	f381 8810 	msr	PRIMASK, r1
20001e30:	2e00      	cmp	r6, #0
20001e32:	da00      	bge.n	20001e36 <alarm_pool_irq_handler+0x1be>
20001e34:	e746      	b.n	20001cc4 <alarm_pool_irq_handler+0x4c>
20001e36:	4643      	mov	r3, r8
20001e38:	695d      	ldr	r5, [r3, #20]
20001e3a:	3308      	adds	r3, #8
20001e3c:	4642      	mov	r2, r8
20001e3e:	469c      	mov	ip, r3
20001e40:	0077      	lsls	r7, r6, #1
20001e42:	19bf      	adds	r7, r7, r6
20001e44:	00ff      	lsls	r7, r7, #3
20001e46:	19ef      	adds	r7, r5, r7
20001e48:	68bb      	ldr	r3, [r7, #8]
20001e4a:	4660      	mov	r0, ip
20001e4c:	4698      	mov	r8, r3
20001e4e:	2308      	movs	r3, #8
20001e50:	5ed1      	ldrsh	r1, [r2, r3]
20001e52:	4692      	mov	sl, r2
20001e54:	68fc      	ldr	r4, [r7, #12]
20001e56:	2900      	cmp	r1, #0
20001e58:	da07      	bge.n	20001e6a <alarm_pool_irq_handler+0x1f2>
20001e5a:	e00e      	b.n	20001e7a <alarm_pool_irq_handler+0x202>
20001e5c:	42a2      	cmp	r2, r4
20001e5e:	d046      	beq.n	20001eee <alarm_pool_irq_handler+0x276>
20001e60:	0018      	movs	r0, r3
20001e62:	2300      	movs	r3, #0
20001e64:	5ec1      	ldrsh	r1, [r0, r3]
20001e66:	2900      	cmp	r1, #0
20001e68:	db06      	blt.n	20001e78 <alarm_pool_irq_handler+0x200>
20001e6a:	004b      	lsls	r3, r1, #1
20001e6c:	185b      	adds	r3, r3, r1
20001e6e:	00db      	lsls	r3, r3, #3
20001e70:	18eb      	adds	r3, r5, r3
20001e72:	68da      	ldr	r2, [r3, #12]
20001e74:	42a2      	cmp	r2, r4
20001e76:	ddf1      	ble.n	20001e5c <alarm_pool_irq_handler+0x1e4>
20001e78:	4652      	mov	r2, sl
20001e7a:	8006      	strh	r6, [r0, #0]
20001e7c:	2300      	movs	r3, #0
20001e7e:	5efe      	ldrsh	r6, [r7, r3]
20001e80:	8039      	strh	r1, [r7, #0]
20001e82:	2e00      	cmp	r6, #0
20001e84:	dadc      	bge.n	20001e40 <alarm_pool_irq_handler+0x1c8>
20001e86:	4690      	mov	r8, r2
20001e88:	4643      	mov	r3, r8
20001e8a:	799b      	ldrb	r3, [r3, #6]
20001e8c:	2b00      	cmp	r3, #0
20001e8e:	d100      	bne.n	20001e92 <alarm_pool_irq_handler+0x21a>
20001e90:	e71d      	b.n	20001cce <alarm_pool_irq_handler+0x56>
20001e92:	2300      	movs	r3, #0
20001e94:	4642      	mov	r2, r8
20001e96:	7193      	strb	r3, [r2, #6]
20001e98:	4643      	mov	r3, r8
20001e9a:	4646      	mov	r6, r8
20001e9c:	2108      	movs	r1, #8
20001e9e:	5e59      	ldrsh	r1, [r3, r1]
20001ea0:	3608      	adds	r6, #8
20001ea2:	1c4b      	adds	r3, r1, #1
20001ea4:	d100      	bne.n	20001ea8 <alarm_pool_irq_handler+0x230>
20001ea6:	e738      	b.n	20001d1a <alarm_pool_irq_handler+0xa2>
20001ea8:	4647      	mov	r7, r8
20001eaa:	4689      	mov	r9, r1
20001eac:	6955      	ldr	r5, [r2, #20]
20001eae:	e002      	b.n	20001eb6 <alarm_pool_irq_handler+0x23e>
20001eb0:	0006      	movs	r6, r0
20001eb2:	1c4b      	adds	r3, r1, #1
20001eb4:	d018      	beq.n	20001ee8 <alarm_pool_irq_handler+0x270>
20001eb6:	004b      	lsls	r3, r1, #1
20001eb8:	185b      	adds	r3, r3, r1
20001eba:	00db      	lsls	r3, r3, #3
20001ebc:	18e8      	adds	r0, r5, r3
20001ebe:	000a      	movs	r2, r1
20001ec0:	468c      	mov	ip, r1
20001ec2:	5ee9      	ldrsh	r1, [r5, r3]
20001ec4:	8843      	ldrh	r3, [r0, #2]
20001ec6:	b21b      	sxth	r3, r3
20001ec8:	2b00      	cmp	r3, #0
20001eca:	daf1      	bge.n	20001eb0 <alarm_pool_irq_handler+0x238>
20001ecc:	2301      	movs	r3, #1
20001ece:	425b      	negs	r3, r3
20001ed0:	17dc      	asrs	r4, r3, #31
20001ed2:	6083      	str	r3, [r0, #8]
20001ed4:	60c4      	str	r4, [r0, #12]
20001ed6:	454a      	cmp	r2, r9
20001ed8:	d003      	beq.n	20001ee2 <alarm_pool_irq_handler+0x26a>
20001eda:	8031      	strh	r1, [r6, #0]
20001edc:	893b      	ldrh	r3, [r7, #8]
20001ede:	8003      	strh	r3, [r0, #0]
20001ee0:	813a      	strh	r2, [r7, #8]
20001ee2:	46e1      	mov	r9, ip
20001ee4:	1c4b      	adds	r3, r1, #1
20001ee6:	d1e6      	bne.n	20001eb6 <alarm_pool_irq_handler+0x23e>
20001ee8:	46b8      	mov	r8, r7
20001eea:	464c      	mov	r4, r9
20001eec:	e6f2      	b.n	20001cd4 <alarm_pool_irq_handler+0x5c>
20001eee:	689a      	ldr	r2, [r3, #8]
20001ef0:	4542      	cmp	r2, r8
20001ef2:	d9b5      	bls.n	20001e60 <alarm_pool_irq_handler+0x1e8>
20001ef4:	e7c0      	b.n	20001e78 <alarm_pool_irq_handler+0x200>
20001ef6:	1c63      	adds	r3, r4, #1
20001ef8:	d000      	beq.n	20001efc <alarm_pool_irq_handler+0x284>
20001efa:	e6f8      	b.n	20001cee <alarm_pool_irq_handler+0x76>
20001efc:	e705      	b.n	20001d0a <alarm_pool_irq_handler+0x92>
20001efe:	0020      	movs	r0, r4
20001f00:	6923      	ldr	r3, [r4, #16]
20001f02:	4798      	blx	r3
20001f04:	2800      	cmp	r0, #0
20001f06:	d125      	bne.n	20001f54 <alarm_pool_irq_handler+0x2dc>
20001f08:	4653      	mov	r3, sl
20001f0a:	4642      	mov	r2, r8
20001f0c:	881b      	ldrh	r3, [r3, #0]
20001f0e:	8113      	strh	r3, [r2, #8]
20001f10:	6912      	ldr	r2, [r2, #16]
20001f12:	f3ef 8310 	mrs	r3, PRIMASK
20001f16:	b672      	cpsid	i
20001f18:	6811      	ldr	r1, [r2, #0]
20001f1a:	2900      	cmp	r1, #0
20001f1c:	d0fc      	beq.n	20001f18 <alarm_pool_irq_handler+0x2a0>
20001f1e:	f3bf 8f5f 	dmb	sy
20001f22:	4642      	mov	r2, r8
20001f24:	4651      	mov	r1, sl
20001f26:	8852      	ldrh	r2, [r2, #2]
20001f28:	800a      	strh	r2, [r1, #0]
20001f2a:	4642      	mov	r2, r8
20001f2c:	4649      	mov	r1, r9
20001f2e:	8051      	strh	r1, [r2, #2]
20001f30:	6912      	ldr	r2, [r2, #16]
20001f32:	f3bf 8f5f 	dmb	sy
20001f36:	2100      	movs	r1, #0
20001f38:	6011      	str	r1, [r2, #0]
20001f3a:	f383 8810 	msr	PRIMASK, r3
20001f3e:	e6bb      	b.n	20001cb8 <alarm_pool_irq_handler+0x40>
20001f40:	4286      	cmp	r6, r0
20001f42:	d800      	bhi.n	20001f46 <alarm_pool_irq_handler+0x2ce>
20001f44:	e703      	b.n	20001d4e <alarm_pool_irq_handler+0xd6>
20001f46:	e6b7      	b.n	20001cb8 <alarm_pool_irq_handler+0x40>
20001f48:	4809      	ldr	r0, [pc, #36]	@ (20001f70 <alarm_pool_irq_handler+0x2f8>)
20001f4a:	f000 fa31 	bl	200023b0 <timer_time_us_64>
20001f4e:	1900      	adds	r0, r0, r4
20001f50:	4169      	adcs	r1, r5
20001f52:	e71d      	b.n	20001d90 <alarm_pool_irq_handler+0x118>
20001f54:	6865      	ldr	r5, [r4, #4]
20001f56:	6824      	ldr	r4, [r4, #0]
20001f58:	e70f      	b.n	20001d7a <alarm_pool_irq_handler+0x102>
20001f5a:	4287      	cmp	r7, r0
20001f5c:	d800      	bhi.n	20001f60 <alarm_pool_irq_handler+0x2e8>
20001f5e:	e735      	b.n	20001dcc <alarm_pool_irq_handler+0x154>
20001f60:	e744      	b.n	20001dec <alarm_pool_irq_handler+0x174>
20001f62:	46c0      	nop			@ (mov r8, r8)
20001f64:	2000aecc 	.word	0x2000aecc
20001f68:	4005703c 	.word	0x4005703c
20001f6c:	20001c79 	.word	0x20001c79
20001f70:	40054000 	.word	0x40054000

20001f74 <runtime_init_default_alarm_pool>:
20001f74:	b570      	push	{r4, r5, r6, lr}
20001f76:	4c2e      	ldr	r4, [pc, #184]	@ (20002030 <runtime_init_default_alarm_pool+0xbc>)
20001f78:	6925      	ldr	r5, [r4, #16]
20001f7a:	2d00      	cmp	r5, #0
20001f7c:	d004      	beq.n	20001f88 <runtime_init_default_alarm_pool+0x14>
20001f7e:	210a      	movs	r1, #10
20001f80:	482c      	ldr	r0, [pc, #176]	@ (20002034 <runtime_init_default_alarm_pool+0xc0>)
20001f82:	f7ff fe31 	bl	20001be8 <lock_init>
20001f86:	bd70      	pop	{r4, r5, r6, pc}
20001f88:	4e2b      	ldr	r6, [pc, #172]	@ (20002038 <runtime_init_default_alarm_pool+0xc4>)
20001f8a:	2103      	movs	r1, #3
20001f8c:	0030      	movs	r0, r6
20001f8e:	f000 fa05 	bl	2000239c <timer_hardware_alarm_claim>
20001f92:	60e6      	str	r6, [r4, #12]
20001f94:	f7ff fdc0 	bl	20001b18 <next_striped_spin_lock_num>
20001f98:	4b28      	ldr	r3, [pc, #160]	@ (2000203c <runtime_init_default_alarm_pool+0xc8>)
20001f9a:	2203      	movs	r2, #3
20001f9c:	469c      	mov	ip, r3
20001f9e:	23d0      	movs	r3, #208	@ 0xd0
20001fa0:	7022      	strb	r2, [r4, #0]
20001fa2:	061b      	lsls	r3, r3, #24
20001fa4:	681b      	ldr	r3, [r3, #0]
20001fa6:	2101      	movs	r1, #1
20001fa8:	7063      	strb	r3, [r4, #1]
20001faa:	4b25      	ldr	r3, [pc, #148]	@ (20002040 <runtime_init_default_alarm_pool+0xcc>)
20001fac:	4460      	add	r0, ip
20001fae:	60a3      	str	r3, [r4, #8]
20001fb0:	230f      	movs	r3, #15
20001fb2:	0080      	lsls	r0, r0, #2
20001fb4:	6120      	str	r0, [r4, #16]
20001fb6:	2002      	movs	r0, #2
20001fb8:	8063      	strh	r3, [r4, #2]
20001fba:	6963      	ldr	r3, [r4, #20]
20001fbc:	4249      	negs	r1, r1
20001fbe:	80a1      	strh	r1, [r4, #4]
20001fc0:	8019      	strh	r1, [r3, #0]
20001fc2:	3102      	adds	r1, #2
20001fc4:	8619      	strh	r1, [r3, #48]	@ 0x30
20001fc6:	3147      	adds	r1, #71	@ 0x47
20001fc8:	831d      	strh	r5, [r3, #24]
20001fca:	5258      	strh	r0, [r3, r1]
20001fcc:	3118      	adds	r1, #24
20001fce:	525a      	strh	r2, [r3, r1]
20001fd0:	3275      	adds	r2, #117	@ 0x75
20001fd2:	395c      	subs	r1, #92	@ 0x5c
20001fd4:	5299      	strh	r1, [r3, r2]
20001fd6:	3218      	adds	r2, #24
20001fd8:	3101      	adds	r1, #1
20001fda:	5299      	strh	r1, [r3, r2]
20001fdc:	3218      	adds	r2, #24
20001fde:	3101      	adds	r1, #1
20001fe0:	5299      	strh	r1, [r3, r2]
20001fe2:	3218      	adds	r2, #24
20001fe4:	3101      	adds	r1, #1
20001fe6:	5299      	strh	r1, [r3, r2]
20001fe8:	3508      	adds	r5, #8
20001fea:	3218      	adds	r2, #24
20001fec:	529d      	strh	r5, [r3, r2]
20001fee:	3102      	adds	r1, #2
20001ff0:	3218      	adds	r2, #24
20001ff2:	5299      	strh	r1, [r3, r2]
20001ff4:	3218      	adds	r2, #24
20001ff6:	3101      	adds	r1, #1
20001ff8:	5299      	strh	r1, [r3, r2]
20001ffa:	3218      	adds	r2, #24
20001ffc:	3101      	adds	r1, #1
20001ffe:	5299      	strh	r1, [r3, r2]
20002000:	3218      	adds	r2, #24
20002002:	3101      	adds	r1, #1
20002004:	5299      	strh	r1, [r3, r2]
20002006:	3218      	adds	r2, #24
20002008:	3101      	adds	r1, #1
2000200a:	5299      	strh	r1, [r3, r2]
2000200c:	3218      	adds	r2, #24
2000200e:	3101      	adds	r1, #1
20002010:	5299      	strh	r1, [r3, r2]
20002012:	4b0c      	ldr	r3, [pc, #48]	@ (20002044 <runtime_init_default_alarm_pool+0xd0>)
20002014:	490c      	ldr	r1, [pc, #48]	@ (20002048 <runtime_init_default_alarm_pool+0xd4>)
20002016:	60dc      	str	r4, [r3, #12]
20002018:	3001      	adds	r0, #1
2000201a:	6235      	str	r5, [r6, #32]
2000201c:	f7ff fdba 	bl	20001b94 <irq_set_exclusive_handler>
20002020:	2101      	movs	r1, #1
20002022:	2003      	movs	r0, #3
20002024:	f7ff fda4 	bl	20001b70 <irq_set_enabled>
20002028:	4b08      	ldr	r3, [pc, #32]	@ (2000204c <runtime_init_default_alarm_pool+0xd8>)
2000202a:	601d      	str	r5, [r3, #0]
2000202c:	e7a7      	b.n	20001f7e <runtime_init_default_alarm_pool+0xa>
2000202e:	46c0      	nop			@ (mov r8, r8)
20002030:	2000a258 	.word	0x2000a258
20002034:	2000aee0 	.word	0x2000aee0
20002038:	40054000 	.word	0x40054000
2000203c:	34000040 	.word	0x34000040
20002040:	0010ffff 	.word	0x0010ffff
20002044:	2000aecc 	.word	0x2000aecc
20002048:	20001c79 	.word	0x20001c79
2000204c:	40056038 	.word	0x40056038

20002050 <alarm_pool_add_alarm_at_force_in_context>:
20002050:	b570      	push	{r4, r5, r6, lr}
20002052:	0001      	movs	r1, r0
20002054:	6904      	ldr	r4, [r0, #16]
20002056:	f3ef 8c10 	mrs	ip, PRIMASK
2000205a:	b672      	cpsid	i
2000205c:	6820      	ldr	r0, [r4, #0]
2000205e:	2800      	cmp	r0, #0
20002060:	d0fc      	beq.n	2000205c <alarm_pool_add_alarm_at_force_in_context+0xc>
20002062:	f3bf 8f5f 	dmb	sy
20002066:	2002      	movs	r0, #2
20002068:	5e0d      	ldrsh	r5, [r1, r0]
2000206a:	694c      	ldr	r4, [r1, #20]
2000206c:	0068      	lsls	r0, r5, #1
2000206e:	1940      	adds	r0, r0, r5
20002070:	00c0      	lsls	r0, r0, #3
20002072:	1824      	adds	r4, r4, r0
20002074:	2d00      	cmp	r5, #0
20002076:	db37      	blt.n	200020e8 <alarm_pool_add_alarm_at_force_in_context+0x98>
20002078:	8820      	ldrh	r0, [r4, #0]
2000207a:	8048      	strh	r0, [r1, #2]
2000207c:	6908      	ldr	r0, [r1, #16]
2000207e:	f3bf 8f5f 	dmb	sy
20002082:	2600      	movs	r6, #0
20002084:	6006      	str	r6, [r0, #0]
20002086:	f38c 8810 	msr	PRIMASK, ip
2000208a:	60e3      	str	r3, [r4, #12]
2000208c:	8863      	ldrh	r3, [r4, #2]
2000208e:	9804      	ldr	r0, [sp, #16]
20002090:	3301      	adds	r3, #1
20002092:	6120      	str	r0, [r4, #16]
20002094:	045b      	lsls	r3, r3, #17
20002096:	9805      	ldr	r0, [sp, #20]
20002098:	0c5b      	lsrs	r3, r3, #17
2000209a:	60a2      	str	r2, [r4, #8]
2000209c:	6160      	str	r0, [r4, #20]
2000209e:	1c1a      	adds	r2, r3, #0
200020a0:	2b00      	cmp	r3, #0
200020a2:	d01f      	beq.n	200020e4 <alarm_pool_add_alarm_at_force_in_context+0x94>
200020a4:	b293      	uxth	r3, r2
200020a6:	0428      	lsls	r0, r5, #16
200020a8:	8062      	strh	r2, [r4, #2]
200020aa:	4318      	orrs	r0, r3
200020ac:	690a      	ldr	r2, [r1, #16]
200020ae:	f3ef 8c10 	mrs	ip, PRIMASK
200020b2:	b672      	cpsid	i
200020b4:	6813      	ldr	r3, [r2, #0]
200020b6:	2b00      	cmp	r3, #0
200020b8:	d0fc      	beq.n	200020b4 <alarm_pool_add_alarm_at_force_in_context+0x64>
200020ba:	f3bf 8f5f 	dmb	sy
200020be:	888b      	ldrh	r3, [r1, #4]
200020c0:	8023      	strh	r3, [r4, #0]
200020c2:	808d      	strh	r5, [r1, #4]
200020c4:	690b      	ldr	r3, [r1, #16]
200020c6:	f3bf 8f5f 	dmb	sy
200020ca:	2200      	movs	r2, #0
200020cc:	601a      	str	r2, [r3, #0]
200020ce:	f38c 8810 	msr	PRIMASK, ip
200020d2:	780b      	ldrb	r3, [r1, #0]
200020d4:	3201      	adds	r2, #1
200020d6:	409a      	lsls	r2, r3
200020d8:	68cb      	ldr	r3, [r1, #12]
200020da:	4908      	ldr	r1, [pc, #32]	@ (200020fc <alarm_pool_add_alarm_at_force_in_context+0xac>)
200020dc:	468c      	mov	ip, r1
200020de:	4463      	add	r3, ip
200020e0:	601a      	str	r2, [r3, #0]
200020e2:	bd70      	pop	{r4, r5, r6, pc}
200020e4:	2201      	movs	r2, #1
200020e6:	e7dd      	b.n	200020a4 <alarm_pool_add_alarm_at_force_in_context+0x54>
200020e8:	690b      	ldr	r3, [r1, #16]
200020ea:	f3bf 8f5f 	dmb	sy
200020ee:	2200      	movs	r2, #0
200020f0:	601a      	str	r2, [r3, #0]
200020f2:	f38c 8810 	msr	PRIMASK, ip
200020f6:	2001      	movs	r0, #1
200020f8:	4240      	negs	r0, r0
200020fa:	e7f2      	b.n	200020e2 <alarm_pool_add_alarm_at_force_in_context+0x92>
200020fc:	0000203c 	.word	0x0000203c

20002100 <alarm_pool_cancel_alarm>:
20002100:	b510      	push	{r4, lr}
20002102:	8943      	ldrh	r3, [r0, #10]
20002104:	140a      	asrs	r2, r1, #16
20002106:	4293      	cmp	r3, r2
20002108:	dd1a      	ble.n	20002140 <alarm_pool_cancel_alarm+0x40>
2000210a:	0053      	lsls	r3, r2, #1
2000210c:	189b      	adds	r3, r3, r2
2000210e:	6942      	ldr	r2, [r0, #20]
20002110:	00db      	lsls	r3, r3, #3
20002112:	18d3      	adds	r3, r2, r3
20002114:	6904      	ldr	r4, [r0, #16]
20002116:	f3ef 8c10 	mrs	ip, PRIMASK
2000211a:	b672      	cpsid	i
2000211c:	6822      	ldr	r2, [r4, #0]
2000211e:	2a00      	cmp	r2, #0
20002120:	d0fc      	beq.n	2000211c <alarm_pool_cancel_alarm+0x1c>
20002122:	f3bf 8f5f 	dmb	sy
20002126:	885a      	ldrh	r2, [r3, #2]
20002128:	0409      	lsls	r1, r1, #16
2000212a:	b294      	uxth	r4, r2
2000212c:	0c09      	lsrs	r1, r1, #16
2000212e:	428a      	cmp	r2, r1
20002130:	d008      	beq.n	20002144 <alarm_pool_cancel_alarm+0x44>
20002132:	6903      	ldr	r3, [r0, #16]
20002134:	f3bf 8f5f 	dmb	sy
20002138:	2200      	movs	r2, #0
2000213a:	601a      	str	r2, [r3, #0]
2000213c:	f38c 8810 	msr	PRIMASK, ip
20002140:	2000      	movs	r0, #0
20002142:	bd10      	pop	{r4, pc}
20002144:	2280      	movs	r2, #128	@ 0x80
20002146:	0212      	lsls	r2, r2, #8
20002148:	4314      	orrs	r4, r2
2000214a:	805c      	strh	r4, [r3, #2]
2000214c:	2301      	movs	r3, #1
2000214e:	6902      	ldr	r2, [r0, #16]
20002150:	7183      	strb	r3, [r0, #6]
20002152:	f3bf 8f5f 	dmb	sy
20002156:	2100      	movs	r1, #0
20002158:	6011      	str	r1, [r2, #0]
2000215a:	f38c 8810 	msr	PRIMASK, ip
2000215e:	4904      	ldr	r1, [pc, #16]	@ (20002170 <alarm_pool_cancel_alarm+0x70>)
20002160:	7802      	ldrb	r2, [r0, #0]
20002162:	468c      	mov	ip, r1
20002164:	4093      	lsls	r3, r2
20002166:	68c2      	ldr	r2, [r0, #12]
20002168:	2001      	movs	r0, #1
2000216a:	4462      	add	r2, ip
2000216c:	6013      	str	r3, [r2, #0]
2000216e:	e7e8      	b.n	20002142 <alarm_pool_cancel_alarm+0x42>
20002170:	0000203c 	.word	0x0000203c

20002174 <sleep_until>:
20002174:	b5f0      	push	{r4, r5, r6, r7, lr}
20002176:	0004      	movs	r4, r0
20002178:	000d      	movs	r5, r1
2000217a:	2606      	movs	r6, #6
2000217c:	4276      	negs	r6, r6
2000217e:	17f7      	asrs	r7, r6, #31
20002180:	46c6      	mov	lr, r8
20002182:	1936      	adds	r6, r6, r4
20002184:	416f      	adcs	r7, r5
20002186:	b500      	push	{lr}
20002188:	b082      	sub	sp, #8
2000218a:	428f      	cmp	r7, r1
2000218c:	d814      	bhi.n	200021b8 <sleep_until+0x44>
2000218e:	d011      	beq.n	200021b4 <sleep_until+0x40>
20002190:	f000 f916 	bl	200023c0 <time_us_64>
20002194:	0032      	movs	r2, r6
20002196:	003b      	movs	r3, r7
20002198:	1a12      	subs	r2, r2, r0
2000219a:	418b      	sbcs	r3, r1
2000219c:	2b00      	cmp	r3, #0
2000219e:	dc17      	bgt.n	200021d0 <sleep_until+0x5c>
200021a0:	2b00      	cmp	r3, #0
200021a2:	d047      	beq.n	20002234 <sleep_until+0xc0>
200021a4:	0020      	movs	r0, r4
200021a6:	0029      	movs	r1, r5
200021a8:	f000 f948 	bl	2000243c <busy_wait_until>
200021ac:	b002      	add	sp, #8
200021ae:	bc80      	pop	{r7}
200021b0:	46b8      	mov	r8, r7
200021b2:	bdf0      	pop	{r4, r5, r6, r7, pc}
200021b4:	4286      	cmp	r6, r0
200021b6:	d9eb      	bls.n	20002190 <sleep_until+0x1c>
200021b8:	2200      	movs	r2, #0
200021ba:	2300      	movs	r3, #0
200021bc:	0016      	movs	r6, r2
200021be:	001f      	movs	r7, r3
200021c0:	f000 f8fe 	bl	200023c0 <time_us_64>
200021c4:	0032      	movs	r2, r6
200021c6:	003b      	movs	r3, r7
200021c8:	1a12      	subs	r2, r2, r0
200021ca:	418b      	sbcs	r3, r1
200021cc:	2b00      	cmp	r3, #0
200021ce:	dde7      	ble.n	200021a0 <sleep_until+0x2c>
200021d0:	f000 f8f6 	bl	200023c0 <time_us_64>
200021d4:	0032      	movs	r2, r6
200021d6:	003b      	movs	r3, r7
200021d8:	1a12      	subs	r2, r2, r0
200021da:	418b      	sbcs	r3, r1
200021dc:	2b00      	cmp	r3, #0
200021de:	db0a      	blt.n	200021f6 <sleep_until+0x82>
200021e0:	2300      	movs	r3, #0
200021e2:	9301      	str	r3, [sp, #4]
200021e4:	4b15      	ldr	r3, [pc, #84]	@ (2000223c <sleep_until+0xc8>)
200021e6:	0032      	movs	r2, r6
200021e8:	9300      	str	r3, [sp, #0]
200021ea:	4815      	ldr	r0, [pc, #84]	@ (20002240 <sleep_until+0xcc>)
200021ec:	003b      	movs	r3, r7
200021ee:	f7ff ff2f 	bl	20002050 <alarm_pool_add_alarm_at_force_in_context>
200021f2:	2800      	cmp	r0, #0
200021f4:	dbd6      	blt.n	200021a4 <sleep_until+0x30>
200021f6:	2300      	movs	r3, #0
200021f8:	469c      	mov	ip, r3
200021fa:	46b0      	mov	r8, r6
200021fc:	4a11      	ldr	r2, [pc, #68]	@ (20002244 <sleep_until+0xd0>)
200021fe:	4e12      	ldr	r6, [pc, #72]	@ (20002248 <sleep_until+0xd4>)
20002200:	6a73      	ldr	r3, [r6, #36]	@ 0x24
20002202:	429f      	cmp	r7, r3
20002204:	d804      	bhi.n	20002210 <sleep_until+0x9c>
20002206:	6ab1      	ldr	r1, [r6, #40]	@ 0x28
20002208:	4588      	cmp	r8, r1
2000220a:	d9cb      	bls.n	200021a4 <sleep_until+0x30>
2000220c:	429f      	cmp	r7, r3
2000220e:	d1c9      	bne.n	200021a4 <sleep_until+0x30>
20002210:	6811      	ldr	r1, [r2, #0]
20002212:	f3ef 8010 	mrs	r0, PRIMASK
20002216:	b672      	cpsid	i
20002218:	680b      	ldr	r3, [r1, #0]
2000221a:	2b00      	cmp	r3, #0
2000221c:	d0fc      	beq.n	20002218 <sleep_until+0xa4>
2000221e:	f3bf 8f5f 	dmb	sy
20002222:	6813      	ldr	r3, [r2, #0]
20002224:	f3bf 8f5f 	dmb	sy
20002228:	4661      	mov	r1, ip
2000222a:	6019      	str	r1, [r3, #0]
2000222c:	f380 8810 	msr	PRIMASK, r0
20002230:	bf20      	wfe
20002232:	e7e5      	b.n	20002200 <sleep_until+0x8c>
20002234:	2a00      	cmp	r2, #0
20002236:	d0b5      	beq.n	200021a4 <sleep_until+0x30>
20002238:	e7ca      	b.n	200021d0 <sleep_until+0x5c>
2000223a:	46c0      	nop			@ (mov r8, r8)
2000223c:	20001c49 	.word	0x20001c49
20002240:	2000a258 	.word	0x2000a258
20002244:	2000aee0 	.word	0x2000aee0
20002248:	40054000 	.word	0x40054000

2000224c <sleep_ms>:
2000224c:	b570      	push	{r4, r5, r6, lr}
2000224e:	0006      	movs	r6, r0
20002250:	f000 f8b6 	bl	200023c0 <time_us_64>
20002254:	22fa      	movs	r2, #250	@ 0xfa
20002256:	0004      	movs	r4, r0
20002258:	000d      	movs	r5, r1
2000225a:	2300      	movs	r3, #0
2000225c:	0030      	movs	r0, r6
2000225e:	2100      	movs	r1, #0
20002260:	0092      	lsls	r2, r2, #2
20002262:	f001 fbcf 	bl	20003a04 <__wrap___aeabi_lmul>
20002266:	2380      	movs	r3, #128	@ 0x80
20002268:	1900      	adds	r0, r0, r4
2000226a:	4169      	adcs	r1, r5
2000226c:	061b      	lsls	r3, r3, #24
2000226e:	4299      	cmp	r1, r3
20002270:	d302      	bcc.n	20002278 <sleep_ms+0x2c>
20002272:	2001      	movs	r0, #1
20002274:	4902      	ldr	r1, [pc, #8]	@ (20002280 <sleep_ms+0x34>)
20002276:	4240      	negs	r0, r0
20002278:	f7ff ff7c 	bl	20002174 <sleep_until>
2000227c:	bd70      	pop	{r4, r5, r6, pc}
2000227e:	46c0      	nop			@ (mov r8, r8)
20002280:	7fffffff 	.word	0x7fffffff

20002284 <best_effort_wfe_or_timeout>:
20002284:	b5f0      	push	{r4, r5, r6, r7, lr}
20002286:	46d6      	mov	lr, sl
20002288:	464f      	mov	r7, r9
2000228a:	4646      	mov	r6, r8
2000228c:	b5c0      	push	{r6, r7, lr}
2000228e:	0004      	movs	r4, r0
20002290:	000d      	movs	r5, r1
20002292:	b082      	sub	sp, #8
20002294:	f3ef 8305 	mrs	r3, IPSR
20002298:	000f      	movs	r7, r1
2000229a:	2b00      	cmp	r3, #0
2000229c:	d131      	bne.n	20002302 <best_effort_wfe_or_timeout+0x7e>
2000229e:	4b3b      	ldr	r3, [pc, #236]	@ (2000238c <best_effort_wfe_or_timeout+0x108>)
200022a0:	4698      	mov	r8, r3
200022a2:	681b      	ldr	r3, [r3, #0]
200022a4:	4283      	cmp	r3, r0
200022a6:	d027      	beq.n	200022f8 <best_effort_wfe_or_timeout+0x74>
200022a8:	4b39      	ldr	r3, [pc, #228]	@ (20002390 <best_effort_wfe_or_timeout+0x10c>)
200022aa:	4699      	mov	r9, r3
200022ac:	68db      	ldr	r3, [r3, #12]
200022ae:	469a      	mov	sl, r3
200022b0:	464b      	mov	r3, r9
200022b2:	4650      	mov	r0, sl
200022b4:	781e      	ldrb	r6, [r3, #0]
200022b6:	f000 f87b 	bl	200023b0 <timer_time_us_64>
200022ba:	000b      	movs	r3, r1
200022bc:	4651      	mov	r1, sl
200022be:	0002      	movs	r2, r0
200022c0:	3604      	adds	r6, #4
200022c2:	00b6      	lsls	r6, r6, #2
200022c4:	5871      	ldr	r1, [r6, r1]
200022c6:	0020      	movs	r0, r4
200022c8:	1a89      	subs	r1, r1, r2
200022ca:	468c      	mov	ip, r1
200022cc:	0029      	movs	r1, r5
200022ce:	2600      	movs	r6, #0
200022d0:	1a80      	subs	r0, r0, r2
200022d2:	4199      	sbcs	r1, r3
200022d4:	428e      	cmp	r6, r1
200022d6:	dc24      	bgt.n	20002322 <best_effort_wfe_or_timeout+0x9e>
200022d8:	d021      	beq.n	2000231e <best_effort_wfe_or_timeout+0x9a>
200022da:	bf20      	wfe
200022dc:	4a2d      	ldr	r2, [pc, #180]	@ (20002394 <best_effort_wfe_or_timeout+0x110>)
200022de:	6a53      	ldr	r3, [r2, #36]	@ 0x24
200022e0:	42bb      	cmp	r3, r7
200022e2:	d32a      	bcc.n	2000233a <best_effort_wfe_or_timeout+0xb6>
200022e4:	6a92      	ldr	r2, [r2, #40]	@ 0x28
200022e6:	2001      	movs	r0, #1
200022e8:	42a2      	cmp	r2, r4
200022ea:	d313      	bcc.n	20002314 <best_effort_wfe_or_timeout+0x90>
200022ec:	b002      	add	sp, #8
200022ee:	bce0      	pop	{r5, r6, r7}
200022f0:	46ba      	mov	sl, r7
200022f2:	46b1      	mov	r9, r6
200022f4:	46a8      	mov	r8, r5
200022f6:	bdf0      	pop	{r4, r5, r6, r7, pc}
200022f8:	4643      	mov	r3, r8
200022fa:	685b      	ldr	r3, [r3, #4]
200022fc:	428b      	cmp	r3, r1
200022fe:	d1d3      	bne.n	200022a8 <best_effort_wfe_or_timeout+0x24>
20002300:	e7eb      	b.n	200022da <best_effort_wfe_or_timeout+0x56>
20002302:	4924      	ldr	r1, [pc, #144]	@ (20002394 <best_effort_wfe_or_timeout+0x110>)
20002304:	2000      	movs	r0, #0
20002306:	6a4b      	ldr	r3, [r1, #36]	@ 0x24
20002308:	42ab      	cmp	r3, r5
2000230a:	d3ef      	bcc.n	200022ec <best_effort_wfe_or_timeout+0x68>
2000230c:	6a8a      	ldr	r2, [r1, #40]	@ 0x28
2000230e:	3001      	adds	r0, #1
20002310:	42a2      	cmp	r2, r4
20002312:	d2eb      	bcs.n	200022ec <best_effort_wfe_or_timeout+0x68>
20002314:	1b5b      	subs	r3, r3, r5
20002316:	1e5a      	subs	r2, r3, #1
20002318:	4193      	sbcs	r3, r2
2000231a:	b2d8      	uxtb	r0, r3
2000231c:	e7e6      	b.n	200022ec <best_effort_wfe_or_timeout+0x68>
2000231e:	4584      	cmp	ip, r0
20002320:	d9db      	bls.n	200022da <best_effort_wfe_or_timeout+0x56>
20002322:	f000 f84d 	bl	200023c0 <time_us_64>
20002326:	0022      	movs	r2, r4
20002328:	002b      	movs	r3, r5
2000232a:	1a12      	subs	r2, r2, r0
2000232c:	418b      	sbcs	r3, r1
2000232e:	2b00      	cmp	r3, #0
20002330:	da05      	bge.n	2000233e <best_effort_wfe_or_timeout+0xba>
20002332:	4a18      	ldr	r2, [pc, #96]	@ (20002394 <best_effort_wfe_or_timeout+0x110>)
20002334:	6a53      	ldr	r3, [r2, #36]	@ 0x24
20002336:	42bb      	cmp	r3, r7
20002338:	d2d4      	bcs.n	200022e4 <best_effort_wfe_or_timeout+0x60>
2000233a:	2000      	movs	r0, #0
2000233c:	e7d6      	b.n	200022ec <best_effort_wfe_or_timeout+0x68>
2000233e:	2300      	movs	r3, #0
20002340:	9301      	str	r3, [sp, #4]
20002342:	4b15      	ldr	r3, [pc, #84]	@ (20002398 <best_effort_wfe_or_timeout+0x114>)
20002344:	0022      	movs	r2, r4
20002346:	9300      	str	r3, [sp, #0]
20002348:	4648      	mov	r0, r9
2000234a:	002b      	movs	r3, r5
2000234c:	f7ff fe80 	bl	20002050 <alarm_pool_add_alarm_at_force_in_context>
20002350:	1e01      	subs	r1, r0, #0
20002352:	ddee      	ble.n	20002332 <best_effort_wfe_or_timeout+0xae>
20002354:	4643      	mov	r3, r8
20002356:	601c      	str	r4, [r3, #0]
20002358:	605d      	str	r5, [r3, #4]
2000235a:	4b0e      	ldr	r3, [pc, #56]	@ (20002394 <best_effort_wfe_or_timeout+0x110>)
2000235c:	6a5a      	ldr	r2, [r3, #36]	@ 0x24
2000235e:	42ba      	cmp	r2, r7
20002360:	d311      	bcc.n	20002386 <best_effort_wfe_or_timeout+0x102>
20002362:	6a9b      	ldr	r3, [r3, #40]	@ 0x28
20002364:	42a3      	cmp	r3, r4
20002366:	d30c      	bcc.n	20002382 <best_effort_wfe_or_timeout+0xfe>
20002368:	4648      	mov	r0, r9
2000236a:	f7ff fec9 	bl	20002100 <alarm_pool_cancel_alarm>
2000236e:	4a09      	ldr	r2, [pc, #36]	@ (20002394 <best_effort_wfe_or_timeout+0x110>)
20002370:	2000      	movs	r0, #0
20002372:	6a53      	ldr	r3, [r2, #36]	@ 0x24
20002374:	42bb      	cmp	r3, r7
20002376:	d3b9      	bcc.n	200022ec <best_effort_wfe_or_timeout+0x68>
20002378:	6a92      	ldr	r2, [r2, #40]	@ 0x28
2000237a:	3001      	adds	r0, #1
2000237c:	42a2      	cmp	r2, r4
2000237e:	d2b5      	bcs.n	200022ec <best_effort_wfe_or_timeout+0x68>
20002380:	e7c8      	b.n	20002314 <best_effort_wfe_or_timeout+0x90>
20002382:	42ba      	cmp	r2, r7
20002384:	d1f0      	bne.n	20002368 <best_effort_wfe_or_timeout+0xe4>
20002386:	bf20      	wfe
20002388:	e7ee      	b.n	20002368 <best_effort_wfe_or_timeout+0xe4>
2000238a:	46c0      	nop			@ (mov r8, r8)
2000238c:	2000a250 	.word	0x2000a250
20002390:	2000a258 	.word	0x2000a258
20002394:	40054000 	.word	0x40054000
20002398:	20001c49 	.word	0x20001c49

2000239c <timer_hardware_alarm_claim>:
2000239c:	b510      	push	{r4, lr}
2000239e:	4a02      	ldr	r2, [pc, #8]	@ (200023a8 <timer_hardware_alarm_claim+0xc>)
200023a0:	4802      	ldr	r0, [pc, #8]	@ (200023ac <timer_hardware_alarm_claim+0x10>)
200023a2:	f7ff fb97 	bl	20001ad4 <hw_claim_or_assert>
200023a6:	bd10      	pop	{r4, pc}
200023a8:	200097d0 	.word	0x200097d0
200023ac:	2000ae84 	.word	0x2000ae84

200023b0 <timer_time_us_64>:
200023b0:	0003      	movs	r3, r0
200023b2:	6a41      	ldr	r1, [r0, #36]	@ 0x24
200023b4:	000a      	movs	r2, r1
200023b6:	6a98      	ldr	r0, [r3, #40]	@ 0x28
200023b8:	6a59      	ldr	r1, [r3, #36]	@ 0x24
200023ba:	428a      	cmp	r2, r1
200023bc:	d1fa      	bne.n	200023b4 <timer_time_us_64+0x4>
200023be:	4770      	bx	lr

200023c0 <time_us_64>:
200023c0:	4b03      	ldr	r3, [pc, #12]	@ (200023d0 <time_us_64+0x10>)
200023c2:	6a59      	ldr	r1, [r3, #36]	@ 0x24
200023c4:	000a      	movs	r2, r1
200023c6:	6a98      	ldr	r0, [r3, #40]	@ 0x28
200023c8:	6a59      	ldr	r1, [r3, #36]	@ 0x24
200023ca:	4291      	cmp	r1, r2
200023cc:	d1fa      	bne.n	200023c4 <time_us_64+0x4>
200023ce:	4770      	bx	lr
200023d0:	40054000 	.word	0x40054000

200023d4 <busy_wait_us>:
200023d4:	b570      	push	{r4, r5, r6, lr}
200023d6:	0004      	movs	r4, r0
200023d8:	000d      	movs	r5, r1
200023da:	4a17      	ldr	r2, [pc, #92]	@ (20002438 <busy_wait_us+0x64>)
200023dc:	6a53      	ldr	r3, [r2, #36]	@ 0x24
200023de:	0019      	movs	r1, r3
200023e0:	6a96      	ldr	r6, [r2, #40]	@ 0x28
200023e2:	6a53      	ldr	r3, [r2, #36]	@ 0x24
200023e4:	428b      	cmp	r3, r1
200023e6:	d1fa      	bne.n	200023de <busy_wait_us+0xa>
200023e8:	0030      	movs	r0, r6
200023ea:	0019      	movs	r1, r3
200023ec:	1824      	adds	r4, r4, r0
200023ee:	414d      	adcs	r5, r1
200023f0:	42ab      	cmp	r3, r5
200023f2:	d816      	bhi.n	20002422 <busy_wait_us+0x4e>
200023f4:	d013      	beq.n	2000241e <busy_wait_us+0x4a>
200023f6:	4a10      	ldr	r2, [pc, #64]	@ (20002438 <busy_wait_us+0x64>)
200023f8:	002b      	movs	r3, r5
200023fa:	6a52      	ldr	r2, [r2, #36]	@ 0x24
200023fc:	4295      	cmp	r5, r2
200023fe:	d903      	bls.n	20002408 <busy_wait_us+0x34>
20002400:	490d      	ldr	r1, [pc, #52]	@ (20002438 <busy_wait_us+0x64>)
20002402:	6a4a      	ldr	r2, [r1, #36]	@ 0x24
20002404:	429a      	cmp	r2, r3
20002406:	d3fc      	bcc.n	20002402 <busy_wait_us+0x2e>
20002408:	429a      	cmp	r2, r3
2000240a:	d107      	bne.n	2000241c <busy_wait_us+0x48>
2000240c:	4a0a      	ldr	r2, [pc, #40]	@ (20002438 <busy_wait_us+0x64>)
2000240e:	e002      	b.n	20002416 <busy_wait_us+0x42>
20002410:	6a51      	ldr	r1, [r2, #36]	@ 0x24
20002412:	4299      	cmp	r1, r3
20002414:	d102      	bne.n	2000241c <busy_wait_us+0x48>
20002416:	6a91      	ldr	r1, [r2, #40]	@ 0x28
20002418:	42a1      	cmp	r1, r4
2000241a:	d3f9      	bcc.n	20002410 <busy_wait_us+0x3c>
2000241c:	bd70      	pop	{r4, r5, r6, pc}
2000241e:	42a6      	cmp	r6, r4
20002420:	d9e9      	bls.n	200023f6 <busy_wait_us+0x22>
20002422:	4b05      	ldr	r3, [pc, #20]	@ (20002438 <busy_wait_us+0x64>)
20002424:	6a5b      	ldr	r3, [r3, #36]	@ 0x24
20002426:	001c      	movs	r4, r3
20002428:	1c5a      	adds	r2, r3, #1
2000242a:	d0ef      	beq.n	2000240c <busy_wait_us+0x38>
2000242c:	2301      	movs	r3, #1
2000242e:	2401      	movs	r4, #1
20002430:	4264      	negs	r4, r4
20002432:	17e5      	asrs	r5, r4, #31
20002434:	425b      	negs	r3, r3
20002436:	e7e3      	b.n	20002400 <busy_wait_us+0x2c>
20002438:	40054000 	.word	0x40054000

2000243c <busy_wait_until>:
2000243c:	4a06      	ldr	r2, [pc, #24]	@ (20002458 <busy_wait_until+0x1c>)
2000243e:	6a53      	ldr	r3, [r2, #36]	@ 0x24
20002440:	4299      	cmp	r1, r3
20002442:	d8fc      	bhi.n	2000243e <busy_wait_until+0x2>
20002444:	d107      	bne.n	20002456 <busy_wait_until+0x1a>
20002446:	4b04      	ldr	r3, [pc, #16]	@ (20002458 <busy_wait_until+0x1c>)
20002448:	e002      	b.n	20002450 <busy_wait_until+0x14>
2000244a:	6a5a      	ldr	r2, [r3, #36]	@ 0x24
2000244c:	4291      	cmp	r1, r2
2000244e:	d102      	bne.n	20002456 <busy_wait_until+0x1a>
20002450:	6a9a      	ldr	r2, [r3, #40]	@ 0x28
20002452:	4282      	cmp	r2, r0
20002454:	d3f9      	bcc.n	2000244a <busy_wait_until+0xe>
20002456:	4770      	bx	lr
20002458:	40054000 	.word	0x40054000

2000245c <uart_init>:
2000245c:	b5f8      	push	{r3, r4, r5, r6, r7, lr}
2000245e:	0004      	movs	r4, r0
20002460:	2006      	movs	r0, #6
20002462:	000d      	movs	r5, r1
20002464:	f000 f9e2 	bl	2000282c <clock_get_hz>
20002468:	2800      	cmp	r0, #0
2000246a:	d044      	beq.n	200024f6 <uart_init+0x9a>
2000246c:	4b37      	ldr	r3, [pc, #220]	@ (2000254c <uart_init+0xf0>)
2000246e:	4938      	ldr	r1, [pc, #224]	@ (20002550 <uart_init+0xf4>)
20002470:	18e3      	adds	r3, r4, r3
20002472:	1e5a      	subs	r2, r3, #1
20002474:	4193      	sbcs	r3, r2
20002476:	2280      	movs	r2, #128	@ 0x80
20002478:	0412      	lsls	r2, r2, #16
2000247a:	4694      	mov	ip, r2
2000247c:	425b      	negs	r3, r3
2000247e:	0d9b      	lsrs	r3, r3, #22
20002480:	4a34      	ldr	r2, [pc, #208]	@ (20002554 <uart_init+0xf8>)
20002482:	059b      	lsls	r3, r3, #22
20002484:	4463      	add	r3, ip
20002486:	6013      	str	r3, [r2, #0]
20002488:	4a33      	ldr	r2, [pc, #204]	@ (20002558 <uart_init+0xfc>)
2000248a:	6013      	str	r3, [r2, #0]
2000248c:	0018      	movs	r0, r3
2000248e:	680a      	ldr	r2, [r1, #0]
20002490:	4390      	bics	r0, r2
20002492:	d1fb      	bne.n	2000248c <uart_init+0x30>
20002494:	4b2d      	ldr	r3, [pc, #180]	@ (2000254c <uart_init+0xf0>)
20002496:	4a31      	ldr	r2, [pc, #196]	@ (2000255c <uart_init+0x100>)
20002498:	18e3      	adds	r3, r4, r3
2000249a:	4259      	negs	r1, r3
2000249c:	414b      	adcs	r3, r1
2000249e:	2180      	movs	r1, #128	@ 0x80
200024a0:	005b      	lsls	r3, r3, #1
200024a2:	0049      	lsls	r1, r1, #1
200024a4:	2006      	movs	r0, #6
200024a6:	5299      	strh	r1, [r3, r2]
200024a8:	f000 f9c0 	bl	2000282c <clock_get_hz>
200024ac:	0029      	movs	r1, r5
200024ae:	00c0      	lsls	r0, r0, #3
200024b0:	f000 fbb6 	bl	20002c20 <__wrap___aeabi_uidiv>
200024b4:	3001      	adds	r0, #1
200024b6:	09c3      	lsrs	r3, r0, #7
200024b8:	d11e      	bne.n	200024f8 <uart_init+0x9c>
200024ba:	2740      	movs	r7, #64	@ 0x40
200024bc:	2201      	movs	r2, #1
200024be:	6262      	str	r2, [r4, #36]	@ 0x24
200024c0:	62a3      	str	r3, [r4, #40]	@ 0x28
200024c2:	6b26      	ldr	r6, [r4, #48]	@ 0x30
200024c4:	07f3      	lsls	r3, r6, #31
200024c6:	d422      	bmi.n	2000250e <uart_init+0xb2>
200024c8:	6ae3      	ldr	r3, [r4, #44]	@ 0x2c
200024ca:	4b25      	ldr	r3, [pc, #148]	@ (20002560 <uart_init+0x104>)
200024cc:	2006      	movs	r0, #6
200024ce:	18e5      	adds	r5, r4, r3
200024d0:	2300      	movs	r3, #0
200024d2:	602b      	str	r3, [r5, #0]
200024d4:	6326      	str	r6, [r4, #48]	@ 0x30
200024d6:	f000 f9a9 	bl	2000282c <clock_get_hz>
200024da:	0039      	movs	r1, r7
200024dc:	0080      	lsls	r0, r0, #2
200024de:	f000 fb9f 	bl	20002c20 <__wrap___aeabi_uidiv>
200024e2:	2370      	movs	r3, #112	@ 0x70
200024e4:	6ae2      	ldr	r2, [r4, #44]	@ 0x2c
200024e6:	405a      	eors	r2, r3
200024e8:	330e      	adds	r3, #14
200024ea:	4013      	ands	r3, r2
200024ec:	602b      	str	r3, [r5, #0]
200024ee:	4b1d      	ldr	r3, [pc, #116]	@ (20002564 <uart_init+0x108>)
200024f0:	6323      	str	r3, [r4, #48]	@ 0x30
200024f2:	2303      	movs	r3, #3
200024f4:	64a3      	str	r3, [r4, #72]	@ 0x48
200024f6:	bdf8      	pop	{r3, r4, r5, r6, r7, pc}
200024f8:	4a1b      	ldr	r2, [pc, #108]	@ (20002568 <uart_init+0x10c>)
200024fa:	4293      	cmp	r3, r2
200024fc:	d91e      	bls.n	2000253c <uart_init+0xe0>
200024fe:	2300      	movs	r3, #0
20002500:	4a1a      	ldr	r2, [pc, #104]	@ (2000256c <uart_init+0x110>)
20002502:	4f1b      	ldr	r7, [pc, #108]	@ (20002570 <uart_init+0x114>)
20002504:	6262      	str	r2, [r4, #36]	@ 0x24
20002506:	62a3      	str	r3, [r4, #40]	@ 0x28
20002508:	6b26      	ldr	r6, [r4, #48]	@ 0x30
2000250a:	07f3      	lsls	r3, r6, #31
2000250c:	d5dc      	bpl.n	200024c8 <uart_init+0x6c>
2000250e:	4b19      	ldr	r3, [pc, #100]	@ (20002574 <uart_init+0x118>)
20002510:	4a14      	ldr	r2, [pc, #80]	@ (20002564 <uart_init+0x108>)
20002512:	18e3      	adds	r3, r4, r3
20002514:	601a      	str	r2, [r3, #0]
20002516:	6a65      	ldr	r5, [r4, #36]	@ 0x24
20002518:	6aa3      	ldr	r3, [r4, #40]	@ 0x28
2000251a:	2006      	movs	r0, #6
2000251c:	01ad      	lsls	r5, r5, #6
2000251e:	18ed      	adds	r5, r5, r3
20002520:	f000 f984 	bl	2000282c <clock_get_hz>
20002524:	4914      	ldr	r1, [pc, #80]	@ (20002578 <uart_init+0x11c>)
20002526:	f000 fb7b 	bl	20002c20 <__wrap___aeabi_uidiv>
2000252a:	02ad      	lsls	r5, r5, #10
2000252c:	0001      	movs	r1, r0
2000252e:	0028      	movs	r0, r5
20002530:	f000 fb76 	bl	20002c20 <__wrap___aeabi_uidiv>
20002534:	2100      	movs	r1, #0
20002536:	f7ff ff4d 	bl	200023d4 <busy_wait_us>
2000253a:	e7c5      	b.n	200024c8 <uart_init+0x6c>
2000253c:	0640      	lsls	r0, r0, #25
2000253e:	0e80      	lsrs	r0, r0, #26
20002540:	019f      	lsls	r7, r3, #6
20002542:	001a      	movs	r2, r3
20002544:	183f      	adds	r7, r7, r0
20002546:	0003      	movs	r3, r0
20002548:	e7b9      	b.n	200024be <uart_init+0x62>
2000254a:	46c0      	nop			@ (mov r8, r8)
2000254c:	bffc8000 	.word	0xbffc8000
20002550:	4000c008 	.word	0x4000c008
20002554:	4000e000 	.word	0x4000e000
20002558:	4000f000 	.word	0x4000f000
2000255c:	2000aee4 	.word	0x2000aee4
20002560:	0000102c 	.word	0x0000102c
20002564:	00000301 	.word	0x00000301
20002568:	0000fffe 	.word	0x0000fffe
2000256c:	0000ffff 	.word	0x0000ffff
20002570:	003fffc0 	.word	0x003fffc0
20002574:	00003030 	.word	0x00003030
20002578:	00000e4e 	.word	0x00000e4e

2000257c <uart_set_format>:
2000257c:	3905      	subs	r1, #5
2000257e:	3a01      	subs	r2, #1
20002580:	b5f8      	push	{r3, r4, r5, r6, r7, lr}
20002582:	00d2      	lsls	r2, r2, #3
20002584:	014c      	lsls	r4, r1, #5
20002586:	0005      	movs	r5, r0
20002588:	4314      	orrs	r4, r2
2000258a:	2b00      	cmp	r3, #0
2000258c:	d006      	beq.n	2000259c <uart_set_format+0x20>
2000258e:	3b01      	subs	r3, #1
20002590:	425a      	negs	r2, r3
20002592:	4153      	adcs	r3, r2
20002594:	009b      	lsls	r3, r3, #2
20002596:	4323      	orrs	r3, r4
20002598:	2402      	movs	r4, #2
2000259a:	431c      	orrs	r4, r3
2000259c:	6b2e      	ldr	r6, [r5, #48]	@ 0x30
2000259e:	07f3      	lsls	r3, r6, #31
200025a0:	d408      	bmi.n	200025b4 <uart_set_format+0x38>
200025a2:	236e      	movs	r3, #110	@ 0x6e
200025a4:	6aea      	ldr	r2, [r5, #44]	@ 0x2c
200025a6:	4062      	eors	r2, r4
200025a8:	4013      	ands	r3, r2
200025aa:	4a0e      	ldr	r2, [pc, #56]	@ (200025e4 <uart_set_format+0x68>)
200025ac:	18aa      	adds	r2, r5, r2
200025ae:	6013      	str	r3, [r2, #0]
200025b0:	632e      	str	r6, [r5, #48]	@ 0x30
200025b2:	bdf8      	pop	{r3, r4, r5, r6, r7, pc}
200025b4:	4b0c      	ldr	r3, [pc, #48]	@ (200025e8 <uart_set_format+0x6c>)
200025b6:	4a0d      	ldr	r2, [pc, #52]	@ (200025ec <uart_set_format+0x70>)
200025b8:	18eb      	adds	r3, r5, r3
200025ba:	601a      	str	r2, [r3, #0]
200025bc:	6a6f      	ldr	r7, [r5, #36]	@ 0x24
200025be:	6aab      	ldr	r3, [r5, #40]	@ 0x28
200025c0:	2006      	movs	r0, #6
200025c2:	01bf      	lsls	r7, r7, #6
200025c4:	18ff      	adds	r7, r7, r3
200025c6:	f000 f931 	bl	2000282c <clock_get_hz>
200025ca:	4909      	ldr	r1, [pc, #36]	@ (200025f0 <uart_set_format+0x74>)
200025cc:	f000 fb28 	bl	20002c20 <__wrap___aeabi_uidiv>
200025d0:	02bf      	lsls	r7, r7, #10
200025d2:	0001      	movs	r1, r0
200025d4:	0038      	movs	r0, r7
200025d6:	f000 fb23 	bl	20002c20 <__wrap___aeabi_uidiv>
200025da:	2100      	movs	r1, #0
200025dc:	f7ff fefa 	bl	200023d4 <busy_wait_us>
200025e0:	e7df      	b.n	200025a2 <uart_set_format+0x26>
200025e2:	46c0      	nop			@ (mov r8, r8)
200025e4:	0000102c 	.word	0x0000102c
200025e8:	00003030 	.word	0x00003030
200025ec:	00000301 	.word	0x00000301
200025f0:	00000e4e 	.word	0x00000e4e

200025f4 <uart_set_fifo_enabled>:
200025f4:	b5f8      	push	{r3, r4, r5, r6, r7, lr}
200025f6:	6b06      	ldr	r6, [r0, #48]	@ 0x30
200025f8:	0004      	movs	r4, r0
200025fa:	010d      	lsls	r5, r1, #4
200025fc:	07f3      	lsls	r3, r6, #31
200025fe:	d408      	bmi.n	20002612 <uart_set_fifo_enabled+0x1e>
20002600:	6ae3      	ldr	r3, [r4, #44]	@ 0x2c
20002602:	405d      	eors	r5, r3
20002604:	2310      	movs	r3, #16
20002606:	401d      	ands	r5, r3
20002608:	4b0d      	ldr	r3, [pc, #52]	@ (20002640 <uart_set_fifo_enabled+0x4c>)
2000260a:	18e3      	adds	r3, r4, r3
2000260c:	601d      	str	r5, [r3, #0]
2000260e:	6326      	str	r6, [r4, #48]	@ 0x30
20002610:	bdf8      	pop	{r3, r4, r5, r6, r7, pc}
20002612:	4b0c      	ldr	r3, [pc, #48]	@ (20002644 <uart_set_fifo_enabled+0x50>)
20002614:	4a0c      	ldr	r2, [pc, #48]	@ (20002648 <uart_set_fifo_enabled+0x54>)
20002616:	18c3      	adds	r3, r0, r3
20002618:	601a      	str	r2, [r3, #0]
2000261a:	6a47      	ldr	r7, [r0, #36]	@ 0x24
2000261c:	6a83      	ldr	r3, [r0, #40]	@ 0x28
2000261e:	01bf      	lsls	r7, r7, #6
20002620:	2006      	movs	r0, #6
20002622:	18ff      	adds	r7, r7, r3
20002624:	f000 f902 	bl	2000282c <clock_get_hz>
20002628:	4908      	ldr	r1, [pc, #32]	@ (2000264c <uart_set_fifo_enabled+0x58>)
2000262a:	f000 faf9 	bl	20002c20 <__wrap___aeabi_uidiv>
2000262e:	02bf      	lsls	r7, r7, #10
20002630:	0001      	movs	r1, r0
20002632:	0038      	movs	r0, r7
20002634:	f000 faf4 	bl	20002c20 <__wrap___aeabi_uidiv>
20002638:	2100      	movs	r1, #0
2000263a:	f7ff fecb 	bl	200023d4 <busy_wait_us>
2000263e:	e7df      	b.n	20002600 <uart_set_fifo_enabled+0xc>
20002640:	0000102c 	.word	0x0000102c
20002644:	00003030 	.word	0x00003030
20002648:	00000301 	.word	0x00000301
2000264c:	00000e4e 	.word	0x00000e4e

20002650 <clock_configure_int_divider>:
20002650:	b5f8      	push	{r3, r4, r5, r6, r7, lr}
20002652:	46de      	mov	lr, fp
20002654:	464e      	mov	r6, r9
20002656:	4657      	mov	r7, sl
20002658:	4645      	mov	r5, r8
2000265a:	b5e0      	push	{r5, r6, r7, lr}
2000265c:	468b      	mov	fp, r1
2000265e:	0005      	movs	r5, r0
20002660:	990a      	ldr	r1, [sp, #40]	@ 0x28
20002662:	0018      	movs	r0, r3
20002664:	0016      	movs	r6, r2
20002666:	f000 fadb 	bl	20002c20 <__wrap___aeabi_uidiv>
2000266a:	9b0a      	ldr	r3, [sp, #40]	@ 0x28
2000266c:	006c      	lsls	r4, r5, #1
2000266e:	021f      	lsls	r7, r3, #8
20002670:	4b32      	ldr	r3, [pc, #200]	@ (2000273c <clock_configure_int_divider+0xec>)
20002672:	1964      	adds	r4, r4, r5
20002674:	469c      	mov	ip, r3
20002676:	00a4      	lsls	r4, r4, #2
20002678:	4464      	add	r4, ip
2000267a:	6863      	ldr	r3, [r4, #4]
2000267c:	4681      	mov	r9, r0
2000267e:	429f      	cmp	r7, r3
20002680:	d900      	bls.n	20002684 <clock_configure_int_divider+0x34>
20002682:	6067      	str	r7, [r4, #4]
20002684:	1f2b      	subs	r3, r5, #4
20002686:	b2db      	uxtb	r3, r3
20002688:	4698      	mov	r8, r3
2000268a:	2b01      	cmp	r3, #1
2000268c:	d930      	bls.n	200026f0 <clock_configure_int_divider+0xa0>
2000268e:	23c0      	movs	r3, #192	@ 0xc0
20002690:	2280      	movs	r2, #128	@ 0x80
20002692:	019b      	lsls	r3, r3, #6
20002694:	18e3      	adds	r3, r4, r3
20002696:	0112      	lsls	r2, r2, #4
20002698:	601a      	str	r2, [r3, #0]
2000269a:	4b29      	ldr	r3, [pc, #164]	@ (20002740 <clock_configure_int_divider+0xf0>)
2000269c:	00ad      	lsls	r5, r5, #2
2000269e:	5959      	ldr	r1, [r3, r5]
200026a0:	469a      	mov	sl, r3
200026a2:	2900      	cmp	r1, #0
200026a4:	d11b      	bne.n	200026de <clock_configure_int_divider+0x8e>
200026a6:	0173      	lsls	r3, r6, #5
200026a8:	26e0      	movs	r6, #224	@ 0xe0
200026aa:	6822      	ldr	r2, [r4, #0]
200026ac:	4053      	eors	r3, r2
200026ae:	401e      	ands	r6, r3
200026b0:	2380      	movs	r3, #128	@ 0x80
200026b2:	4642      	mov	r2, r8
200026b4:	015b      	lsls	r3, r3, #5
200026b6:	18e3      	adds	r3, r4, r3
200026b8:	601e      	str	r6, [r3, #0]
200026ba:	2a01      	cmp	r2, #1
200026bc:	d930      	bls.n	20002720 <clock_configure_int_divider+0xd0>
200026be:	2380      	movs	r3, #128	@ 0x80
200026c0:	2280      	movs	r2, #128	@ 0x80
200026c2:	019b      	lsls	r3, r3, #6
200026c4:	18e3      	adds	r3, r4, r3
200026c6:	0112      	lsls	r2, r2, #4
200026c8:	601a      	str	r2, [r3, #0]
200026ca:	4653      	mov	r3, sl
200026cc:	464a      	mov	r2, r9
200026ce:	6067      	str	r7, [r4, #4]
200026d0:	515a      	str	r2, [r3, r5]
200026d2:	bcf0      	pop	{r4, r5, r6, r7}
200026d4:	46bb      	mov	fp, r7
200026d6:	46b2      	mov	sl, r6
200026d8:	46a9      	mov	r9, r5
200026da:	46a0      	mov	r8, r4
200026dc:	bdf8      	pop	{r3, r4, r5, r6, r7, pc}
200026de:	6958      	ldr	r0, [r3, #20]
200026e0:	f000 fa9e 	bl	20002c20 <__wrap___aeabi_uidiv>
200026e4:	3001      	adds	r0, #1
200026e6:	0043      	lsls	r3, r0, #1
200026e8:	181b      	adds	r3, r3, r0
200026ea:	3b03      	subs	r3, #3
200026ec:	d2fd      	bcs.n	200026ea <clock_configure_int_divider+0x9a>
200026ee:	e7da      	b.n	200026a6 <clock_configure_int_divider+0x56>
200026f0:	465b      	mov	r3, fp
200026f2:	2b01      	cmp	r3, #1
200026f4:	d1cb      	bne.n	2000268e <clock_configure_int_divider+0x3e>
200026f6:	23c0      	movs	r3, #192	@ 0xc0
200026f8:	2203      	movs	r2, #3
200026fa:	019b      	lsls	r3, r3, #6
200026fc:	18e3      	adds	r3, r4, r3
200026fe:	601a      	str	r2, [r3, #0]
20002700:	3a02      	subs	r2, #2
20002702:	68a3      	ldr	r3, [r4, #8]
20002704:	421a      	tst	r2, r3
20002706:	d0fc      	beq.n	20002702 <clock_configure_int_divider+0xb2>
20002708:	0173      	lsls	r3, r6, #5
2000270a:	26e0      	movs	r6, #224	@ 0xe0
2000270c:	6822      	ldr	r2, [r4, #0]
2000270e:	00ad      	lsls	r5, r5, #2
20002710:	4053      	eors	r3, r2
20002712:	401e      	ands	r6, r3
20002714:	2380      	movs	r3, #128	@ 0x80
20002716:	4a0a      	ldr	r2, [pc, #40]	@ (20002740 <clock_configure_int_divider+0xf0>)
20002718:	015b      	lsls	r3, r3, #5
2000271a:	4692      	mov	sl, r2
2000271c:	18e3      	adds	r3, r4, r3
2000271e:	601e      	str	r6, [r3, #0]
20002720:	465a      	mov	r2, fp
20002722:	6821      	ldr	r1, [r4, #0]
20002724:	4051      	eors	r1, r2
20002726:	2203      	movs	r2, #3
20002728:	400a      	ands	r2, r1
2000272a:	601a      	str	r2, [r3, #0]
2000272c:	2201      	movs	r2, #1
2000272e:	465b      	mov	r3, fp
20002730:	409a      	lsls	r2, r3
20002732:	68a3      	ldr	r3, [r4, #8]
20002734:	421a      	tst	r2, r3
20002736:	d0fc      	beq.n	20002732 <clock_configure_int_divider+0xe2>
20002738:	e7c1      	b.n	200026be <clock_configure_int_divider+0x6e>
2000273a:	46c0      	nop			@ (mov r8, r8)
2000273c:	40008000 	.word	0x40008000
20002740:	2000ae88 	.word	0x2000ae88

20002744 <clock_configure_undivided>:
20002744:	b5f0      	push	{r4, r5, r6, r7, lr}
20002746:	4646      	mov	r6, r8
20002748:	464f      	mov	r7, r9
2000274a:	46d6      	mov	lr, sl
2000274c:	b5c0      	push	{r6, r7, lr}
2000274e:	001f      	movs	r7, r3
20002750:	4b34      	ldr	r3, [pc, #208]	@ (20002824 <clock_configure_undivided+0xe0>)
20002752:	0044      	lsls	r4, r0, #1
20002754:	469c      	mov	ip, r3
20002756:	1824      	adds	r4, r4, r0
20002758:	00a4      	lsls	r4, r4, #2
2000275a:	4464      	add	r4, ip
2000275c:	6863      	ldr	r3, [r4, #4]
2000275e:	4688      	mov	r8, r1
20002760:	0016      	movs	r6, r2
20002762:	2bff      	cmp	r3, #255	@ 0xff
20002764:	d802      	bhi.n	2000276c <clock_configure_undivided+0x28>
20002766:	2380      	movs	r3, #128	@ 0x80
20002768:	005b      	lsls	r3, r3, #1
2000276a:	6063      	str	r3, [r4, #4]
2000276c:	1f03      	subs	r3, r0, #4
2000276e:	b2db      	uxtb	r3, r3
20002770:	469a      	mov	sl, r3
20002772:	2b01      	cmp	r3, #1
20002774:	d930      	bls.n	200027d8 <clock_configure_undivided+0x94>
20002776:	23c0      	movs	r3, #192	@ 0xc0
20002778:	2280      	movs	r2, #128	@ 0x80
2000277a:	019b      	lsls	r3, r3, #6
2000277c:	18e3      	adds	r3, r4, r3
2000277e:	0112      	lsls	r2, r2, #4
20002780:	601a      	str	r2, [r3, #0]
20002782:	4b29      	ldr	r3, [pc, #164]	@ (20002828 <clock_configure_undivided+0xe4>)
20002784:	0085      	lsls	r5, r0, #2
20002786:	5959      	ldr	r1, [r3, r5]
20002788:	4699      	mov	r9, r3
2000278a:	2900      	cmp	r1, #0
2000278c:	d11b      	bne.n	200027c6 <clock_configure_undivided+0x82>
2000278e:	0173      	lsls	r3, r6, #5
20002790:	26e0      	movs	r6, #224	@ 0xe0
20002792:	6822      	ldr	r2, [r4, #0]
20002794:	4053      	eors	r3, r2
20002796:	401e      	ands	r6, r3
20002798:	2380      	movs	r3, #128	@ 0x80
2000279a:	4652      	mov	r2, sl
2000279c:	015b      	lsls	r3, r3, #5
2000279e:	18e3      	adds	r3, r4, r3
200027a0:	601e      	str	r6, [r3, #0]
200027a2:	2a01      	cmp	r2, #1
200027a4:	d930      	bls.n	20002808 <clock_configure_undivided+0xc4>
200027a6:	2380      	movs	r3, #128	@ 0x80
200027a8:	2280      	movs	r2, #128	@ 0x80
200027aa:	019b      	lsls	r3, r3, #6
200027ac:	18e3      	adds	r3, r4, r3
200027ae:	0112      	lsls	r2, r2, #4
200027b0:	601a      	str	r2, [r3, #0]
200027b2:	2380      	movs	r3, #128	@ 0x80
200027b4:	005b      	lsls	r3, r3, #1
200027b6:	6063      	str	r3, [r4, #4]
200027b8:	464b      	mov	r3, r9
200027ba:	515f      	str	r7, [r3, r5]
200027bc:	bce0      	pop	{r5, r6, r7}
200027be:	46ba      	mov	sl, r7
200027c0:	46b1      	mov	r9, r6
200027c2:	46a8      	mov	r8, r5
200027c4:	bdf0      	pop	{r4, r5, r6, r7, pc}
200027c6:	6958      	ldr	r0, [r3, #20]
200027c8:	f000 fa2a 	bl	20002c20 <__wrap___aeabi_uidiv>
200027cc:	3001      	adds	r0, #1
200027ce:	0043      	lsls	r3, r0, #1
200027d0:	181b      	adds	r3, r3, r0
200027d2:	3b03      	subs	r3, #3
200027d4:	d2fd      	bcs.n	200027d2 <clock_configure_undivided+0x8e>
200027d6:	e7da      	b.n	2000278e <clock_configure_undivided+0x4a>
200027d8:	4643      	mov	r3, r8
200027da:	2b01      	cmp	r3, #1
200027dc:	d1cb      	bne.n	20002776 <clock_configure_undivided+0x32>
200027de:	23c0      	movs	r3, #192	@ 0xc0
200027e0:	2203      	movs	r2, #3
200027e2:	019b      	lsls	r3, r3, #6
200027e4:	18e3      	adds	r3, r4, r3
200027e6:	601a      	str	r2, [r3, #0]
200027e8:	3a02      	subs	r2, #2
200027ea:	68a3      	ldr	r3, [r4, #8]
200027ec:	421a      	tst	r2, r3
200027ee:	d0fc      	beq.n	200027ea <clock_configure_undivided+0xa6>
200027f0:	0173      	lsls	r3, r6, #5
200027f2:	26e0      	movs	r6, #224	@ 0xe0
200027f4:	6822      	ldr	r2, [r4, #0]
200027f6:	0085      	lsls	r5, r0, #2
200027f8:	4053      	eors	r3, r2
200027fa:	401e      	ands	r6, r3
200027fc:	2380      	movs	r3, #128	@ 0x80
200027fe:	4a0a      	ldr	r2, [pc, #40]	@ (20002828 <clock_configure_undivided+0xe4>)
20002800:	015b      	lsls	r3, r3, #5
20002802:	4691      	mov	r9, r2
20002804:	18e3      	adds	r3, r4, r3
20002806:	601e      	str	r6, [r3, #0]
20002808:	4642      	mov	r2, r8
2000280a:	6821      	ldr	r1, [r4, #0]
2000280c:	4051      	eors	r1, r2
2000280e:	2203      	movs	r2, #3
20002810:	400a      	ands	r2, r1
20002812:	601a      	str	r2, [r3, #0]
20002814:	2301      	movs	r3, #1
20002816:	4642      	mov	r2, r8
20002818:	4093      	lsls	r3, r2
2000281a:	68a2      	ldr	r2, [r4, #8]
2000281c:	4213      	tst	r3, r2
2000281e:	d0fc      	beq.n	2000281a <clock_configure_undivided+0xd6>
20002820:	e7c1      	b.n	200027a6 <clock_configure_undivided+0x62>
20002822:	46c0      	nop			@ (mov r8, r8)
20002824:	40008000 	.word	0x40008000
20002828:	2000ae88 	.word	0x2000ae88

2000282c <clock_get_hz>:
2000282c:	4b01      	ldr	r3, [pc, #4]	@ (20002834 <clock_get_hz+0x8>)
2000282e:	0080      	lsls	r0, r0, #2
20002830:	58c0      	ldr	r0, [r0, r3]
20002832:	4770      	bx	lr
20002834:	2000ae88 	.word	0x2000ae88

20002838 <pll_init>:
20002838:	b5f8      	push	{r3, r4, r5, r6, r7, lr}
2000283a:	0004      	movs	r4, r0
2000283c:	4821      	ldr	r0, [pc, #132]	@ (200028c4 <pll_init+0x8c>)
2000283e:	001e      	movs	r6, r3
20002840:	0017      	movs	r7, r2
20002842:	000d      	movs	r5, r1
20002844:	f000 f9ec 	bl	20002c20 <__wrap___aeabi_uidiv>
20002848:	0001      	movs	r1, r0
2000284a:	0038      	movs	r0, r7
2000284c:	f000 f9e8 	bl	20002c20 <__wrap___aeabi_uidiv>
20002850:	9b06      	ldr	r3, [sp, #24]
20002852:	0436      	lsls	r6, r6, #16
20002854:	031b      	lsls	r3, r3, #12
20002856:	431e      	orrs	r6, r3
20002858:	6823      	ldr	r3, [r4, #0]
2000285a:	2b00      	cmp	r3, #0
2000285c:	db20      	blt.n	200028a0 <pll_init+0x68>
2000285e:	4b1a      	ldr	r3, [pc, #104]	@ (200028c8 <pll_init+0x90>)
20002860:	491a      	ldr	r1, [pc, #104]	@ (200028cc <pll_init+0x94>)
20002862:	18e3      	adds	r3, r4, r3
20002864:	1e5a      	subs	r2, r3, #1
20002866:	4193      	sbcs	r3, r2
20002868:	2280      	movs	r2, #128	@ 0x80
2000286a:	0192      	lsls	r2, r2, #6
2000286c:	4694      	mov	ip, r2
2000286e:	425b      	negs	r3, r3
20002870:	0b1b      	lsrs	r3, r3, #12
20002872:	4a17      	ldr	r2, [pc, #92]	@ (200028d0 <pll_init+0x98>)
20002874:	031b      	lsls	r3, r3, #12
20002876:	4463      	add	r3, ip
20002878:	6013      	str	r3, [r2, #0]
2000287a:	4a16      	ldr	r2, [pc, #88]	@ (200028d4 <pll_init+0x9c>)
2000287c:	6013      	str	r3, [r2, #0]
2000287e:	001f      	movs	r7, r3
20002880:	680a      	ldr	r2, [r1, #0]
20002882:	4397      	bics	r7, r2
20002884:	d1fb      	bne.n	2000287e <pll_init+0x46>
20002886:	4b14      	ldr	r3, [pc, #80]	@ (200028d8 <pll_init+0xa0>)
20002888:	6025      	str	r5, [r4, #0]
2000288a:	18e2      	adds	r2, r4, r3
2000288c:	2321      	movs	r3, #33	@ 0x21
2000288e:	60a0      	str	r0, [r4, #8]
20002890:	6013      	str	r3, [r2, #0]
20002892:	6823      	ldr	r3, [r4, #0]
20002894:	2b00      	cmp	r3, #0
20002896:	dafc      	bge.n	20002892 <pll_init+0x5a>
20002898:	2308      	movs	r3, #8
2000289a:	60e6      	str	r6, [r4, #12]
2000289c:	6013      	str	r3, [r2, #0]
2000289e:	bdf8      	pop	{r3, r4, r5, r6, r7, pc}
200028a0:	233f      	movs	r3, #63	@ 0x3f
200028a2:	6822      	ldr	r2, [r4, #0]
200028a4:	4013      	ands	r3, r2
200028a6:	42ab      	cmp	r3, r5
200028a8:	d1d9      	bne.n	2000285e <pll_init+0x26>
200028aa:	68a3      	ldr	r3, [r4, #8]
200028ac:	051b      	lsls	r3, r3, #20
200028ae:	0d1b      	lsrs	r3, r3, #20
200028b0:	4283      	cmp	r3, r0
200028b2:	d1d4      	bne.n	2000285e <pll_init+0x26>
200028b4:	22ee      	movs	r2, #238	@ 0xee
200028b6:	68e3      	ldr	r3, [r4, #12]
200028b8:	02d2      	lsls	r2, r2, #11
200028ba:	4013      	ands	r3, r2
200028bc:	42b3      	cmp	r3, r6
200028be:	d1ce      	bne.n	2000285e <pll_init+0x26>
200028c0:	e7ed      	b.n	2000289e <pll_init+0x66>
200028c2:	46c0      	nop			@ (mov r8, r8)
200028c4:	00b71b00 	.word	0x00b71b00
200028c8:	bffd4000 	.word	0xbffd4000
200028cc:	4000c008 	.word	0x4000c008
200028d0:	4000e000 	.word	0x4000e000
200028d4:	4000f000 	.word	0x4000f000
200028d8:	00003004 	.word	0x00003004

200028dc <tick_start>:
200028dc:	2380      	movs	r3, #128	@ 0x80
200028de:	4a02      	ldr	r2, [pc, #8]	@ (200028e8 <tick_start+0xc>)
200028e0:	009b      	lsls	r3, r3, #2
200028e2:	430b      	orrs	r3, r1
200028e4:	62d3      	str	r3, [r2, #44]	@ 0x2c
200028e6:	4770      	bx	lr
200028e8:	40058000 	.word	0x40058000

200028ec <rom_func_lookup>:
200028ec:	2314      	movs	r3, #20
200028ee:	b510      	push	{r4, lr}
200028f0:	0001      	movs	r1, r0
200028f2:	8818      	ldrh	r0, [r3, #0]
200028f4:	3304      	adds	r3, #4
200028f6:	881b      	ldrh	r3, [r3, #0]
200028f8:	4798      	blx	r3
200028fa:	bd10      	pop	{r4, pc}

200028fc <rom_data_lookup>:
200028fc:	2316      	movs	r3, #22
200028fe:	b510      	push	{r4, lr}
20002900:	0001      	movs	r1, r0
20002902:	8818      	ldrh	r0, [r3, #0]
20002904:	3302      	adds	r3, #2
20002906:	881b      	ldrh	r3, [r3, #0]
20002908:	4798      	blx	r3
2000290a:	bd10      	pop	{r4, pc}

2000290c <rom_funcs_lookup>:
2000290c:	b5f8      	push	{r3, r4, r5, r6, r7, lr}
2000290e:	4647      	mov	r7, r8
20002910:	46ce      	mov	lr, r9
20002912:	b580      	push	{r7, lr}
20002914:	1e0f      	subs	r7, r1, #0
20002916:	d019      	beq.n	2000294c <rom_funcs_lookup+0x40>
20002918:	2314      	movs	r3, #20
2000291a:	4699      	mov	r9, r3
2000291c:	3304      	adds	r3, #4
2000291e:	0004      	movs	r4, r0
20002920:	2500      	movs	r5, #0
20002922:	2601      	movs	r6, #1
20002924:	4698      	mov	r8, r3
20002926:	464b      	mov	r3, r9
20002928:	8818      	ldrh	r0, [r3, #0]
2000292a:	4643      	mov	r3, r8
2000292c:	6821      	ldr	r1, [r4, #0]
2000292e:	881b      	ldrh	r3, [r3, #0]
20002930:	4798      	blx	r3
20002932:	c401      	stmia	r4!, {r0}
20002934:	1e43      	subs	r3, r0, #1
20002936:	4198      	sbcs	r0, r3
20002938:	3501      	adds	r5, #1
2000293a:	4240      	negs	r0, r0
2000293c:	4006      	ands	r6, r0
2000293e:	42af      	cmp	r7, r5
20002940:	d1f1      	bne.n	20002926 <rom_funcs_lookup+0x1a>
20002942:	0030      	movs	r0, r6
20002944:	bcc0      	pop	{r6, r7}
20002946:	46b9      	mov	r9, r7
20002948:	46b0      	mov	r8, r6
2000294a:	bdf8      	pop	{r3, r4, r5, r6, r7, pc}
2000294c:	2601      	movs	r6, #1
2000294e:	e7f8      	b.n	20002942 <rom_funcs_lookup+0x36>

20002950 <xosc_init>:
20002950:	23aa      	movs	r3, #170	@ 0xaa
20002952:	4a06      	ldr	r2, [pc, #24]	@ (2000296c <xosc_init+0x1c>)
20002954:	011b      	lsls	r3, r3, #4
20002956:	6013      	str	r3, [r2, #0]
20002958:	238d      	movs	r3, #141	@ 0x8d
2000295a:	005b      	lsls	r3, r3, #1
2000295c:	60d3      	str	r3, [r2, #12]
2000295e:	4904      	ldr	r1, [pc, #16]	@ (20002970 <xosc_init+0x20>)
20002960:	4b04      	ldr	r3, [pc, #16]	@ (20002974 <xosc_init+0x24>)
20002962:	6019      	str	r1, [r3, #0]
20002964:	6853      	ldr	r3, [r2, #4]
20002966:	2b00      	cmp	r3, #0
20002968:	dafc      	bge.n	20002964 <xosc_init+0x14>
2000296a:	4770      	bx	lr
2000296c:	40024000 	.word	0x40024000
20002970:	00fab000 	.word	0x00fab000
20002974:	40026000 	.word	0x40026000

20002978 <first_per_core_initializer>:
20002978:	4770      	bx	lr
2000297a:	46c0      	nop			@ (mov r8, r8)

2000297c <hard_assertion_failure>:
2000297c:	b510      	push	{r4, lr}
2000297e:	4801      	ldr	r0, [pc, #4]	@ (20002984 <hard_assertion_failure+0x8>)
20002980:	f7ff f890 	bl	20001aa4 <panic>
20002984:	200097f4 	.word	0x200097f4

20002988 <runtime_run_initializers>:
20002988:	b570      	push	{r4, r5, r6, lr}
2000298a:	4d07      	ldr	r5, [pc, #28]	@ (200029a8 <runtime_run_initializers+0x20>)
2000298c:	4e07      	ldr	r6, [pc, #28]	@ (200029ac <runtime_run_initializers+0x24>)
2000298e:	42b5      	cmp	r5, r6
20002990:	d209      	bcs.n	200029a6 <runtime_run_initializers+0x1e>
20002992:	2400      	movs	r4, #0
20002994:	3e01      	subs	r6, #1
20002996:	1b76      	subs	r6, r6, r5
20002998:	08b6      	lsrs	r6, r6, #2
2000299a:	cd08      	ldmia	r5!, {r3}
2000299c:	4798      	blx	r3
2000299e:	0023      	movs	r3, r4
200029a0:	3401      	adds	r4, #1
200029a2:	42b3      	cmp	r3, r6
200029a4:	d1f9      	bne.n	2000299a <runtime_run_initializers+0x12>
200029a6:	bd70      	pop	{r4, r5, r6, pc}
200029a8:	2000a950 	.word	0x2000a950
200029ac:	2000a98c 	.word	0x2000a98c

200029b0 <runtime_init_early_resets>:
200029b0:	4b05      	ldr	r3, [pc, #20]	@ (200029c8 <runtime_init_early_resets+0x18>)
200029b2:	4a06      	ldr	r2, [pc, #24]	@ (200029cc <runtime_init_early_resets+0x1c>)
200029b4:	4906      	ldr	r1, [pc, #24]	@ (200029d0 <runtime_init_early_resets+0x20>)
200029b6:	601a      	str	r2, [r3, #0]
200029b8:	4a06      	ldr	r2, [pc, #24]	@ (200029d4 <runtime_init_early_resets+0x24>)
200029ba:	4b07      	ldr	r3, [pc, #28]	@ (200029d8 <runtime_init_early_resets+0x28>)
200029bc:	601a      	str	r2, [r3, #0]
200029be:	0010      	movs	r0, r2
200029c0:	680b      	ldr	r3, [r1, #0]
200029c2:	4398      	bics	r0, r3
200029c4:	d1fb      	bne.n	200029be <runtime_init_early_resets+0xe>
200029c6:	4770      	bx	lr
200029c8:	4000e000 	.word	0x4000e000
200029cc:	fefbcdbf 	.word	0xfefbcdbf
200029d0:	4000c008 	.word	0x4000c008
200029d4:	003c7ffe 	.word	0x003c7ffe
200029d8:	4000f000 	.word	0x4000f000

200029dc <runtime_init_usb_power_down>:
200029dc:	4b04      	ldr	r3, [pc, #16]	@ (200029f0 <runtime_init_usb_power_down+0x14>)
200029de:	6cdb      	ldr	r3, [r3, #76]	@ 0x4c
200029e0:	2b00      	cmp	r3, #0
200029e2:	d103      	bne.n	200029ec <runtime_init_usb_power_down+0x10>
200029e4:	2280      	movs	r2, #128	@ 0x80
200029e6:	4b03      	ldr	r3, [pc, #12]	@ (200029f4 <runtime_init_usb_power_down+0x18>)
200029e8:	02d2      	lsls	r2, r2, #11
200029ea:	601a      	str	r2, [r3, #0]
200029ec:	4770      	bx	lr
200029ee:	46c0      	nop			@ (mov r8, r8)
200029f0:	50110000 	.word	0x50110000
200029f4:	5011204c 	.word	0x5011204c

200029f8 <runtime_init_post_clock_resets>:
200029f8:	4a04      	ldr	r2, [pc, #16]	@ (20002a0c <runtime_init_post_clock_resets+0x14>)
200029fa:	4b05      	ldr	r3, [pc, #20]	@ (20002a10 <runtime_init_post_clock_resets+0x18>)
200029fc:	601a      	str	r2, [r3, #0]
200029fe:	4a05      	ldr	r2, [pc, #20]	@ (20002a14 <runtime_init_post_clock_resets+0x1c>)
20002a00:	6813      	ldr	r3, [r2, #0]
20002a02:	01db      	lsls	r3, r3, #7
20002a04:	3380      	adds	r3, #128	@ 0x80
20002a06:	d1fb      	bne.n	20002a00 <runtime_init_post_clock_resets+0x8>
20002a08:	4770      	bx	lr
20002a0a:	46c0      	nop			@ (mov r8, r8)
20002a0c:	01ffffff 	.word	0x01ffffff
20002a10:	4000f000 	.word	0x4000f000
20002a14:	4000c008 	.word	0x4000c008

20002a18 <runtime_init_rp2040_gpio_ie_disable>:
20002a18:	2240      	movs	r2, #64	@ 0x40
20002a1a:	4b03      	ldr	r3, [pc, #12]	@ (20002a28 <runtime_init_rp2040_gpio_ie_disable+0x10>)
20002a1c:	679a      	str	r2, [r3, #120]	@ 0x78
20002a1e:	675a      	str	r2, [r3, #116]	@ 0x74
20002a20:	671a      	str	r2, [r3, #112]	@ 0x70
20002a22:	66da      	str	r2, [r3, #108]	@ 0x6c
20002a24:	4770      	bx	lr
20002a26:	46c0      	nop			@ (mov r8, r8)
20002a28:	4001f000 	.word	0x4001f000

20002a2c <runtime_init_spin_locks_reset>:
20002a2c:	b510      	push	{r4, lr}
20002a2e:	f7ff f87f 	bl	20001b30 <spin_locks_reset>
20002a32:	bd10      	pop	{r4, pc}

20002a34 <runtime_init_install_ram_vector_table>:
20002a34:	b5f8      	push	{r3, r4, r5, r6, r7, lr}
20002a36:	4927      	ldr	r1, [pc, #156]	@ (20002ad4 <runtime_init_install_ram_vector_table+0xa0>)
20002a38:	4c27      	ldr	r4, [pc, #156]	@ (20002ad8 <runtime_init_install_ram_vector_table+0xa4>)
20002a3a:	4d28      	ldr	r5, [pc, #160]	@ (20002adc <runtime_init_install_ram_vector_table+0xa8>)
20002a3c:	1a64      	subs	r4, r4, r1
20002a3e:	08a4      	lsrs	r4, r4, #2
20002a40:	0022      	movs	r2, r4
20002a42:	2c30      	cmp	r4, #48	@ 0x30
20002a44:	d900      	bls.n	20002a48 <runtime_init_install_ram_vector_table+0x14>
20002a46:	2230      	movs	r2, #48	@ 0x30
20002a48:	0028      	movs	r0, r5
20002a4a:	0092      	lsls	r2, r2, #2
20002a4c:	f001 f886 	bl	20003b5c <__wrap___aeabi_memcpy>
20002a50:	2c2f      	cmp	r4, #47	@ 0x2f
20002a52:	d83b      	bhi.n	20002acc <runtime_init_install_ram_vector_table+0x98>
20002a54:	2030      	movs	r0, #48	@ 0x30
20002a56:	212f      	movs	r1, #47	@ 0x2f
20002a58:	00a7      	lsls	r7, r4, #2
20002a5a:	19eb      	adds	r3, r5, r7
20002a5c:	075b      	lsls	r3, r3, #29
20002a5e:	4a20      	ldr	r2, [pc, #128]	@ (20002ae0 <runtime_init_install_ram_vector_table+0xac>)
20002a60:	1b00      	subs	r0, r0, r4
20002a62:	0fdb      	lsrs	r3, r3, #31
20002a64:	1b09      	subs	r1, r1, r4
20002a66:	2905      	cmp	r1, #5
20002a68:	d916      	bls.n	20002a98 <runtime_init_install_ram_vector_table+0x64>
20002a6a:	0026      	movs	r6, r4
20002a6c:	2b00      	cmp	r3, #0
20002a6e:	d001      	beq.n	20002a74 <runtime_init_install_ram_vector_table+0x40>
20002a70:	51ea      	str	r2, [r5, r7]
20002a72:	1c66      	adds	r6, r4, #1
20002a74:	1ac0      	subs	r0, r0, r3
20002a76:	18e3      	adds	r3, r4, r3
20002a78:	009b      	lsls	r3, r3, #2
20002a7a:	0841      	lsrs	r1, r0, #1
20002a7c:	18eb      	adds	r3, r5, r3
20002a7e:	00c9      	lsls	r1, r1, #3
20002a80:	18c9      	adds	r1, r1, r3
20002a82:	601a      	str	r2, [r3, #0]
20002a84:	605a      	str	r2, [r3, #4]
20002a86:	3308      	adds	r3, #8
20002a88:	428b      	cmp	r3, r1
20002a8a:	d1fa      	bne.n	20002a82 <runtime_init_install_ram_vector_table+0x4e>
20002a8c:	2301      	movs	r3, #1
20002a8e:	4203      	tst	r3, r0
20002a90:	d01c      	beq.n	20002acc <runtime_init_install_ram_vector_table+0x98>
20002a92:	4398      	bics	r0, r3
20002a94:	1984      	adds	r4, r0, r6
20002a96:	00a7      	lsls	r7, r4, #2
20002a98:	51ea      	str	r2, [r5, r7]
20002a9a:	1c63      	adds	r3, r4, #1
20002a9c:	2c2f      	cmp	r4, #47	@ 0x2f
20002a9e:	d015      	beq.n	20002acc <runtime_init_install_ram_vector_table+0x98>
20002aa0:	009b      	lsls	r3, r3, #2
20002aa2:	50ea      	str	r2, [r5, r3]
20002aa4:	1ca3      	adds	r3, r4, #2
20002aa6:	2c2e      	cmp	r4, #46	@ 0x2e
20002aa8:	d010      	beq.n	20002acc <runtime_init_install_ram_vector_table+0x98>
20002aaa:	009b      	lsls	r3, r3, #2
20002aac:	50ea      	str	r2, [r5, r3]
20002aae:	1ce3      	adds	r3, r4, #3
20002ab0:	2c2d      	cmp	r4, #45	@ 0x2d
20002ab2:	d00b      	beq.n	20002acc <runtime_init_install_ram_vector_table+0x98>
20002ab4:	009b      	lsls	r3, r3, #2
20002ab6:	50ea      	str	r2, [r5, r3]
20002ab8:	1d23      	adds	r3, r4, #4
20002aba:	2c2c      	cmp	r4, #44	@ 0x2c
20002abc:	d006      	beq.n	20002acc <runtime_init_install_ram_vector_table+0x98>
20002abe:	009b      	lsls	r3, r3, #2
20002ac0:	50ea      	str	r2, [r5, r3]
20002ac2:	1d63      	adds	r3, r4, #5
20002ac4:	2c2b      	cmp	r4, #43	@ 0x2b
20002ac6:	d001      	beq.n	20002acc <runtime_init_install_ram_vector_table+0x98>
20002ac8:	009b      	lsls	r3, r3, #2
20002aca:	50ea      	str	r2, [r5, r3]
20002acc:	4b05      	ldr	r3, [pc, #20]	@ (20002ae4 <runtime_init_install_ram_vector_table+0xb0>)
20002ace:	609d      	str	r5, [r3, #8]
20002ad0:	bdf8      	pop	{r3, r4, r5, r6, r7, pc}
20002ad2:	46c0      	nop			@ (mov r8, r8)
20002ad4:	10000100 	.word	0x10000100
20002ad8:	100001c0 	.word	0x100001c0
20002adc:	20000000 	.word	0x20000000
20002ae0:	100001c1 	.word	0x100001c1
20002ae4:	e000ed00 	.word	0xe000ed00

20002ae8 <runtime_init_clocks>:
20002ae8:	2300      	movs	r3, #0
20002aea:	b510      	push	{r4, lr}
20002aec:	4c29      	ldr	r4, [pc, #164]	@ (20002b94 <runtime_init_clocks+0xac>)
20002aee:	b082      	sub	sp, #8
20002af0:	67a3      	str	r3, [r4, #120]	@ 0x78
20002af2:	f7ff ff2d 	bl	20002950 <xosc_init>
20002af6:	2201      	movs	r2, #1
20002af8:	4b27      	ldr	r3, [pc, #156]	@ (20002b98 <runtime_init_clocks+0xb0>)
20002afa:	601a      	str	r2, [r3, #0]
20002afc:	6c63      	ldr	r3, [r4, #68]	@ 0x44
20002afe:	2b01      	cmp	r3, #1
20002b00:	d1fc      	bne.n	20002afc <runtime_init_clocks+0x14>
20002b02:	2203      	movs	r2, #3
20002b04:	4b25      	ldr	r3, [pc, #148]	@ (20002b9c <runtime_init_clocks+0xb4>)
20002b06:	601a      	str	r2, [r3, #0]
20002b08:	4a22      	ldr	r2, [pc, #136]	@ (20002b94 <runtime_init_clocks+0xac>)
20002b0a:	6b93      	ldr	r3, [r2, #56]	@ 0x38
20002b0c:	2b01      	cmp	r3, #1
20002b0e:	d1fc      	bne.n	20002b0a <runtime_init_clocks+0x22>
20002b10:	3301      	adds	r3, #1
20002b12:	9300      	str	r3, [sp, #0]
20002b14:	2101      	movs	r1, #1
20002b16:	4a22      	ldr	r2, [pc, #136]	@ (20002ba0 <runtime_init_clocks+0xb8>)
20002b18:	4822      	ldr	r0, [pc, #136]	@ (20002ba4 <runtime_init_clocks+0xbc>)
20002b1a:	3304      	adds	r3, #4
20002b1c:	f7ff fe8c 	bl	20002838 <pll_init>
20002b20:	2305      	movs	r3, #5
20002b22:	2101      	movs	r1, #1
20002b24:	9300      	str	r3, [sp, #0]
20002b26:	4a20      	ldr	r2, [pc, #128]	@ (20002ba8 <runtime_init_clocks+0xc0>)
20002b28:	4820      	ldr	r0, [pc, #128]	@ (20002bac <runtime_init_clocks+0xc4>)
20002b2a:	f7ff fe85 	bl	20002838 <pll_init>
20002b2e:	2200      	movs	r2, #0
20002b30:	2102      	movs	r1, #2
20002b32:	2004      	movs	r0, #4
20002b34:	4b1e      	ldr	r3, [pc, #120]	@ (20002bb0 <runtime_init_clocks+0xc8>)
20002b36:	f7ff fe05 	bl	20002744 <clock_configure_undivided>
20002b3a:	2200      	movs	r2, #0
20002b3c:	2101      	movs	r1, #1
20002b3e:	2005      	movs	r0, #5
20002b40:	4b1c      	ldr	r3, [pc, #112]	@ (20002bb4 <runtime_init_clocks+0xcc>)
20002b42:	f7ff fdff 	bl	20002744 <clock_configure_undivided>
20002b46:	2200      	movs	r2, #0
20002b48:	2100      	movs	r1, #0
20002b4a:	2007      	movs	r0, #7
20002b4c:	4b1a      	ldr	r3, [pc, #104]	@ (20002bb8 <runtime_init_clocks+0xd0>)
20002b4e:	f7ff fdf9 	bl	20002744 <clock_configure_undivided>
20002b52:	2200      	movs	r2, #0
20002b54:	2100      	movs	r1, #0
20002b56:	2008      	movs	r0, #8
20002b58:	4b17      	ldr	r3, [pc, #92]	@ (20002bb8 <runtime_init_clocks+0xd0>)
20002b5a:	f7ff fdf3 	bl	20002744 <clock_configure_undivided>
20002b5e:	2380      	movs	r3, #128	@ 0x80
20002b60:	00db      	lsls	r3, r3, #3
20002b62:	9300      	str	r3, [sp, #0]
20002b64:	2200      	movs	r2, #0
20002b66:	2100      	movs	r1, #0
20002b68:	2009      	movs	r0, #9
20002b6a:	4b13      	ldr	r3, [pc, #76]	@ (20002bb8 <runtime_init_clocks+0xd0>)
20002b6c:	f7ff fd70 	bl	20002650 <clock_configure_int_divider>
20002b70:	2200      	movs	r2, #0
20002b72:	4b10      	ldr	r3, [pc, #64]	@ (20002bb4 <runtime_init_clocks+0xcc>)
20002b74:	2100      	movs	r1, #0
20002b76:	2006      	movs	r0, #6
20002b78:	f7ff fde4 	bl	20002744 <clock_configure_undivided>
20002b7c:	2004      	movs	r0, #4
20002b7e:	f7ff fe55 	bl	2000282c <clock_get_hz>
20002b82:	490e      	ldr	r1, [pc, #56]	@ (20002bbc <runtime_init_clocks+0xd4>)
20002b84:	f000 f84c 	bl	20002c20 <__wrap___aeabi_uidiv>
20002b88:	0001      	movs	r1, r0
20002b8a:	2000      	movs	r0, #0
20002b8c:	f7ff fea6 	bl	200028dc <tick_start>
20002b90:	b002      	add	sp, #8
20002b92:	bd10      	pop	{r4, pc}
20002b94:	40008000 	.word	0x40008000
20002b98:	4000b03c 	.word	0x4000b03c
20002b9c:	4000b030 	.word	0x4000b030
20002ba0:	59682f00 	.word	0x59682f00
20002ba4:	40028000 	.word	0x40028000
20002ba8:	47868c00 	.word	0x47868c00
20002bac:	4002c000 	.word	0x4002c000
20002bb0:	00b71b00 	.word	0x00b71b00
20002bb4:	07735940 	.word	0x07735940
20002bb8:	02dc6c00 	.word	0x02dc6c00
20002bbc:	000f4240 	.word	0x000f4240

20002bc0 <__aeabi_bits_init>:
20002bc0:	4801      	ldr	r0, [pc, #4]	@ (20002bc8 <__aeabi_bits_init+0x8>)
20002bc2:	2104      	movs	r1, #4
20002bc4:	4b01      	ldr	r3, [pc, #4]	@ (20002bcc <__aeabi_bits_init+0xc>)
20002bc6:	4718      	bx	r3
20002bc8:	2000a270 	.word	0x2000a270
20002bcc:	2000290d 	.word	0x2000290d

20002bd0 <__wrap___aeabi_idiv>:
20002bd0:	4a12      	ldr	r2, [pc, #72]	@ (20002c1c <divmod_s32s32_savestate+0x18>)
20002bd2:	6f93      	ldr	r3, [r2, #120]	@ 0x78
20002bd4:	089b      	lsrs	r3, r3, #2
20002bd6:	d215      	bcs.n	20002c04 <divmod_s32s32_savestate>

20002bd8 <divmod_s32s32_core>:
20002bd8:	6690      	str	r0, [r2, #104]	@ 0x68
20002bda:	66d1      	str	r1, [r2, #108]	@ 0x6c
20002bdc:	2900      	cmp	r1, #0
20002bde:	d005      	beq.n	20002bec <divmod_s32s32_core+0x14>
20002be0:	e7ff      	b.n	20002be2 <divmod_s32s32_core+0xa>
20002be2:	e7ff      	b.n	20002be4 <divmod_s32s32_core+0xc>
20002be4:	e7ff      	b.n	20002be6 <divmod_s32s32_core+0xe>
20002be6:	6f51      	ldr	r1, [r2, #116]	@ 0x74
20002be8:	6f10      	ldr	r0, [r2, #112]	@ 0x70
20002bea:	4770      	bx	lr
20002bec:	b504      	push	{r2, lr}
20002bee:	2180      	movs	r1, #128	@ 0x80
20002bf0:	0609      	lsls	r1, r1, #24
20002bf2:	17c2      	asrs	r2, r0, #31
20002bf4:	4051      	eors	r1, r2
20002bf6:	2800      	cmp	r0, #0
20002bf8:	d000      	beq.n	20002bfc <divmod_s32s32_core+0x24>
20002bfa:	43c8      	mvns	r0, r1
20002bfc:	f002 fe5e 	bl	200058bc <__aeabi_idiv0>
20002c00:	2100      	movs	r1, #0
20002c02:	bd04      	pop	{r2, pc}

20002c04 <divmod_s32s32_savestate>:
20002c04:	b5f0      	push	{r4, r5, r6, r7, lr}
20002c06:	6e14      	ldr	r4, [r2, #96]	@ 0x60
20002c08:	6e55      	ldr	r5, [r2, #100]	@ 0x64
20002c0a:	6f57      	ldr	r7, [r2, #116]	@ 0x74
20002c0c:	6f16      	ldr	r6, [r2, #112]	@ 0x70
20002c0e:	f7ff ffe3 	bl	20002bd8 <divmod_s32s32_core>
20002c12:	6614      	str	r4, [r2, #96]	@ 0x60
20002c14:	6655      	str	r5, [r2, #100]	@ 0x64
20002c16:	6757      	str	r7, [r2, #116]	@ 0x74
20002c18:	6716      	str	r6, [r2, #112]	@ 0x70
20002c1a:	bdf0      	pop	{r4, r5, r6, r7, pc}
20002c1c:	d0000000 	.word	0xd0000000

20002c20 <__wrap___aeabi_uidiv>:
20002c20:	4a11      	ldr	r2, [pc, #68]	@ (20002c68 <divmod_u32u32_savestate+0x18>)
20002c22:	6f93      	ldr	r3, [r2, #120]	@ 0x78
20002c24:	089b      	lsrs	r3, r3, #2
20002c26:	d213      	bcs.n	20002c50 <divmod_u32u32_savestate>

20002c28 <divmod_u32u32_core>:
20002c28:	6610      	str	r0, [r2, #96]	@ 0x60
20002c2a:	6651      	str	r1, [r2, #100]	@ 0x64
20002c2c:	2900      	cmp	r1, #0
20002c2e:	d005      	beq.n	20002c3c <divmod_u32u32_core+0x14>
20002c30:	e7ff      	b.n	20002c32 <divmod_u32u32_core+0xa>
20002c32:	e7ff      	b.n	20002c34 <divmod_u32u32_core+0xc>
20002c34:	e7ff      	b.n	20002c36 <divmod_u32u32_core+0xe>
20002c36:	6f51      	ldr	r1, [r2, #116]	@ 0x74
20002c38:	6f10      	ldr	r0, [r2, #112]	@ 0x70
20002c3a:	4770      	bx	lr
20002c3c:	b504      	push	{r2, lr}
20002c3e:	2800      	cmp	r0, #0
20002c40:	d001      	beq.n	20002c46 <divmod_u32u32_core+0x1e>
20002c42:	2000      	movs	r0, #0
20002c44:	43c0      	mvns	r0, r0
20002c46:	f002 fe39 	bl	200058bc <__aeabi_idiv0>
20002c4a:	2100      	movs	r1, #0
20002c4c:	bd04      	pop	{r2, pc}
20002c4e:	46c0      	nop			@ (mov r8, r8)

20002c50 <divmod_u32u32_savestate>:
20002c50:	b5f0      	push	{r4, r5, r6, r7, lr}
20002c52:	6e14      	ldr	r4, [r2, #96]	@ 0x60
20002c54:	6e55      	ldr	r5, [r2, #100]	@ 0x64
20002c56:	6f57      	ldr	r7, [r2, #116]	@ 0x74
20002c58:	6f16      	ldr	r6, [r2, #112]	@ 0x70
20002c5a:	f7ff ffe5 	bl	20002c28 <divmod_u32u32_core>
20002c5e:	6614      	str	r4, [r2, #96]	@ 0x60
20002c60:	6655      	str	r5, [r2, #100]	@ 0x64
20002c62:	6757      	str	r7, [r2, #116]	@ 0x74
20002c64:	6716      	str	r6, [r2, #112]	@ 0x70
20002c66:	bdf0      	pop	{r4, r5, r6, r7, pc}
20002c68:	d0000000 	.word	0xd0000000

20002c6c <__wrap___aeabi_ldivmod>:
20002c6c:	4694      	mov	ip, r2
20002c6e:	4a4a      	ldr	r2, [pc, #296]	@ (20002d98 <udiv0+0x1a>)
20002c70:	6f92      	ldr	r2, [r2, #120]	@ 0x78
20002c72:	0892      	lsrs	r2, r2, #2
20002c74:	4662      	mov	r2, ip
20002c76:	d201      	bcs.n	20002c7c <divmod_s64s64_savestate>
20002c78:	e028      	b.n	20002ccc <divmod_s64s64_unsafe>
20002c7a:	46c0      	nop			@ (mov r8, r8)

20002c7c <divmod_s64s64_savestate>:
20002c7c:	b5f0      	push	{r4, r5, r6, r7, lr}
20002c7e:	4e46      	ldr	r6, [pc, #280]	@ (20002d98 <udiv0+0x1a>)
20002c80:	6e34      	ldr	r4, [r6, #96]	@ 0x60
20002c82:	6e75      	ldr	r5, [r6, #100]	@ 0x64
20002c84:	6f77      	ldr	r7, [r6, #116]	@ 0x74
20002c86:	6f36      	ldr	r6, [r6, #112]	@ 0x70
20002c88:	f000 f820 	bl	20002ccc <divmod_s64s64_unsafe>
20002c8c:	4694      	mov	ip, r2
20002c8e:	4a42      	ldr	r2, [pc, #264]	@ (20002d98 <udiv0+0x1a>)
20002c90:	6614      	str	r4, [r2, #96]	@ 0x60
20002c92:	6655      	str	r5, [r2, #100]	@ 0x64
20002c94:	6757      	str	r7, [r2, #116]	@ 0x74
20002c96:	6716      	str	r6, [r2, #112]	@ 0x70
20002c98:	4662      	mov	r2, ip
20002c9a:	bdf0      	pop	{r4, r5, r6, r7, pc}

20002c9c <__wrap___aeabi_uldivmod>:
20002c9c:	4694      	mov	ip, r2
20002c9e:	4a3e      	ldr	r2, [pc, #248]	@ (20002d98 <udiv0+0x1a>)
20002ca0:	6f92      	ldr	r2, [r2, #120]	@ 0x78
20002ca2:	0892      	lsrs	r2, r2, #2
20002ca4:	4662      	mov	r2, ip
20002ca6:	d201      	bcs.n	20002cac <divmod_u64u64_savestate>
20002ca8:	e054      	b.n	20002d54 <divmod_u64u64_unsafe>
20002caa:	46c0      	nop			@ (mov r8, r8)

20002cac <divmod_u64u64_savestate>:
20002cac:	b5f0      	push	{r4, r5, r6, r7, lr}
20002cae:	4e3a      	ldr	r6, [pc, #232]	@ (20002d98 <udiv0+0x1a>)
20002cb0:	6e34      	ldr	r4, [r6, #96]	@ 0x60
20002cb2:	6e75      	ldr	r5, [r6, #100]	@ 0x64
20002cb4:	6f77      	ldr	r7, [r6, #116]	@ 0x74
20002cb6:	6f36      	ldr	r6, [r6, #112]	@ 0x70
20002cb8:	f000 f84c 	bl	20002d54 <divmod_u64u64_unsafe>
20002cbc:	4694      	mov	ip, r2
20002cbe:	4a36      	ldr	r2, [pc, #216]	@ (20002d98 <udiv0+0x1a>)
20002cc0:	6614      	str	r4, [r2, #96]	@ 0x60
20002cc2:	6655      	str	r5, [r2, #100]	@ 0x64
20002cc4:	6757      	str	r7, [r2, #116]	@ 0x74
20002cc6:	6716      	str	r6, [r2, #112]	@ 0x70
20002cc8:	4662      	mov	r2, ip
20002cca:	bdf0      	pop	{r4, r5, r6, r7, pc}

20002ccc <divmod_s64s64_unsafe>:
20002ccc:	2b00      	cmp	r3, #0
20002cce:	db24      	blt.n	20002d1a <l46_1+0x26>
20002cd0:	d011      	beq.n	20002cf6 <l46_1+0x2>
20002cd2:	2900      	cmp	r1, #0
20002cd4:	da3e      	bge.n	20002d54 <divmod_u64u64_unsafe>
20002cd6:	b500      	push	{lr}
20002cd8:	43c9      	mvns	r1, r1
20002cda:	4240      	negs	r0, r0
20002cdc:	d100      	bne.n	20002ce0 <l44_1>
20002cde:	3101      	adds	r1, #1

20002ce0 <l44_1>:
20002ce0:	f000 f838 	bl	20002d54 <divmod_u64u64_unsafe>
20002ce4:	43c9      	mvns	r1, r1
20002ce6:	4240      	negs	r0, r0
20002ce8:	d100      	bne.n	20002cec <l45_1>
20002cea:	3101      	adds	r1, #1

20002cec <l45_1>:
20002cec:	43db      	mvns	r3, r3
20002cee:	4252      	negs	r2, r2
20002cf0:	d100      	bne.n	20002cf4 <l46_1>
20002cf2:	3301      	adds	r3, #1

20002cf4 <l46_1>:
20002cf4:	bd00      	pop	{pc}
20002cf6:	2a00      	cmp	r2, #0
20002cf8:	d1eb      	bne.n	20002cd2 <divmod_s64s64_unsafe+0x6>
20002cfa:	2800      	cmp	r0, #0
20002cfc:	d101      	bne.n	20002d02 <l46_1+0xe>
20002cfe:	2900      	cmp	r1, #0
20002d00:	d005      	beq.n	20002d0e <l46_1+0x1a>
20002d02:	2000      	movs	r0, #0
20002d04:	0fc9      	lsrs	r1, r1, #31
20002d06:	07c9      	lsls	r1, r1, #31
20002d08:	d101      	bne.n	20002d0e <l46_1+0x1a>
20002d0a:	43c0      	mvns	r0, r0
20002d0c:	0841      	lsrs	r1, r0, #1
20002d0e:	b500      	push	{lr}
20002d10:	f002 fdd4 	bl	200058bc <__aeabi_idiv0>
20002d14:	2200      	movs	r2, #0
20002d16:	2300      	movs	r3, #0
20002d18:	bd00      	pop	{pc}
20002d1a:	b500      	push	{lr}
20002d1c:	2900      	cmp	r1, #0
20002d1e:	db0a      	blt.n	20002d36 <l48_1+0x2>
20002d20:	43db      	mvns	r3, r3
20002d22:	4252      	negs	r2, r2
20002d24:	d100      	bne.n	20002d28 <l47_1>
20002d26:	3301      	adds	r3, #1

20002d28 <l47_1>:
20002d28:	f000 f814 	bl	20002d54 <divmod_u64u64_unsafe>
20002d2c:	43c9      	mvns	r1, r1
20002d2e:	4240      	negs	r0, r0
20002d30:	d100      	bne.n	20002d34 <l48_1>
20002d32:	3101      	adds	r1, #1

20002d34 <l48_1>:
20002d34:	bd00      	pop	{pc}
20002d36:	43c9      	mvns	r1, r1
20002d38:	4240      	negs	r0, r0
20002d3a:	d100      	bne.n	20002d3e <l49_1>
20002d3c:	3101      	adds	r1, #1

20002d3e <l49_1>:
20002d3e:	43db      	mvns	r3, r3
20002d40:	4252      	negs	r2, r2
20002d42:	d100      	bne.n	20002d46 <l50_1>
20002d44:	3301      	adds	r3, #1

20002d46 <l50_1>:
20002d46:	f000 f805 	bl	20002d54 <divmod_u64u64_unsafe>
20002d4a:	43db      	mvns	r3, r3
20002d4c:	4252      	negs	r2, r2
20002d4e:	d100      	bne.n	20002d52 <l51_1>
20002d50:	3301      	adds	r3, #1

20002d52 <l51_1>:
20002d52:	bd00      	pop	{pc}

20002d54 <divmod_u64u64_unsafe>:
20002d54:	2900      	cmp	r1, #0
20002d56:	d123      	bne.n	20002da0 <y64>
20002d58:	2b00      	cmp	r3, #0
20002d5a:	d118      	bne.n	20002d8e <udiv0+0x10>
20002d5c:	2a00      	cmp	r2, #0
20002d5e:	d00c      	beq.n	20002d7a <divmod_u64u64_unsafe+0x26>
20002d60:	46bc      	mov	ip, r7
20002d62:	4f0d      	ldr	r7, [pc, #52]	@ (20002d98 <udiv0+0x1a>)
20002d64:	6638      	str	r0, [r7, #96]	@ 0x60
20002d66:	667a      	str	r2, [r7, #100]	@ 0x64
20002d68:	2100      	movs	r1, #0
20002d6a:	2300      	movs	r3, #0
20002d6c:	e7ff      	b.n	20002d6e <divmod_u64u64_unsafe+0x1a>
20002d6e:	e7ff      	b.n	20002d70 <divmod_u64u64_unsafe+0x1c>
20002d70:	e7ff      	b.n	20002d72 <divmod_u64u64_unsafe+0x1e>
20002d72:	6f7a      	ldr	r2, [r7, #116]	@ 0x74
20002d74:	6f38      	ldr	r0, [r7, #112]	@ 0x70
20002d76:	4667      	mov	r7, ip
20002d78:	4770      	bx	lr
20002d7a:	2800      	cmp	r0, #0
20002d7c:	d001      	beq.n	20002d82 <udiv0+0x4>

20002d7e <udiv0>:
20002d7e:	4807      	ldr	r0, [pc, #28]	@ (20002d9c <udiv0+0x1e>)
20002d80:	0001      	movs	r1, r0
20002d82:	b500      	push	{lr}
20002d84:	f002 fd9a 	bl	200058bc <__aeabi_idiv0>
20002d88:	2200      	movs	r2, #0
20002d8a:	2300      	movs	r3, #0
20002d8c:	bd00      	pop	{pc}
20002d8e:	0002      	movs	r2, r0
20002d90:	000b      	movs	r3, r1
20002d92:	2000      	movs	r0, #0
20002d94:	2100      	movs	r1, #0
20002d96:	4770      	bx	lr
20002d98:	d0000000 	.word	0xd0000000
20002d9c:	ffffffff 	.word	0xffffffff

20002da0 <y64>:
20002da0:	2b00      	cmp	r3, #0
20002da2:	d000      	beq.n	20002da6 <y64+0x6>
20002da4:	e0bf      	b.n	20002f26 <y64_x48>
20002da6:	0c13      	lsrs	r3, r2, #16
20002da8:	d128      	bne.n	20002dfc <y64_x32>
20002daa:	2a00      	cmp	r2, #0
20002dac:	d0e7      	beq.n	20002d7e <udiv0>
20002dae:	b480      	push	{r7}
20002db0:	4f11      	ldr	r7, [pc, #68]	@ (20002df8 <y64+0x58>)
20002db2:	6639      	str	r1, [r7, #96]	@ 0x60
20002db4:	667a      	str	r2, [r7, #100]	@ 0x64
20002db6:	e7ff      	b.n	20002db8 <y64+0x18>
20002db8:	e7ff      	b.n	20002dba <y64+0x1a>
20002dba:	b430      	push	{r4, r5}
20002dbc:	0c04      	lsrs	r4, r0, #16
20002dbe:	6f7b      	ldr	r3, [r7, #116]	@ 0x74
20002dc0:	6f39      	ldr	r1, [r7, #112]	@ 0x70
20002dc2:	041b      	lsls	r3, r3, #16
20002dc4:	4323      	orrs	r3, r4
20002dc6:	663b      	str	r3, [r7, #96]	@ 0x60
20002dc8:	667a      	str	r2, [r7, #100]	@ 0x64
20002dca:	e7ff      	b.n	20002dcc <y64+0x2c>
20002dcc:	e7ff      	b.n	20002dce <y64+0x2e>
20002dce:	e7ff      	b.n	20002dd0 <y64+0x30>
20002dd0:	46c0      	nop			@ (mov r8, r8)
20002dd2:	b284      	uxth	r4, r0
20002dd4:	6f7b      	ldr	r3, [r7, #116]	@ 0x74
20002dd6:	6f3d      	ldr	r5, [r7, #112]	@ 0x70
20002dd8:	041b      	lsls	r3, r3, #16
20002dda:	4323      	orrs	r3, r4
20002ddc:	663b      	str	r3, [r7, #96]	@ 0x60
20002dde:	667a      	str	r2, [r7, #100]	@ 0x64
20002de0:	e7ff      	b.n	20002de2 <y64+0x42>
20002de2:	e7ff      	b.n	20002de4 <y64+0x44>
20002de4:	46c0      	nop			@ (mov r8, r8)
20002de6:	2300      	movs	r3, #0
20002de8:	042c      	lsls	r4, r5, #16
20002dea:	0c2d      	lsrs	r5, r5, #16
20002dec:	6f7a      	ldr	r2, [r7, #116]	@ 0x74
20002dee:	6f38      	ldr	r0, [r7, #112]	@ 0x70
20002df0:	1900      	adds	r0, r0, r4
20002df2:	4169      	adcs	r1, r5
20002df4:	bcb0      	pop	{r4, r5, r7}
20002df6:	4770      	bx	lr
20002df8:	d0000000 	.word	0xd0000000

20002dfc <y64_x32>:
20002dfc:	b5f0      	push	{r4, r5, r6, r7, lr}
20002dfe:	4694      	mov	ip, r2
20002e00:	2500      	movs	r5, #0
20002e02:	0e14      	lsrs	r4, r2, #24
20002e04:	d101      	bne.n	20002e0a <y64_x32+0xe>
20002e06:	0212      	lsls	r2, r2, #8
20002e08:	3508      	adds	r5, #8
20002e0a:	0f14      	lsrs	r4, r2, #28
20002e0c:	d101      	bne.n	20002e12 <y64_x32+0x16>
20002e0e:	0112      	lsls	r2, r2, #4
20002e10:	3504      	adds	r5, #4
20002e12:	0f94      	lsrs	r4, r2, #30
20002e14:	d101      	bne.n	20002e1a <y64_x32+0x1e>
20002e16:	0092      	lsls	r2, r2, #2
20002e18:	3502      	adds	r5, #2
20002e1a:	0fd4      	lsrs	r4, r2, #31
20002e1c:	d101      	bne.n	20002e22 <y64_x32+0x26>
20002e1e:	0052      	lsls	r2, r2, #1
20002e20:	3501      	adds	r5, #1
20002e22:	0bd4      	lsrs	r4, r2, #15
20002e24:	3401      	adds	r4, #1
20002e26:	4f25      	ldr	r7, [pc, #148]	@ (20002ebc <y64_x32+0xc0>)
20002e28:	667c      	str	r4, [r7, #100]	@ 0x64
20002e2a:	4c25      	ldr	r4, [pc, #148]	@ (20002ec0 <y64_x32+0xc4>)
20002e2c:	663c      	str	r4, [r7, #96]	@ 0x60
20002e2e:	0c0e      	lsrs	r6, r1, #16
20002e30:	b293      	uxth	r3, r2
20002e32:	e7ff      	b.n	20002e34 <y64_x32+0x38>
20002e34:	e7ff      	b.n	20002e36 <y64_x32+0x3a>
20002e36:	e7ff      	b.n	20002e38 <y64_x32+0x3c>
20002e38:	6f3c      	ldr	r4, [r7, #112]	@ 0x70
20002e3a:	4366      	muls	r6, r4
20002e3c:	0c36      	lsrs	r6, r6, #16
20002e3e:	0377      	lsls	r7, r6, #13
20002e40:	46be      	mov	lr, r7
20002e42:	4373      	muls	r3, r6
20002e44:	0bdf      	lsrs	r7, r3, #15
20002e46:	045b      	lsls	r3, r3, #17
20002e48:	1ac0      	subs	r0, r0, r3
20002e4a:	41b9      	sbcs	r1, r7
20002e4c:	0c13      	lsrs	r3, r2, #16
20002e4e:	4373      	muls	r3, r6
20002e50:	18db      	adds	r3, r3, r3
20002e52:	1ac9      	subs	r1, r1, r3
20002e54:	08ce      	lsrs	r6, r1, #3
20002e56:	4366      	muls	r6, r4
20002e58:	0c36      	lsrs	r6, r6, #16
20002e5a:	44b6      	add	lr, r6
20002e5c:	b293      	uxth	r3, r2
20002e5e:	4373      	muls	r3, r6
20002e60:	0f1f      	lsrs	r7, r3, #28
20002e62:	011b      	lsls	r3, r3, #4
20002e64:	1ac0      	subs	r0, r0, r3
20002e66:	41b9      	sbcs	r1, r7
20002e68:	0c13      	lsrs	r3, r2, #16
20002e6a:	4373      	muls	r3, r6
20002e6c:	0b1f      	lsrs	r7, r3, #12
20002e6e:	051b      	lsls	r3, r3, #20
20002e70:	1ac0      	subs	r0, r0, r3
20002e72:	41b9      	sbcs	r1, r7
20002e74:	0d86      	lsrs	r6, r0, #22
20002e76:	028f      	lsls	r7, r1, #10
20002e78:	433e      	orrs	r6, r7
20002e7a:	4366      	muls	r6, r4
20002e7c:	0c36      	lsrs	r6, r6, #16
20002e7e:	2d09      	cmp	r5, #9
20002e80:	db24      	blt.n	20002ecc <last0>
20002e82:	0a52      	lsrs	r2, r2, #9
20002e84:	4372      	muls	r2, r6
20002e86:	1a80      	subs	r0, r0, r2
20002e88:	0377      	lsls	r7, r6, #13
20002e8a:	0a46      	lsrs	r6, r0, #9
20002e8c:	4366      	muls	r6, r4
20002e8e:	0c36      	lsrs	r6, r6, #16
20002e90:	2316      	movs	r3, #22
20002e92:	1b5b      	subs	r3, r3, r5
20002e94:	40de      	lsrs	r6, r3
20002e96:	40df      	lsrs	r7, r3
20002e98:	19bf      	adds	r7, r7, r6
20002e9a:	4664      	mov	r4, ip
20002e9c:	4366      	muls	r6, r4
20002e9e:	1b82      	subs	r2, r0, r6
20002ea0:	4670      	mov	r0, lr
20002ea2:	3504      	adds	r5, #4
20002ea4:	3306      	adds	r3, #6
20002ea6:	0001      	movs	r1, r0
20002ea8:	40d9      	lsrs	r1, r3
20002eaa:	40a8      	lsls	r0, r5
20002eac:	19c0      	adds	r0, r0, r7
20002eae:	d300      	bcc.n	20002eb2 <y64_x32+0xb6>
20002eb0:	3101      	adds	r1, #1
20002eb2:	42a2      	cmp	r2, r4
20002eb4:	d206      	bcs.n	20002ec4 <y64_x32+0xc8>
20002eb6:	2300      	movs	r3, #0
20002eb8:	bdf0      	pop	{r4, r5, r6, r7, pc}
20002eba:	0000      	.short	0x0000
20002ebc:	d0000000 	.word	0xd0000000
20002ec0:	ffffffff 	.word	0xffffffff
20002ec4:	1b12      	subs	r2, r2, r4
20002ec6:	3001      	adds	r0, #1
20002ec8:	d3f3      	bcc.n	20002eb2 <y64_x32+0xb6>
20002eca:	e7f1      	b.n	20002eb0 <y64_x32+0xb4>

20002ecc <last0>:
20002ecc:	2709      	movs	r7, #9
20002ece:	1b7f      	subs	r7, r7, r5
20002ed0:	40fe      	lsrs	r6, r7
20002ed2:	4664      	mov	r4, ip
20002ed4:	b2a2      	uxth	r2, r4
20002ed6:	4372      	muls	r2, r6
20002ed8:	1a80      	subs	r0, r0, r2
20002eda:	d200      	bcs.n	20002ede <last0+0x12>
20002edc:	3901      	subs	r1, #1
20002ede:	0c22      	lsrs	r2, r4, #16
20002ee0:	4372      	muls	r2, r6
20002ee2:	0c13      	lsrs	r3, r2, #16
20002ee4:	0412      	lsls	r2, r2, #16
20002ee6:	1a82      	subs	r2, r0, r2
20002ee8:	4199      	sbcs	r1, r3
20002eea:	000b      	movs	r3, r1
20002eec:	4670      	mov	r0, lr
20002eee:	3504      	adds	r5, #4
20002ef0:	3713      	adds	r7, #19
20002ef2:	0001      	movs	r1, r0
20002ef4:	40f9      	lsrs	r1, r7
20002ef6:	40a8      	lsls	r0, r5
20002ef8:	1980      	adds	r0, r0, r6
20002efa:	d300      	bcc.n	20002efe <last0+0x32>
20002efc:	3101      	adds	r1, #1
20002efe:	2b00      	cmp	r3, #0
20002f00:	d102      	bne.n	20002f08 <last0+0x3c>
20002f02:	42a2      	cmp	r2, r4
20002f04:	d20a      	bcs.n	20002f1c <last0+0x50>
20002f06:	bdf0      	pop	{r4, r5, r6, r7, pc}
20002f08:	3001      	adds	r0, #1
20002f0a:	d300      	bcc.n	20002f0e <last0+0x42>
20002f0c:	3101      	adds	r1, #1
20002f0e:	1b12      	subs	r2, r2, r4
20002f10:	d2fa      	bcs.n	20002f08 <last0+0x3c>
20002f12:	3b01      	subs	r3, #1
20002f14:	d1f8      	bne.n	20002f08 <last0+0x3c>
20002f16:	42a2      	cmp	r2, r4
20002f18:	d200      	bcs.n	20002f1c <last0+0x50>
20002f1a:	bdf0      	pop	{r4, r5, r6, r7, pc}
20002f1c:	3001      	adds	r0, #1
20002f1e:	d300      	bcc.n	20002f22 <last0+0x56>
20002f20:	3101      	adds	r1, #1
20002f22:	1b12      	subs	r2, r2, r4
20002f24:	e7f7      	b.n	20002f16 <last0+0x4a>

20002f26 <y64_x48>:
20002f26:	b5f0      	push	{r4, r5, r6, r7, lr}
20002f28:	0c1c      	lsrs	r4, r3, #16
20002f2a:	d000      	beq.n	20002f2e <y64_x48+0x8>
20002f2c:	e080      	b.n	20003030 <y64_x64>
20002f2e:	b40c      	push	{r2, r3}
20002f30:	2500      	movs	r5, #0
20002f32:	0a1c      	lsrs	r4, r3, #8
20002f34:	d104      	bne.n	20002f40 <y64_x48+0x1a>
20002f36:	021b      	lsls	r3, r3, #8
20002f38:	0e16      	lsrs	r6, r2, #24
20002f3a:	4333      	orrs	r3, r6
20002f3c:	0212      	lsls	r2, r2, #8
20002f3e:	3508      	adds	r5, #8
20002f40:	0b1c      	lsrs	r4, r3, #12
20002f42:	d104      	bne.n	20002f4e <y64_x48+0x28>
20002f44:	011b      	lsls	r3, r3, #4
20002f46:	0f16      	lsrs	r6, r2, #28
20002f48:	4333      	orrs	r3, r6
20002f4a:	0112      	lsls	r2, r2, #4
20002f4c:	3504      	adds	r5, #4
20002f4e:	0b9c      	lsrs	r4, r3, #14
20002f50:	d104      	bne.n	20002f5c <y64_x48+0x36>
20002f52:	009b      	lsls	r3, r3, #2
20002f54:	0f96      	lsrs	r6, r2, #30
20002f56:	4333      	orrs	r3, r6
20002f58:	0092      	lsls	r2, r2, #2
20002f5a:	3502      	adds	r5, #2
20002f5c:	0bdc      	lsrs	r4, r3, #15
20002f5e:	d102      	bne.n	20002f66 <y64_x48+0x40>
20002f60:	1892      	adds	r2, r2, r2
20002f62:	415b      	adcs	r3, r3
20002f64:	3501      	adds	r5, #1
20002f66:	001c      	movs	r4, r3
20002f68:	1897      	adds	r7, r2, r2
20002f6a:	4164      	adcs	r4, r4
20002f6c:	3401      	adds	r4, #1
20002f6e:	4f46      	ldr	r7, [pc, #280]	@ (20003088 <y64_x64+0x58>)
20002f70:	667c      	str	r4, [r7, #100]	@ 0x64
20002f72:	4c46      	ldr	r4, [pc, #280]	@ (2000308c <y64_x64+0x5c>)
20002f74:	663c      	str	r4, [r7, #96]	@ 0x60
20002f76:	0c0e      	lsrs	r6, r1, #16
20002f78:	e7ff      	b.n	20002f7a <y64_x48+0x54>
20002f7a:	e7ff      	b.n	20002f7c <y64_x48+0x56>
20002f7c:	e7ff      	b.n	20002f7e <y64_x48+0x58>
20002f7e:	46c0      	nop			@ (mov r8, r8)
20002f80:	6f3c      	ldr	r4, [r7, #112]	@ 0x70
20002f82:	4366      	muls	r6, r4
20002f84:	0c36      	lsrs	r6, r6, #16
20002f86:	0377      	lsls	r7, r6, #13
20002f88:	46be      	mov	lr, r7
20002f8a:	b297      	uxth	r7, r2
20002f8c:	4377      	muls	r7, r6
20002f8e:	1bc0      	subs	r0, r0, r7
20002f90:	d200      	bcs.n	20002f94 <y64_x48+0x6e>
20002f92:	3901      	subs	r1, #1
20002f94:	1bc0      	subs	r0, r0, r7
20002f96:	d200      	bcs.n	20002f9a <y64_x48+0x74>
20002f98:	3901      	subs	r1, #1
20002f9a:	b29f      	uxth	r7, r3
20002f9c:	4377      	muls	r7, r6
20002f9e:	1bc9      	subs	r1, r1, r7
20002fa0:	1bc9      	subs	r1, r1, r7
20002fa2:	0c17      	lsrs	r7, r2, #16
20002fa4:	4377      	muls	r7, r6
20002fa6:	047e      	lsls	r6, r7, #17
20002fa8:	0bff      	lsrs	r7, r7, #15
20002faa:	1b80      	subs	r0, r0, r6
20002fac:	41b9      	sbcs	r1, r7
20002fae:	08ce      	lsrs	r6, r1, #3
20002fb0:	4366      	muls	r6, r4
20002fb2:	0c36      	lsrs	r6, r6, #16
20002fb4:	2d0c      	cmp	r5, #12
20002fb6:	db33      	blt.n	20003020 <last1>
20002fb8:	44b6      	add	lr, r6
20002fba:	0b12      	lsrs	r2, r2, #12
20002fbc:	051f      	lsls	r7, r3, #20
20002fbe:	433a      	orrs	r2, r7
20002fc0:	0b1b      	lsrs	r3, r3, #12
20002fc2:	b297      	uxth	r7, r2
20002fc4:	4377      	muls	r7, r6
20002fc6:	1bc0      	subs	r0, r0, r7
20002fc8:	d200      	bcs.n	20002fcc <y64_x48+0xa6>
20002fca:	3901      	subs	r1, #1
20002fcc:	b29f      	uxth	r7, r3
20002fce:	4377      	muls	r7, r6
20002fd0:	1bc9      	subs	r1, r1, r7
20002fd2:	0c17      	lsrs	r7, r2, #16
20002fd4:	4377      	muls	r7, r6
20002fd6:	043e      	lsls	r6, r7, #16
20002fd8:	0c3f      	lsrs	r7, r7, #16
20002fda:	1b80      	subs	r0, r0, r6
20002fdc:	41b9      	sbcs	r1, r7
20002fde:	0d86      	lsrs	r6, r0, #22
20002fe0:	028f      	lsls	r7, r1, #10
20002fe2:	433e      	orrs	r6, r7
20002fe4:	4366      	muls	r6, r4
20002fe6:	2729      	movs	r7, #41	@ 0x29
20002fe8:	1b7f      	subs	r7, r7, r5
20002fea:	40fe      	lsrs	r6, r7
20002fec:	3d0c      	subs	r5, #12
20002fee:	4677      	mov	r7, lr
20002ff0:	40af      	lsls	r7, r5
20002ff2:	19bf      	adds	r7, r7, r6
20002ff4:	bc30      	pop	{r4, r5}
20002ff6:	b2a2      	uxth	r2, r4
20002ff8:	b2ab      	uxth	r3, r5
20002ffa:	4372      	muls	r2, r6
20002ffc:	4373      	muls	r3, r6
20002ffe:	1a80      	subs	r0, r0, r2
20003000:	4199      	sbcs	r1, r3
20003002:	0c22      	lsrs	r2, r4, #16
20003004:	4372      	muls	r2, r6
20003006:	0c13      	lsrs	r3, r2, #16
20003008:	0412      	lsls	r2, r2, #16
2000300a:	1a80      	subs	r0, r0, r2
2000300c:	4199      	sbcs	r1, r3
2000300e:	0002      	movs	r2, r0
20003010:	000b      	movs	r3, r1
20003012:	3701      	adds	r7, #1
20003014:	1b00      	subs	r0, r0, r4
20003016:	41a9      	sbcs	r1, r5
20003018:	d2f9      	bcs.n	2000300e <y64_x48+0xe8>
2000301a:	1e78      	subs	r0, r7, #1
2000301c:	2100      	movs	r1, #0
2000301e:	bdf0      	pop	{r4, r5, r6, r7, pc}

20003020 <last1>:
20003020:	270c      	movs	r7, #12
20003022:	1b7f      	subs	r7, r7, r5
20003024:	40fe      	lsrs	r6, r7
20003026:	4677      	mov	r7, lr
20003028:	0b7f      	lsrs	r7, r7, #13
2000302a:	40af      	lsls	r7, r5
2000302c:	19ff      	adds	r7, r7, r7
2000302e:	e7e0      	b.n	20002ff2 <y64_x48+0xcc>

20003030 <y64_x64>:
20003030:	2400      	movs	r4, #0
20003032:	1c5d      	adds	r5, r3, #1
20003034:	d007      	beq.n	20003046 <y64_x64+0x16>
20003036:	4f14      	ldr	r7, [pc, #80]	@ (20003088 <y64_x64+0x58>)
20003038:	667d      	str	r5, [r7, #100]	@ 0x64
2000303a:	6639      	str	r1, [r7, #96]	@ 0x60
2000303c:	e7ff      	b.n	2000303e <y64_x64+0xe>
2000303e:	e7ff      	b.n	20003040 <y64_x64+0x10>
20003040:	e7ff      	b.n	20003042 <y64_x64+0x12>
20003042:	e7ff      	b.n	20003044 <y64_x64+0x14>
20003044:	6f3c      	ldr	r4, [r7, #112]	@ 0x70
20003046:	b295      	uxth	r5, r2
20003048:	b29e      	uxth	r6, r3
2000304a:	4365      	muls	r5, r4
2000304c:	4366      	muls	r6, r4
2000304e:	1b40      	subs	r0, r0, r5
20003050:	41b1      	sbcs	r1, r6
20003052:	0c15      	lsrs	r5, r2, #16
20003054:	0c1e      	lsrs	r6, r3, #16
20003056:	4365      	muls	r5, r4
20003058:	4366      	muls	r6, r4
2000305a:	0436      	lsls	r6, r6, #16
2000305c:	0c2f      	lsrs	r7, r5, #16
2000305e:	433e      	orrs	r6, r7
20003060:	042d      	lsls	r5, r5, #16
20003062:	1b40      	subs	r0, r0, r5
20003064:	41b1      	sbcs	r1, r6
20003066:	4299      	cmp	r1, r3
20003068:	d204      	bcs.n	20003074 <y64_x64+0x44>
2000306a:	0002      	movs	r2, r0
2000306c:	000b      	movs	r3, r1
2000306e:	0020      	movs	r0, r4
20003070:	2100      	movs	r1, #0
20003072:	bdf0      	pop	{r4, r5, r6, r7, pc}
20003074:	d101      	bne.n	2000307a <y64_x64+0x4a>
20003076:	4290      	cmp	r0, r2
20003078:	d3f7      	bcc.n	2000306a <y64_x64+0x3a>
2000307a:	1a80      	subs	r0, r0, r2
2000307c:	4199      	sbcs	r1, r3
2000307e:	3401      	adds	r4, #1
20003080:	4299      	cmp	r1, r3
20003082:	d3f2      	bcc.n	2000306a <y64_x64+0x3a>
20003084:	e7f6      	b.n	20003074 <y64_x64+0x44>
20003086:	0000      	.short	0x0000
20003088:	d0000000 	.word	0xd0000000
2000308c:	ffffffff 	.word	0xffffffff

20003090 <__wrap___aeabi_drsub>:
20003090:	4048      	eors	r0, r1
20003092:	4041      	eors	r1, r0
20003094:	4048      	eors	r0, r1

20003096 <__wrap___aeabi_dsub>:
20003096:	b418      	push	{r3, r4}
20003098:	4b1b      	ldr	r3, [pc, #108]	@ (20003108 <__wrap___aeabi_dmul+0x12>)
2000309a:	685b      	ldr	r3, [r3, #4]
2000309c:	46fc      	mov	ip, pc
2000309e:	9301      	str	r3, [sp, #4]
200030a0:	bd08      	pop	{r3, pc}
200030a2:	df04      	.short	0xdf04
200030a4:	200033d3 	.word	0x200033d3

200030a8 <__wrap___aeabi_dadd>:
200030a8:	b418      	push	{r3, r4}
200030aa:	4b17      	ldr	r3, [pc, #92]	@ (20003108 <__wrap___aeabi_dmul+0x12>)
200030ac:	681b      	ldr	r3, [r3, #0]
200030ae:	46fc      	mov	ip, pc
200030b0:	9301      	str	r3, [sp, #4]
200030b2:	bd08      	pop	{r3, pc}
200030b4:	33dddf00 	.word	0x33dddf00
200030b8:	2000      	.short	0x2000

200030ba <__wrap___aeabi_ddiv>:
200030ba:	4694      	mov	ip, r2
200030bc:	4a13      	ldr	r2, [pc, #76]	@ (2000310c <__wrap___aeabi_dmul+0x16>)
200030be:	6f92      	ldr	r2, [r2, #120]	@ 0x78
200030c0:	0892      	lsrs	r2, r2, #2
200030c2:	d209      	bcs.n	200030d8 <ddiv_save_state>
200030c4:	4662      	mov	r2, ip

200030c6 <ddiv_shim_call>:
200030c6:	b418      	push	{r3, r4}
200030c8:	4b0f      	ldr	r3, [pc, #60]	@ (20003108 <__wrap___aeabi_dmul+0x12>)
200030ca:	68db      	ldr	r3, [r3, #12]
200030cc:	46fc      	mov	ip, pc
200030ce:	9301      	str	r3, [sp, #4]
200030d0:	bd08      	pop	{r3, pc}
200030d2:	df0c      	.short	0xdf0c
200030d4:	20003695 	.word	0x20003695

200030d8 <ddiv_save_state>:
200030d8:	4a0c      	ldr	r2, [pc, #48]	@ (2000310c <__wrap___aeabi_dmul+0x16>)
200030da:	b5f0      	push	{r4, r5, r6, r7, lr}
200030dc:	6e14      	ldr	r4, [r2, #96]	@ 0x60
200030de:	6e55      	ldr	r5, [r2, #100]	@ 0x64
200030e0:	6f57      	ldr	r7, [r2, #116]	@ 0x74
200030e2:	6f16      	ldr	r6, [r2, #112]	@ 0x70
200030e4:	4662      	mov	r2, ip
200030e6:	f7ff ffee 	bl	200030c6 <ddiv_shim_call>
200030ea:	4a08      	ldr	r2, [pc, #32]	@ (2000310c <__wrap___aeabi_dmul+0x16>)
200030ec:	6614      	str	r4, [r2, #96]	@ 0x60
200030ee:	6655      	str	r5, [r2, #100]	@ 0x64
200030f0:	6757      	str	r7, [r2, #116]	@ 0x74
200030f2:	6716      	str	r6, [r2, #112]	@ 0x70
200030f4:	bdf0      	pop	{r4, r5, r6, r7, pc}

200030f6 <__wrap___aeabi_dmul>:
200030f6:	b418      	push	{r3, r4}
200030f8:	4b03      	ldr	r3, [pc, #12]	@ (20003108 <__wrap___aeabi_dmul+0x12>)
200030fa:	689b      	ldr	r3, [r3, #8]
200030fc:	46fc      	mov	ip, pc
200030fe:	9301      	str	r3, [sp, #4]
20003100:	bd08      	pop	{r3, pc}
20003102:	df08      	.short	0xdf08
20003104:	20003539 	.word	0x20003539
20003108:	2000ab10 	.word	0x2000ab10
2000310c:	d0000000 	.word	0xd0000000

20003110 <__wrap___aeabi_cdrcmple>:
20003110:	b5ff      	push	{r0, r1, r2, r3, r4, r5, r6, r7, lr}
20003112:	4050      	eors	r0, r2
20003114:	4042      	eors	r2, r0
20003116:	4050      	eors	r0, r2
20003118:	4059      	eors	r1, r3
2000311a:	404b      	eors	r3, r1
2000311c:	4059      	eors	r1, r3
2000311e:	e000      	b.n	20003122 <__aeabi_dfcmple_guts>

20003120 <__wrap___aeabi_cdcmpeq>:
20003120:	b5ff      	push	{r0, r1, r2, r3, r4, r5, r6, r7, lr}

20003122 <__aeabi_dfcmple_guts>:
20003122:	4f15      	ldr	r7, [pc, #84]	@ (20003178 <__aeabi_dfcmple_guts+0x56>)
20003124:	004c      	lsls	r4, r1, #1
20003126:	0d64      	lsrs	r4, r4, #21
20003128:	d003      	beq.n	20003132 <__aeabi_dfcmple_guts+0x10>
2000312a:	42bc      	cmp	r4, r7
2000312c:	d104      	bne.n	20003138 <__aeabi_dfcmple_guts+0x16>
2000312e:	030c      	lsls	r4, r1, #12
20003130:	d814      	bhi.n	2000315c <__aeabi_dfcmple_guts+0x3a>
20003132:	2000      	movs	r0, #0
20003134:	0d09      	lsrs	r1, r1, #20
20003136:	0509      	lsls	r1, r1, #20
20003138:	005c      	lsls	r4, r3, #1
2000313a:	0d64      	lsrs	r4, r4, #21
2000313c:	d003      	beq.n	20003146 <__aeabi_dfcmple_guts+0x24>
2000313e:	42bc      	cmp	r4, r7
20003140:	d104      	bne.n	2000314c <__aeabi_dfcmple_guts+0x2a>
20003142:	031c      	lsls	r4, r3, #12
20003144:	d80a      	bhi.n	2000315c <__aeabi_dfcmple_guts+0x3a>
20003146:	2200      	movs	r2, #0
20003148:	0d1b      	lsrs	r3, r3, #20
2000314a:	051b      	lsls	r3, r3, #20
2000314c:	2601      	movs	r6, #1
2000314e:	404b      	eors	r3, r1
20003150:	d409      	bmi.n	20003166 <__aeabi_dfcmple_guts+0x44>
20003152:	404b      	eors	r3, r1
20003154:	d503      	bpl.n	2000315e <__aeabi_dfcmple_guts+0x3c>
20003156:	428b      	cmp	r3, r1
20003158:	d100      	bne.n	2000315c <__aeabi_dfcmple_guts+0x3a>
2000315a:	4282      	cmp	r2, r0
2000315c:	bdff      	pop	{r0, r1, r2, r3, r4, r5, r6, r7, pc}
2000315e:	4299      	cmp	r1, r3
20003160:	d1fc      	bne.n	2000315c <__aeabi_dfcmple_guts+0x3a>
20003162:	4290      	cmp	r0, r2
20003164:	bdff      	pop	{r0, r1, r2, r3, r4, r5, r6, r7, pc}
20003166:	430b      	orrs	r3, r1
20003168:	18db      	adds	r3, r3, r3
2000316a:	4303      	orrs	r3, r0
2000316c:	4313      	orrs	r3, r2
2000316e:	d0f5      	beq.n	2000315c <__aeabi_dfcmple_guts+0x3a>
20003170:	43c9      	mvns	r1, r1
20003172:	1849      	adds	r1, r1, r1
20003174:	bdff      	pop	{r0, r1, r2, r3, r4, r5, r6, r7, pc}
20003176:	0000      	.short	0x0000
20003178:	000007ff 	.word	0x000007ff

2000317c <__wrap___aeabi_dcmpeq>:
2000317c:	b500      	push	{lr}
2000317e:	f7ff ffcf 	bl	20003120 <__wrap___aeabi_cdcmpeq>
20003182:	d001      	beq.n	20003188 <__wrap___aeabi_dcmpeq+0xc>
20003184:	2000      	movs	r0, #0
20003186:	bd00      	pop	{pc}
20003188:	2001      	movs	r0, #1
2000318a:	bd00      	pop	{pc}

2000318c <__wrap___aeabi_dcmplt>:
2000318c:	b500      	push	{lr}
2000318e:	f7ff ffc7 	bl	20003120 <__wrap___aeabi_cdcmpeq>
20003192:	4180      	sbcs	r0, r0
20003194:	bd00      	pop	{pc}
20003196:	46c0      	nop			@ (mov r8, r8)

20003198 <__wrap___aeabi_dcmple>:
20003198:	b500      	push	{lr}
2000319a:	f7ff ffc1 	bl	20003120 <__wrap___aeabi_cdcmpeq>
2000319e:	d901      	bls.n	200031a4 <__wrap___aeabi_dcmple+0xc>
200031a0:	2000      	movs	r0, #0
200031a2:	bd00      	pop	{pc}
200031a4:	2001      	movs	r0, #1
200031a6:	bd00      	pop	{pc}

200031a8 <__wrap___aeabi_dcmpge>:
200031a8:	b500      	push	{lr}
200031aa:	f7ff ffb1 	bl	20003110 <__wrap___aeabi_cdrcmple>
200031ae:	d901      	bls.n	200031b4 <__wrap___aeabi_dcmpge+0xc>
200031b0:	2000      	movs	r0, #0
200031b2:	bd00      	pop	{pc}
200031b4:	2001      	movs	r0, #1
200031b6:	bd00      	pop	{pc}

200031b8 <__wrap___aeabi_dcmpgt>:
200031b8:	b500      	push	{lr}
200031ba:	f7ff ffa9 	bl	20003110 <__wrap___aeabi_cdrcmple>
200031be:	4180      	sbcs	r0, r0
200031c0:	bd00      	pop	{pc}

200031c2 <__wrap___aeabi_dcmpun>:
200031c2:	2001      	movs	r0, #1
200031c4:	0540      	lsls	r0, r0, #21
200031c6:	004a      	lsls	r2, r1, #1
200031c8:	1812      	adds	r2, r2, r0
200031ca:	d804      	bhi.n	200031d6 <__wrap___aeabi_dcmpun+0x14>
200031cc:	005a      	lsls	r2, r3, #1
200031ce:	1812      	adds	r2, r2, r0
200031d0:	d801      	bhi.n	200031d6 <__wrap___aeabi_dcmpun+0x14>
200031d2:	2000      	movs	r0, #0
200031d4:	4770      	bx	lr
200031d6:	2001      	movs	r0, #1
200031d8:	4770      	bx	lr
	...

200031dc <__wrap___aeabi_ui2d>:
200031dc:	2100      	movs	r1, #0
200031de:	2800      	cmp	r0, #0
200031e0:	d105      	bne.n	200031ee <__wrap___aeabi_i2d+0xa>
200031e2:	4770      	bx	lr

200031e4 <__wrap___aeabi_i2d>:
200031e4:	17c1      	asrs	r1, r0, #31
200031e6:	4048      	eors	r0, r1
200031e8:	1a40      	subs	r0, r0, r1
200031ea:	d0fa      	beq.n	200031e2 <__wrap___aeabi_ui2d+0x6>
200031ec:	07c9      	lsls	r1, r1, #31
200031ee:	b513      	push	{r0, r1, r4, lr}
200031f0:	4b06      	ldr	r3, [pc, #24]	@ (2000320c <__wrap___aeabi_i2d+0x28>)
200031f2:	681b      	ldr	r3, [r3, #0]
200031f4:	4798      	blx	r3
200031f6:	bc0c      	pop	{r2, r3}
200031f8:	1c44      	adds	r4, r0, #1
200031fa:	40a2      	lsls	r2, r4
200031fc:	0510      	lsls	r0, r2, #20
200031fe:	0b12      	lsrs	r2, r2, #12
20003200:	4903      	ldr	r1, [pc, #12]	@ (20003210 <__wrap___aeabi_i2d+0x2c>)
20003202:	1b09      	subs	r1, r1, r4
20003204:	0509      	lsls	r1, r1, #20
20003206:	4319      	orrs	r1, r3
20003208:	4311      	orrs	r1, r2
2000320a:	bd10      	pop	{r4, pc}
2000320c:	2000aedc 	.word	0x2000aedc
20003210:	0000041f 	.word	0x0000041f

20003214 <__wrap___aeabi_d2iz>:
20003214:	b510      	push	{r4, lr}
20003216:	004c      	lsls	r4, r1, #1
20003218:	0d62      	lsrs	r2, r4, #21
2000321a:	2380      	movs	r3, #128	@ 0x80
2000321c:	18d2      	adds	r2, r2, r3
2000321e:	00db      	lsls	r3, r3, #3
20003220:	1ad2      	subs	r2, r2, r3
20003222:	055b      	lsls	r3, r3, #21
20003224:	2a7e      	cmp	r2, #126	@ 0x7e
20003226:	dd10      	ble.n	2000324a <__wrap___aeabi_d2iz+0x36>
20003228:	3a9e      	subs	r2, #158	@ 0x9e
2000322a:	da13      	bge.n	20003254 <__wrap___aeabi_d2iz+0x40>
2000322c:	17cc      	asrs	r4, r1, #31
2000322e:	0309      	lsls	r1, r1, #12
20003230:	0849      	lsrs	r1, r1, #1
20003232:	4319      	orrs	r1, r3
20003234:	4252      	negs	r2, r2
20003236:	40d1      	lsrs	r1, r2
20003238:	0064      	lsls	r4, r4, #1
2000323a:	3401      	adds	r4, #1
2000323c:	3215      	adds	r2, #21
2000323e:	2a20      	cmp	r2, #32
20003240:	da05      	bge.n	2000324e <__wrap___aeabi_d2iz+0x3a>
20003242:	40d0      	lsrs	r0, r2
20003244:	4308      	orrs	r0, r1
20003246:	4360      	muls	r0, r4
20003248:	bd10      	pop	{r4, pc}
2000324a:	2000      	movs	r0, #0
2000324c:	bd10      	pop	{r4, pc}
2000324e:	4608      	mov	r0, r1
20003250:	4360      	muls	r0, r4
20003252:	bd10      	pop	{r4, pc}
20003254:	0fc8      	lsrs	r0, r1, #31
20003256:	18c0      	adds	r0, r0, r3
20003258:	3801      	subs	r0, #1
2000325a:	bd10      	pop	{r4, pc}

2000325c <__wrap___aeabi_d2uiz>:
2000325c:	b418      	push	{r3, r4}
2000325e:	4b04      	ldr	r3, [pc, #16]	@ (20003270 <__wrap___aeabi_d2uiz+0x14>)
20003260:	6a5b      	ldr	r3, [r3, #36]	@ 0x24
20003262:	46fc      	mov	ip, pc
20003264:	9301      	str	r3, [sp, #4]
20003266:	bd08      	pop	{r3, pc}
20003268:	3845df24 	.word	0x3845df24
2000326c:	00002000 	.word	0x00002000
20003270:	2000ab10 	.word	0x2000ab10

20003274 <__wrap___aeabi_l2d>:
20003274:	b418      	push	{r3, r4}
20003276:	4b04      	ldr	r3, [pc, #16]	@ (20003288 <__wrap___aeabi_l2d+0x14>)
20003278:	6ddb      	ldr	r3, [r3, #92]	@ 0x5c
2000327a:	46fc      	mov	ip, pc
2000327c:	9301      	str	r3, [sp, #4]
2000327e:	bd08      	pop	{r3, pc}
20003280:	3951df5c 	.word	0x3951df5c
20003284:	00002000 	.word	0x00002000
20003288:	2000ab10 	.word	0x2000ab10

2000328c <__wrap___aeabi_d2lz>:
2000328c:	42c9      	cmn	r1, r1
2000328e:	d311      	bcc.n	200032b4 <double2int64>
20003290:	b500      	push	{lr}
20003292:	0049      	lsls	r1, r1, #1
20003294:	0849      	lsrs	r1, r1, #1
20003296:	2200      	movs	r2, #0
20003298:	f000 f818 	bl	200032cc <double2ufix64>
2000329c:	2900      	cmp	r1, #0
2000329e:	d404      	bmi.n	200032aa <__wrap___aeabi_d2lz+0x1e>
200032a0:	2200      	movs	r2, #0
200032a2:	4240      	negs	r0, r0
200032a4:	418a      	sbcs	r2, r1
200032a6:	4611      	mov	r1, r2
200032a8:	bd00      	pop	{pc}
200032aa:	2180      	movs	r1, #128	@ 0x80
200032ac:	0609      	lsls	r1, r1, #24
200032ae:	2000      	movs	r0, #0
200032b0:	bd00      	pop	{pc}
	...

200032b4 <double2int64>:
200032b4:	b418      	push	{r3, r4}
200032b6:	4b04      	ldr	r3, [pc, #16]	@ (200032c8 <double2int64+0x14>)
200032b8:	6edb      	ldr	r3, [r3, #108]	@ 0x6c
200032ba:	46fc      	mov	ip, pc
200032bc:	9301      	str	r3, [sp, #4]
200032be:	bd08      	pop	{r3, pc}
200032c0:	3853df6c 	.word	0x3853df6c
200032c4:	00002000 	.word	0x00002000
200032c8:	2000ab10 	.word	0x2000ab10

200032cc <double2ufix64>:
200032cc:	b418      	push	{r3, r4}
200032ce:	4b04      	ldr	r3, [pc, #16]	@ (200032e0 <double2ufix64+0x14>)
200032d0:	6f9b      	ldr	r3, [r3, #120]	@ 0x78
200032d2:	46fc      	mov	ip, pc
200032d4:	9301      	str	r3, [sp, #4]
200032d6:	bd08      	pop	{r3, pc}
200032d8:	386fdf78 	.word	0x386fdf78
200032dc:	00002000 	.word	0x00002000
200032e0:	2000ab10 	.word	0x2000ab10

200032e4 <__wrap___aeabi_d2f>:
200032e4:	b418      	push	{r3, r4}
200032e6:	4b04      	ldr	r3, [pc, #16]	@ (200032f8 <__wrap___aeabi_d2f+0x14>)
200032e8:	6fdb      	ldr	r3, [r3, #124]	@ 0x7c
200032ea:	46fc      	mov	ip, pc
200032ec:	9301      	str	r3, [sp, #4]
200032ee:	bd08      	pop	{r3, pc}
200032f0:	38dddf7c 	.word	0x38dddf7c
200032f4:	00002000 	.word	0x00002000
200032f8:	2000ab10 	.word	0x2000ab10

200032fc <__aeabi_double_init>:
200032fc:	2313      	movs	r3, #19
200032fe:	b570      	push	{r4, r5, r6, lr}
20003300:	781d      	ldrb	r5, [r3, #0]
20003302:	2d01      	cmp	r5, #1
20003304:	d019      	beq.n	2000333a <__aeabi_double_init+0x3e>
20003306:	dd14      	ble.n	20003332 <__aeabi_double_init+0x36>
20003308:	481f      	ldr	r0, [pc, #124]	@ (20003388 <__aeabi_double_init+0x8c>)
2000330a:	f7ff faf7 	bl	200028fc <rom_data_lookup>
2000330e:	0006      	movs	r6, r0
20003310:	481e      	ldr	r0, [pc, #120]	@ (2000338c <__aeabi_double_init+0x90>)
20003312:	f7ff faf3 	bl	200028fc <rom_data_lookup>
20003316:	4c1e      	ldr	r4, [pc, #120]	@ (20003390 <__aeabi_double_init+0x94>)
20003318:	2280      	movs	r2, #128	@ 0x80
2000331a:	0031      	movs	r1, r6
2000331c:	0020      	movs	r0, r4
2000331e:	f000 fc1d 	bl	20003b5c <__wrap___aeabi_memcpy>
20003322:	2d02      	cmp	r5, #2
20003324:	d02d      	beq.n	20003382 <__aeabi_double_init+0x86>
20003326:	481b      	ldr	r0, [pc, #108]	@ (20003394 <__aeabi_double_init+0x98>)
20003328:	f7ff fae0 	bl	200028ec <rom_func_lookup>
2000332c:	4b1a      	ldr	r3, [pc, #104]	@ (20003398 <__aeabi_double_init+0x9c>)
2000332e:	6018      	str	r0, [r3, #0]
20003330:	bd70      	pop	{r4, r5, r6, pc}
20003332:	4b1a      	ldr	r3, [pc, #104]	@ (2000339c <__aeabi_double_init+0xa0>)
20003334:	4c16      	ldr	r4, [pc, #88]	@ (20003390 <__aeabi_double_init+0x94>)
20003336:	64a3      	str	r3, [r4, #72]	@ 0x48
20003338:	e7f5      	b.n	20003326 <__aeabi_double_init+0x2a>
2000333a:	4b18      	ldr	r3, [pc, #96]	@ (2000339c <__aeabi_double_init+0xa0>)
2000333c:	4c14      	ldr	r4, [pc, #80]	@ (20003390 <__aeabi_double_init+0x94>)
2000333e:	6023      	str	r3, [r4, #0]
20003340:	6063      	str	r3, [r4, #4]
20003342:	60a3      	str	r3, [r4, #8]
20003344:	60e3      	str	r3, [r4, #12]
20003346:	6123      	str	r3, [r4, #16]
20003348:	6163      	str	r3, [r4, #20]
2000334a:	61a3      	str	r3, [r4, #24]
2000334c:	61e3      	str	r3, [r4, #28]
2000334e:	6223      	str	r3, [r4, #32]
20003350:	6263      	str	r3, [r4, #36]	@ 0x24
20003352:	62a3      	str	r3, [r4, #40]	@ 0x28
20003354:	62e3      	str	r3, [r4, #44]	@ 0x2c
20003356:	6323      	str	r3, [r4, #48]	@ 0x30
20003358:	6363      	str	r3, [r4, #52]	@ 0x34
2000335a:	63a3      	str	r3, [r4, #56]	@ 0x38
2000335c:	63e3      	str	r3, [r4, #60]	@ 0x3c
2000335e:	6423      	str	r3, [r4, #64]	@ 0x40
20003360:	6463      	str	r3, [r4, #68]	@ 0x44
20003362:	64a3      	str	r3, [r4, #72]	@ 0x48
20003364:	64e3      	str	r3, [r4, #76]	@ 0x4c
20003366:	6523      	str	r3, [r4, #80]	@ 0x50
20003368:	6563      	str	r3, [r4, #84]	@ 0x54
2000336a:	65a3      	str	r3, [r4, #88]	@ 0x58
2000336c:	65e3      	str	r3, [r4, #92]	@ 0x5c
2000336e:	6623      	str	r3, [r4, #96]	@ 0x60
20003370:	6663      	str	r3, [r4, #100]	@ 0x64
20003372:	66a3      	str	r3, [r4, #104]	@ 0x68
20003374:	66e3      	str	r3, [r4, #108]	@ 0x6c
20003376:	6723      	str	r3, [r4, #112]	@ 0x70
20003378:	6763      	str	r3, [r4, #116]	@ 0x74
2000337a:	67a3      	str	r3, [r4, #120]	@ 0x78
2000337c:	67e3      	str	r3, [r4, #124]	@ 0x7c
2000337e:	64a3      	str	r3, [r4, #72]	@ 0x48
20003380:	e7d1      	b.n	20003326 <__aeabi_double_init+0x2a>
20003382:	4b06      	ldr	r3, [pc, #24]	@ (2000339c <__aeabi_double_init+0xa0>)
20003384:	64a3      	str	r3, [r4, #72]	@ 0x48
20003386:	e7ce      	b.n	20003326 <__aeabi_double_init+0x2a>
20003388:	00004453 	.word	0x00004453
2000338c:	00004653 	.word	0x00004653
20003390:	2000ab10 	.word	0x2000ab10
20003394:	0000334c 	.word	0x0000334c
20003398:	2000aedc 	.word	0x2000aedc
2000339c:	200033a1 	.word	0x200033a1

200033a0 <double_table_shim_on_use_helper>:
200033a0:	b507      	push	{r0, r1, r2, lr}
200033a2:	4660      	mov	r0, ip
200033a4:	8801      	ldrh	r1, [r0, #0]
200033a6:	0a0a      	lsrs	r2, r1, #8
200033a8:	3002      	adds	r0, #2
200033aa:	2adf      	cmp	r2, #223	@ 0xdf
200033ac:	d1fa      	bne.n	200033a4 <double_table_shim_on_use_helper+0x4>
200033ae:	b2c9      	uxtb	r1, r1
200033b0:	0882      	lsrs	r2, r0, #2
200033b2:	d304      	bcc.n	200033be <double_table_shim_on_use_helper+0x1e>
200033b4:	8802      	ldrh	r2, [r0, #0]
200033b6:	8840      	ldrh	r0, [r0, #2]
200033b8:	0400      	lsls	r0, r0, #16
200033ba:	4310      	orrs	r0, r2
200033bc:	e000      	b.n	200033c0 <double_table_shim_on_use_helper+0x20>
200033be:	6800      	ldr	r0, [r0, #0]
200033c0:	4a01      	ldr	r2, [pc, #4]	@ (200033c8 <double_table_shim_on_use_helper+0x28>)
200033c2:	5050      	str	r0, [r2, r1]
200033c4:	9003      	str	r0, [sp, #12]
200033c6:	bd07      	pop	{r0, r1, r2, pc}
200033c8:	2000ab10 	.word	0x2000ab10

200033cc <drsub_shim>:
200033cc:	b40f      	push	{r0, r1, r2, r3}
200033ce:	bc03      	pop	{r0, r1}
200033d0:	bc0c      	pop	{r2, r3}

200033d2 <dsub_shim>:
200033d2:	b5f0      	push	{r4, r5, r6, r7, lr}
200033d4:	2401      	movs	r4, #1
200033d6:	07e4      	lsls	r4, r4, #31
200033d8:	4063      	eors	r3, r4
200033da:	e000      	b.n	200033de <da_entry>

200033dc <dadd_shim>:
200033dc:	b5f0      	push	{r4, r5, r6, r7, lr}

200033de <da_entry>:
200033de:	0d0c      	lsrs	r4, r1, #20
200033e0:	0fcf      	lsrs	r7, r1, #31
200033e2:	1e66      	subs	r6, r4, #1
200033e4:	0536      	lsls	r6, r6, #20
200033e6:	1b89      	subs	r1, r1, r6
200033e8:	0564      	lsls	r4, r4, #21
200033ea:	d303      	bcc.n	200033f4 <l8_1>
200033ec:	43c9      	mvns	r1, r1
200033ee:	4240      	negs	r0, r0
200033f0:	d300      	bcc.n	200033f4 <l8_1>
200033f2:	3101      	adds	r1, #1

200033f4 <l8_1>:
200033f4:	0d64      	lsrs	r4, r4, #21
200033f6:	d003      	beq.n	20003400 <l8_2>
200033f8:	1c66      	adds	r6, r4, #1
200033fa:	0af6      	lsrs	r6, r6, #11
200033fc:	d007      	beq.n	2000340e <l8_3>
200033fe:	1be4      	subs	r4, r4, r7

20003400 <l8_2>:
20003400:	2000      	movs	r0, #0
20003402:	007f      	lsls	r7, r7, #1
20003404:	1c79      	adds	r1, r7, #1
20003406:	0789      	lsls	r1, r1, #30
20003408:	1289      	asrs	r1, r1, #10
2000340a:	3c80      	subs	r4, #128	@ 0x80
2000340c:	0324      	lsls	r4, r4, #12

2000340e <l8_3>:
2000340e:	0d1d      	lsrs	r5, r3, #20
20003410:	0fdf      	lsrs	r7, r3, #31
20003412:	1e6e      	subs	r6, r5, #1
20003414:	0536      	lsls	r6, r6, #20
20003416:	1b9b      	subs	r3, r3, r6
20003418:	056d      	lsls	r5, r5, #21
2000341a:	d303      	bcc.n	20003424 <l9_1>
2000341c:	43db      	mvns	r3, r3
2000341e:	4252      	negs	r2, r2
20003420:	d300      	bcc.n	20003424 <l9_1>
20003422:	3301      	adds	r3, #1

20003424 <l9_1>:
20003424:	0d6d      	lsrs	r5, r5, #21
20003426:	d003      	beq.n	20003430 <l9_2>
20003428:	1c6e      	adds	r6, r5, #1
2000342a:	0af6      	lsrs	r6, r6, #11
2000342c:	d007      	beq.n	2000343e <l9_3>
2000342e:	1bed      	subs	r5, r5, r7

20003430 <l9_2>:
20003430:	2200      	movs	r2, #0
20003432:	007f      	lsls	r7, r7, #1
20003434:	1c7b      	adds	r3, r7, #1
20003436:	079b      	lsls	r3, r3, #30
20003438:	129b      	asrs	r3, r3, #10
2000343a:	3d80      	subs	r5, #128	@ 0x80
2000343c:	032d      	lsls	r5, r5, #12

2000343e <l9_3>:
2000343e:	1b2f      	subs	r7, r5, r4
20003440:	1b66      	subs	r6, r4, r5
20003442:	d458      	bmi.n	200034f6 <da_ygtx>
20003444:	46a4      	mov	ip, r4
20003446:	2e20      	cmp	r6, #32
20003448:	da46      	bge.n	200034d8 <da_xrgty>
2000344a:	3720      	adds	r7, #32
2000344c:	0014      	movs	r4, r2
2000344e:	40bc      	lsls	r4, r7

20003450 <da_xgty0>:
20003450:	001d      	movs	r5, r3
20003452:	40bd      	lsls	r5, r7
20003454:	40f2      	lsrs	r2, r6
20003456:	4133      	asrs	r3, r6
20003458:	432a      	orrs	r2, r5

2000345a <da_add>:
2000345a:	1880      	adds	r0, r0, r2
2000345c:	4159      	adcs	r1, r3

2000345e <da_pack>:
2000345e:	0fcb      	lsrs	r3, r1, #31
20003460:	d005      	beq.n	2000346e <da_pack+0x10>
20003462:	43c9      	mvns	r1, r1
20003464:	43c0      	mvns	r0, r0
20003466:	2200      	movs	r2, #0
20003468:	4264      	negs	r4, r4
2000346a:	4150      	adcs	r0, r2
2000346c:	4151      	adcs	r1, r2
2000346e:	4662      	mov	r2, ip
20003470:	0d4d      	lsrs	r5, r1, #21
20003472:	d128      	bne.n	200034c6 <da_0>
20003474:	0d0d      	lsrs	r5, r1, #20
20003476:	d107      	bne.n	20003488 <da_1>
20003478:	2800      	cmp	r0, #0
2000347a:	d01f      	beq.n	200034bc <da_5>

2000347c <da_2>:
2000347c:	1924      	adds	r4, r4, r4
2000347e:	4140      	adcs	r0, r0
20003480:	4149      	adcs	r1, r1
20003482:	3a01      	subs	r2, #1
20003484:	0d0d      	lsrs	r5, r1, #20
20003486:	d0f9      	beq.n	2000347c <da_2>

20003488 <da_1>:
20003488:	0064      	lsls	r4, r4, #1
2000348a:	d306      	bcc.n	2000349a <da_3>

2000348c <da_4>:
2000348c:	3001      	adds	r0, #1
2000348e:	d300      	bcc.n	20003492 <da_4+0x6>
20003490:	3101      	adds	r1, #1
20003492:	2c00      	cmp	r4, #0
20003494:	d101      	bne.n	2000349a <da_3>
20003496:	0840      	lsrs	r0, r0, #1
20003498:	0040      	lsls	r0, r0, #1

2000349a <da_3>:
2000349a:	3a01      	subs	r2, #1
2000349c:	d40b      	bmi.n	200034b6 <da_6>
2000349e:	1c94      	adds	r4, r2, #2
200034a0:	0ae4      	lsrs	r4, r4, #11
200034a2:	d104      	bne.n	200034ae <da_7>
200034a4:	0512      	lsls	r2, r2, #20
200034a6:	4411      	add	r1, r2
200034a8:	07db      	lsls	r3, r3, #31
200034aa:	4419      	add	r1, r3
200034ac:	bdf0      	pop	{r4, r5, r6, r7, pc}

200034ae <da_7>:
200034ae:	07d9      	lsls	r1, r3, #31
200034b0:	4b20      	ldr	r3, [pc, #128]	@ (20003534 <da_xmgty+0x4>)
200034b2:	4319      	orrs	r1, r3
200034b4:	e000      	b.n	200034b8 <da_6+0x2>

200034b6 <da_6>:
200034b6:	07d9      	lsls	r1, r3, #31
200034b8:	2000      	movs	r0, #0
200034ba:	bdf0      	pop	{r4, r5, r6, r7, pc}

200034bc <da_5>:
200034bc:	2900      	cmp	r1, #0
200034be:	d1dd      	bne.n	2000347c <da_2>
200034c0:	2c00      	cmp	r4, #0
200034c2:	d1db      	bne.n	2000347c <da_2>
200034c4:	bdf0      	pop	{r4, r5, r6, r7, pc}

200034c6 <da_0>:
200034c6:	3201      	adds	r2, #1
200034c8:	07c6      	lsls	r6, r0, #31
200034ca:	0840      	lsrs	r0, r0, #1
200034cc:	07cd      	lsls	r5, r1, #31
200034ce:	4328      	orrs	r0, r5
200034d0:	0849      	lsrs	r1, r1, #1
200034d2:	2e00      	cmp	r6, #0
200034d4:	d0e1      	beq.n	2000349a <da_3>
200034d6:	e7d9      	b.n	2000348c <da_4>

200034d8 <da_xrgty>:
200034d8:	2e3c      	cmp	r6, #60	@ 0x3c
200034da:	da29      	bge.n	20003530 <da_xmgty>
200034dc:	3e20      	subs	r6, #32
200034de:	3740      	adds	r7, #64	@ 0x40
200034e0:	0014      	movs	r4, r2
200034e2:	40bc      	lsls	r4, r7
200034e4:	d000      	beq.n	200034e8 <da_xrgty+0x10>
200034e6:	2401      	movs	r4, #1
200034e8:	40f2      	lsrs	r2, r6
200034ea:	4314      	orrs	r4, r2
200034ec:	001a      	movs	r2, r3
200034ee:	40bb      	lsls	r3, r7
200034f0:	431c      	orrs	r4, r3
200034f2:	17d3      	asrs	r3, r2, #31
200034f4:	e7ac      	b.n	20003450 <da_xgty0>

200034f6 <da_ygtx>:
200034f6:	46ac      	mov	ip, r5
200034f8:	2f20      	cmp	r7, #32
200034fa:	da08      	bge.n	2000350e <da_yrgtx>
200034fc:	3620      	adds	r6, #32
200034fe:	0004      	movs	r4, r0
20003500:	40b4      	lsls	r4, r6

20003502 <da_ygtx0>:
20003502:	000d      	movs	r5, r1
20003504:	40b5      	lsls	r5, r6
20003506:	40f8      	lsrs	r0, r7
20003508:	4139      	asrs	r1, r7
2000350a:	4328      	orrs	r0, r5
2000350c:	e7a5      	b.n	2000345a <da_add>

2000350e <da_yrgtx>:
2000350e:	2f3c      	cmp	r7, #60	@ 0x3c
20003510:	da0c      	bge.n	2000352c <da_ymgtx>
20003512:	3f20      	subs	r7, #32
20003514:	3640      	adds	r6, #64	@ 0x40
20003516:	0004      	movs	r4, r0
20003518:	40b4      	lsls	r4, r6
2000351a:	d000      	beq.n	2000351e <da_yrgtx+0x10>
2000351c:	2401      	movs	r4, #1
2000351e:	40f8      	lsrs	r0, r7
20003520:	4304      	orrs	r4, r0
20003522:	0008      	movs	r0, r1
20003524:	40b1      	lsls	r1, r6
20003526:	430c      	orrs	r4, r1
20003528:	17c1      	asrs	r1, r0, #31
2000352a:	e7ea      	b.n	20003502 <da_ygtx0>

2000352c <da_ymgtx>:
2000352c:	0010      	movs	r0, r2
2000352e:	0019      	movs	r1, r3

20003530 <da_xmgty>:
20003530:	2400      	movs	r4, #0
20003532:	e794      	b.n	2000345e <da_pack>
20003534:	7ff00000 	.word	0x7ff00000

20003538 <dmul_shim>:
20003538:	b5f0      	push	{r4, r5, r6, r7, lr}
2000353a:	0d0c      	lsrs	r4, r1, #20
2000353c:	1e66      	subs	r6, r4, #1
2000353e:	0536      	lsls	r6, r6, #20
20003540:	1b89      	subs	r1, r1, r6
20003542:	0ae6      	lsrs	r6, r4, #11
20003544:	0564      	lsls	r4, r4, #21
20003546:	0d64      	lsrs	r4, r4, #21
20003548:	d002      	beq.n	20003550 <l12_1>
2000354a:	1c65      	adds	r5, r4, #1
2000354c:	0aed      	lsrs	r5, r5, #11
2000354e:	d004      	beq.n	2000355a <l12_2>

20003550 <l12_1>:
20003550:	2000      	movs	r0, #0
20003552:	2101      	movs	r1, #1
20003554:	0509      	lsls	r1, r1, #20
20003556:	3c80      	subs	r4, #128	@ 0x80
20003558:	0324      	lsls	r4, r4, #12

2000355a <l12_2>:
2000355a:	46a4      	mov	ip, r4
2000355c:	0d1c      	lsrs	r4, r3, #20
2000355e:	1e67      	subs	r7, r4, #1
20003560:	053f      	lsls	r7, r7, #20
20003562:	1bdb      	subs	r3, r3, r7
20003564:	0ae7      	lsrs	r7, r4, #11
20003566:	0564      	lsls	r4, r4, #21
20003568:	0d64      	lsrs	r4, r4, #21
2000356a:	d002      	beq.n	20003572 <l13_1>
2000356c:	1c65      	adds	r5, r4, #1
2000356e:	0aed      	lsrs	r5, r5, #11
20003570:	d004      	beq.n	2000357c <l13_2>

20003572 <l13_1>:
20003572:	2200      	movs	r2, #0
20003574:	2301      	movs	r3, #1
20003576:	051b      	lsls	r3, r3, #20
20003578:	3c80      	subs	r4, #128	@ 0x80
2000357a:	0324      	lsls	r4, r4, #12

2000357c <l13_2>:
2000357c:	4077      	eors	r7, r6
2000357e:	4464      	add	r4, ip
20003580:	b497      	push	{r0, r1, r2, r4, r7}
20003582:	b284      	uxth	r4, r0
20003584:	b296      	uxth	r6, r2
20003586:	4374      	muls	r4, r6
20003588:	0c07      	lsrs	r7, r0, #16
2000358a:	437e      	muls	r6, r7
2000358c:	0c15      	lsrs	r5, r2, #16
2000358e:	436f      	muls	r7, r5
20003590:	b280      	uxth	r0, r0
20003592:	4368      	muls	r0, r5
20003594:	1836      	adds	r6, r6, r0
20003596:	d302      	bcc.n	2000359e <l14_1>
20003598:	2001      	movs	r0, #1
2000359a:	0400      	lsls	r0, r0, #16
2000359c:	183f      	adds	r7, r7, r0

2000359e <l14_1>:
2000359e:	0430      	lsls	r0, r6, #16
200035a0:	0c35      	lsrs	r5, r6, #16
200035a2:	1900      	adds	r0, r0, r4
200035a4:	417d      	adcs	r5, r7
200035a6:	4684      	mov	ip, r0
200035a8:	b288      	uxth	r0, r1
200035aa:	b29a      	uxth	r2, r3
200035ac:	4350      	muls	r0, r2
200035ae:	0c0c      	lsrs	r4, r1, #16
200035b0:	4362      	muls	r2, r4
200035b2:	0c1f      	lsrs	r7, r3, #16
200035b4:	437c      	muls	r4, r7
200035b6:	b28e      	uxth	r6, r1
200035b8:	437e      	muls	r6, r7
200035ba:	1992      	adds	r2, r2, r6
200035bc:	d302      	bcc.n	200035c4 <l15_1>
200035be:	2601      	movs	r6, #1
200035c0:	0436      	lsls	r6, r6, #16
200035c2:	19a4      	adds	r4, r4, r6

200035c4 <l15_1>:
200035c4:	0416      	lsls	r6, r2, #16
200035c6:	0c17      	lsrs	r7, r2, #16
200035c8:	1836      	adds	r6, r6, r0
200035ca:	4167      	adcs	r7, r4
200035cc:	bc01      	pop	{r0}
200035ce:	b281      	uxth	r1, r0
200035d0:	b29a      	uxth	r2, r3
200035d2:	4351      	muls	r1, r2
200035d4:	0c04      	lsrs	r4, r0, #16
200035d6:	4362      	muls	r2, r4
200035d8:	0c1b      	lsrs	r3, r3, #16
200035da:	435c      	muls	r4, r3
200035dc:	b280      	uxth	r0, r0
200035de:	4358      	muls	r0, r3
200035e0:	1812      	adds	r2, r2, r0
200035e2:	d302      	bcc.n	200035ea <l16_1>
200035e4:	2001      	movs	r0, #1
200035e6:	0400      	lsls	r0, r0, #16
200035e8:	1824      	adds	r4, r4, r0

200035ea <l16_1>:
200035ea:	0410      	lsls	r0, r2, #16
200035ec:	0c13      	lsrs	r3, r2, #16
200035ee:	1840      	adds	r0, r0, r1
200035f0:	4163      	adcs	r3, r4
200035f2:	182d      	adds	r5, r5, r0
200035f4:	415e      	adcs	r6, r3
200035f6:	2000      	movs	r0, #0
200035f8:	4147      	adcs	r7, r0
200035fa:	bc06      	pop	{r1, r2}
200035fc:	b288      	uxth	r0, r1
200035fe:	b293      	uxth	r3, r2
20003600:	4358      	muls	r0, r3
20003602:	0c0c      	lsrs	r4, r1, #16
20003604:	4363      	muls	r3, r4
20003606:	0c12      	lsrs	r2, r2, #16
20003608:	4354      	muls	r4, r2
2000360a:	b289      	uxth	r1, r1
2000360c:	4351      	muls	r1, r2
2000360e:	185b      	adds	r3, r3, r1
20003610:	d302      	bcc.n	20003618 <l17_1>
20003612:	2101      	movs	r1, #1
20003614:	0409      	lsls	r1, r1, #16
20003616:	1864      	adds	r4, r4, r1

20003618 <l17_1>:
20003618:	0419      	lsls	r1, r3, #16
2000361a:	0c1a      	lsrs	r2, r3, #16
2000361c:	1809      	adds	r1, r1, r0
2000361e:	4162      	adcs	r2, r4
20003620:	186d      	adds	r5, r5, r1
20003622:	4156      	adcs	r6, r2
20003624:	2000      	movs	r0, #0
20003626:	4147      	adcs	r7, r0
20003628:	bc18      	pop	{r3, r4}
2000362a:	02f9      	lsls	r1, r7, #11
2000362c:	0d72      	lsrs	r2, r6, #21
2000362e:	4311      	orrs	r1, r2
20003630:	02f0      	lsls	r0, r6, #11
20003632:	0d6a      	lsrs	r2, r5, #21
20003634:	4310      	orrs	r0, r2
20003636:	02ed      	lsls	r5, r5, #11
20003638:	0d0a      	lsrs	r2, r1, #20
2000363a:	d103      	bne.n	20003644 <l17_1+0x2c>
2000363c:	196d      	adds	r5, r5, r5
2000363e:	4140      	adcs	r0, r0
20003640:	4149      	adcs	r1, r1
20003642:	3b01      	subs	r3, #1
20003644:	4e12      	ldr	r6, [pc, #72]	@ (20003690 <dm_1+0xa>)
20003646:	1b9b      	subs	r3, r3, r6
20003648:	0076      	lsls	r6, r6, #1
2000364a:	42b3      	cmp	r3, r6
2000364c:	d20e      	bcs.n	2000366c <dm_0>
2000364e:	006d      	lsls	r5, r5, #1
20003650:	d307      	bcc.n	20003662 <l17_1+0x4a>
20003652:	3001      	adds	r0, #1
20003654:	2600      	movs	r6, #0
20003656:	4171      	adcs	r1, r6
20003658:	4666      	mov	r6, ip
2000365a:	4335      	orrs	r5, r6
2000365c:	d101      	bne.n	20003662 <l17_1+0x4a>
2000365e:	0840      	lsrs	r0, r0, #1
20003660:	0040      	lsls	r0, r0, #1
20003662:	051b      	lsls	r3, r3, #20
20003664:	18c9      	adds	r1, r1, r3

20003666 <dm_2>:
20003666:	07e4      	lsls	r4, r4, #31
20003668:	4421      	add	r1, r4
2000366a:	bdf0      	pop	{r4, r5, r6, r7, pc}

2000366c <dm_0>:
2000366c:	da0b      	bge.n	20003686 <dm_1>
2000366e:	3301      	adds	r3, #1
20003670:	d106      	bne.n	20003680 <dm_0+0x14>
20003672:	3001      	adds	r0, #1
20003674:	d104      	bne.n	20003680 <dm_0+0x14>
20003676:	3101      	adds	r1, #1
20003678:	0d4f      	lsrs	r7, r1, #21
2000367a:	d001      	beq.n	20003680 <dm_0+0x14>
2000367c:	0849      	lsrs	r1, r1, #1
2000367e:	e7f2      	b.n	20003666 <dm_2>
20003680:	07e1      	lsls	r1, r4, #31
20003682:	2000      	movs	r0, #0
20003684:	bdf0      	pop	{r4, r5, r6, r7, pc}

20003686 <dm_1>:
20003686:	3601      	adds	r6, #1
20003688:	0531      	lsls	r1, r6, #20
2000368a:	2000      	movs	r0, #0
2000368c:	e7eb      	b.n	20003666 <dm_2>
2000368e:	0000      	.short	0x0000
20003690:	000003ff 	.word	0x000003ff

20003694 <ddiv_shim>:
20003694:	b5f0      	push	{r4, r5, r6, r7, lr}

20003696 <ddiv0>:
20003696:	0d1c      	lsrs	r4, r3, #20
20003698:	1e67      	subs	r7, r4, #1
2000369a:	053f      	lsls	r7, r7, #20
2000369c:	1bdb      	subs	r3, r3, r7
2000369e:	0ae7      	lsrs	r7, r4, #11
200036a0:	0564      	lsls	r4, r4, #21
200036a2:	0d64      	lsrs	r4, r4, #21
200036a4:	d002      	beq.n	200036ac <l20_1>
200036a6:	1c66      	adds	r6, r4, #1
200036a8:	0af6      	lsrs	r6, r6, #11
200036aa:	d004      	beq.n	200036b6 <l20_2>

200036ac <l20_1>:
200036ac:	2200      	movs	r2, #0
200036ae:	2301      	movs	r3, #1
200036b0:	051b      	lsls	r3, r3, #20
200036b2:	3c80      	subs	r4, #128	@ 0x80
200036b4:	0324      	lsls	r4, r4, #12

200036b6 <l20_2>:
200036b6:	25d0      	movs	r5, #208	@ 0xd0
200036b8:	062d      	lsls	r5, r5, #24
200036ba:	2600      	movs	r6, #0
200036bc:	43f6      	mvns	r6, r6
200036be:	662e      	str	r6, [r5, #96]	@ 0x60
200036c0:	091e      	lsrs	r6, r3, #4
200036c2:	666e      	str	r6, [r5, #100]	@ 0x64
200036c4:	0fce      	lsrs	r6, r1, #31
200036c6:	19f6      	adds	r6, r6, r7
200036c8:	46b4      	mov	ip, r6
200036ca:	0049      	lsls	r1, r1, #1
200036cc:	0d4f      	lsrs	r7, r1, #21
200036ce:	d002      	beq.n	200036d6 <l20_2+0x20>
200036d0:	1c7e      	adds	r6, r7, #1
200036d2:	0af6      	lsrs	r6, r6, #11
200036d4:	d003      	beq.n	200036de <l20_2+0x28>
200036d6:	2000      	movs	r0, #0
200036d8:	2100      	movs	r1, #0
200036da:	3f40      	subs	r7, #64	@ 0x40
200036dc:	033f      	lsls	r7, r7, #12
200036de:	1b3e      	subs	r6, r7, r4
200036e0:	00b6      	lsls	r6, r6, #2
200036e2:	44b4      	add	ip, r6
200036e4:	3f01      	subs	r7, #1
200036e6:	057f      	lsls	r7, r7, #21
200036e8:	1bc9      	subs	r1, r1, r7
200036ea:	0849      	lsrs	r1, r1, #1
200036ec:	6f2e      	ldr	r6, [r5, #112]	@ 0x70
200036ee:	3601      	adds	r6, #1
200036f0:	0876      	lsrs	r6, r6, #1
200036f2:	029c      	lsls	r4, r3, #10
200036f4:	0d95      	lsrs	r5, r2, #22
200036f6:	4325      	orrs	r5, r4
200036f8:	4375      	muls	r5, r6
200036fa:	13ed      	asrs	r5, r5, #15
200036fc:	4375      	muls	r5, r6
200036fe:	13ad      	asrs	r5, r5, #14
20003700:	3501      	adds	r5, #1
20003702:	106d      	asrs	r5, r5, #1
20003704:	03f6      	lsls	r6, r6, #15
20003706:	1b76      	subs	r6, r6, r5
20003708:	b40c      	push	{r2, r3}
2000370a:	02cc      	lsls	r4, r1, #11
2000370c:	0d45      	lsrs	r5, r0, #21
2000370e:	432c      	orrs	r4, r5
20003710:	b2a2      	uxth	r2, r4
20003712:	b2b3      	uxth	r3, r6
20003714:	435a      	muls	r2, r3
20003716:	0c27      	lsrs	r7, r4, #16
20003718:	437b      	muls	r3, r7
2000371a:	0c35      	lsrs	r5, r6, #16
2000371c:	436f      	muls	r7, r5
2000371e:	b2a4      	uxth	r4, r4
20003720:	436c      	muls	r4, r5
20003722:	191b      	adds	r3, r3, r4
20003724:	d302      	bcc.n	2000372c <l21_1>
20003726:	2401      	movs	r4, #1
20003728:	0424      	lsls	r4, r4, #16
2000372a:	193f      	adds	r7, r7, r4

2000372c <l21_1>:
2000372c:	041c      	lsls	r4, r3, #16
2000372e:	0c1d      	lsrs	r5, r3, #16
20003730:	18a4      	adds	r4, r4, r2
20003732:	417d      	adcs	r5, r7
20003734:	1924      	adds	r4, r4, r4
20003736:	416d      	adcs	r5, r5
20003738:	9a00      	ldr	r2, [sp, #0]
2000373a:	b291      	uxth	r1, r2
2000373c:	b2ac      	uxth	r4, r5
2000373e:	4361      	muls	r1, r4
20003740:	0c17      	lsrs	r7, r2, #16
20003742:	437c      	muls	r4, r7
20003744:	0c2b      	lsrs	r3, r5, #16
20003746:	435f      	muls	r7, r3
20003748:	b292      	uxth	r2, r2
2000374a:	435a      	muls	r2, r3
2000374c:	18a4      	adds	r4, r4, r2
2000374e:	d302      	bcc.n	20003756 <l22_1>
20003750:	2201      	movs	r2, #1
20003752:	0412      	lsls	r2, r2, #16
20003754:	18bf      	adds	r7, r7, r2

20003756 <l22_1>:
20003756:	0422      	lsls	r2, r4, #16
20003758:	0c23      	lsrs	r3, r4, #16
2000375a:	1852      	adds	r2, r2, r1
2000375c:	417b      	adcs	r3, r7
2000375e:	9c01      	ldr	r4, [sp, #4]
20003760:	436c      	muls	r4, r5
20003762:	191b      	adds	r3, r3, r4
20003764:	0e52      	lsrs	r2, r2, #25
20003766:	01d9      	lsls	r1, r3, #7
20003768:	430a      	orrs	r2, r1
2000376a:	0144      	lsls	r4, r0, #5
2000376c:	1aa0      	subs	r0, r4, r2
2000376e:	b281      	uxth	r1, r0
20003770:	b2b2      	uxth	r2, r6
20003772:	4351      	muls	r1, r2
20003774:	1403      	asrs	r3, r0, #16
20003776:	435a      	muls	r2, r3
20003778:	0c36      	lsrs	r6, r6, #16
2000377a:	4373      	muls	r3, r6
2000377c:	b287      	uxth	r7, r0
2000377e:	4377      	muls	r7, r6
20003780:	17d6      	asrs	r6, r2, #31
20003782:	19d2      	adds	r2, r2, r7
20003784:	2700      	movs	r7, #0
20003786:	417e      	adcs	r6, r7
20003788:	0436      	lsls	r6, r6, #16
2000378a:	199b      	adds	r3, r3, r6
2000378c:	0417      	lsls	r7, r2, #16
2000378e:	0c16      	lsrs	r6, r2, #16
20003790:	187f      	adds	r7, r7, r1
20003792:	415e      	adcs	r6, r3
20003794:	1673      	asrs	r3, r6, #25
20003796:	18ed      	adds	r5, r5, r3
20003798:	01f3      	lsls	r3, r6, #7
2000379a:	2600      	movs	r6, #0
2000379c:	3380      	adds	r3, #128	@ 0x80
2000379e:	4175      	adcs	r5, r6
200037a0:	0fa9      	lsrs	r1, r5, #30
200037a2:	d106      	bne.n	200037b2 <dd_0>
200037a4:	0064      	lsls	r4, r4, #1
200037a6:	0a69      	lsrs	r1, r5, #9
200037a8:	05e8      	lsls	r0, r5, #23
200037aa:	0a5b      	lsrs	r3, r3, #9
200037ac:	4318      	orrs	r0, r3
200037ae:	d209      	bcs.n	200037c4 <dd_1>
200037b0:	e02f      	b.n	20003812 <dd_2>

200037b2 <dd_0>:
200037b2:	2204      	movs	r2, #4
200037b4:	4494      	add	ip, r2
200037b6:	3380      	adds	r3, #128	@ 0x80
200037b8:	4175      	adcs	r5, r6
200037ba:	0aa9      	lsrs	r1, r5, #10
200037bc:	05a8      	lsls	r0, r5, #22
200037be:	0a9b      	lsrs	r3, r3, #10
200037c0:	4318      	orrs	r0, r3
200037c2:	d326      	bcc.n	20003812 <dd_2>

200037c4 <dd_1>:
200037c4:	4140      	adcs	r0, r0
200037c6:	4149      	adcs	r1, r1
200037c8:	0424      	lsls	r4, r4, #16
200037ca:	9a00      	ldr	r2, [sp, #0]
200037cc:	9b01      	ldr	r3, [sp, #4]
200037ce:	000d      	movs	r5, r1
200037d0:	4355      	muls	r5, r2
200037d2:	1b64      	subs	r4, r4, r5
200037d4:	4343      	muls	r3, r0
200037d6:	1ae4      	subs	r4, r4, r3
200037d8:	b295      	uxth	r5, r2
200037da:	b286      	uxth	r6, r0
200037dc:	4375      	muls	r5, r6
200037de:	0c17      	lsrs	r7, r2, #16
200037e0:	437e      	muls	r6, r7
200037e2:	0c03      	lsrs	r3, r0, #16
200037e4:	435f      	muls	r7, r3
200037e6:	b292      	uxth	r2, r2
200037e8:	435a      	muls	r2, r3
200037ea:	18b6      	adds	r6, r6, r2
200037ec:	d302      	bcc.n	200037f4 <l24_1>
200037ee:	2201      	movs	r2, #1
200037f0:	0412      	lsls	r2, r2, #16
200037f2:	18bf      	adds	r7, r7, r2

200037f4 <l24_1>:
200037f4:	0432      	lsls	r2, r6, #16
200037f6:	0c33      	lsrs	r3, r6, #16
200037f8:	1952      	adds	r2, r2, r5
200037fa:	417b      	adcs	r3, r7
200037fc:	4252      	negs	r2, r2
200037fe:	419c      	sbcs	r4, r3
20003800:	2c00      	cmp	r4, #0
20003802:	d402      	bmi.n	2000380a <l24_1+0x16>
20003804:	2200      	movs	r2, #0
20003806:	3001      	adds	r0, #1
20003808:	4151      	adcs	r1, r2
2000380a:	0840      	lsrs	r0, r0, #1
2000380c:	07ca      	lsls	r2, r1, #31
2000380e:	4310      	orrs	r0, r2
20003810:	0849      	lsrs	r1, r1, #1

20003812 <dd_2>:
20003812:	b002      	add	sp, #8
20003814:	4662      	mov	r2, ip
20003816:	07d7      	lsls	r7, r2, #31
20003818:	1092      	asrs	r2, r2, #2
2000381a:	4b08      	ldr	r3, [pc, #32]	@ (2000383c <dd_4+0x6>)
2000381c:	18d2      	adds	r2, r2, r3
2000381e:	4b08      	ldr	r3, [pc, #32]	@ (20003840 <dd_4+0xa>)
20003820:	429a      	cmp	r2, r3
20003822:	d203      	bcs.n	2000382c <dd_3>
20003824:	0512      	lsls	r2, r2, #20
20003826:	1889      	adds	r1, r1, r2

20003828 <dd_5>:
20003828:	19c9      	adds	r1, r1, r7
2000382a:	bdf0      	pop	{r4, r5, r6, r7, pc}

2000382c <dd_3>:
2000382c:	2000      	movs	r0, #0
2000382e:	2a00      	cmp	r2, #0
20003830:	dc01      	bgt.n	20003836 <dd_4>
20003832:	0039      	movs	r1, r7
20003834:	bdf0      	pop	{r4, r5, r6, r7, pc}

20003836 <dd_4>:
20003836:	3301      	adds	r3, #1
20003838:	0519      	lsls	r1, r3, #20
2000383a:	e7f5      	b.n	20003828 <dd_5>
2000383c:	000003fd 	.word	0x000003fd
20003840:	000007fe 	.word	0x000007fe

20003844 <double2uint_shim>:
20003844:	2200      	movs	r2, #0

20003846 <double2ufix_shim>:
20003846:	b500      	push	{lr}
20003848:	3220      	adds	r2, #32
2000384a:	f000 f810 	bl	2000386e <double2ufix64_shim>
2000384e:	0008      	movs	r0, r1
20003850:	bd00      	pop	{pc}

20003852 <double2int64_shim>:
20003852:	2200      	movs	r2, #0

20003854 <double2fix64_shim>:
20003854:	b500      	push	{lr}
20003856:	f000 f80c 	bl	20003872 <d2fix>
2000385a:	17ca      	asrs	r2, r1, #31
2000385c:	429a      	cmp	r2, r3
2000385e:	d100      	bne.n	20003862 <double2fix64_shim+0xe>
20003860:	bd00      	pop	{pc}
20003862:	43d8      	mvns	r0, r3
20003864:	2101      	movs	r1, #1
20003866:	07c9      	lsls	r1, r1, #31
20003868:	4041      	eors	r1, r0
2000386a:	bd00      	pop	{pc}

2000386c <double2uint64_shim>:
2000386c:	2200      	movs	r2, #0

2000386e <double2ufix64_shim>:
2000386e:	150b      	asrs	r3, r1, #20
20003870:	d40a      	bmi.n	20003888 <ret_dzero>

20003872 <d2fix>:
20003872:	b510      	push	{r4, lr}
20003874:	4694      	mov	ip, r2
20003876:	f000 f8a7 	bl	200039c8 <dunpacks>
2000387a:	1414      	asrs	r4, r2, #16
2000387c:	3401      	adds	r4, #1
2000387e:	da00      	bge.n	20003882 <d2fix+0x10>
20003880:	2100      	movs	r1, #0
20003882:	17cb      	asrs	r3, r1, #31
20003884:	4c14      	ldr	r4, [pc, #80]	@ (200038d8 <d2fix_a+0x4a>)
20003886:	4720      	bx	r4

20003888 <ret_dzero>:
20003888:	2000      	movs	r0, #0
2000388a:	2100      	movs	r1, #0
2000388c:	4770      	bx	lr

2000388e <d2fix_a>:
2000388e:	4462      	add	r2, ip
20003890:	3a34      	subs	r2, #52	@ 0x34
20003892:	d40c      	bmi.n	200038ae <d2fix_a+0x20>
20003894:	2a0c      	cmp	r2, #12
20003896:	da07      	bge.n	200038a8 <d2fix_a+0x1a>
20003898:	0004      	movs	r4, r0
2000389a:	4091      	lsls	r1, r2
2000389c:	4090      	lsls	r0, r2
2000389e:	4252      	negs	r2, r2
200038a0:	3220      	adds	r2, #32
200038a2:	40d4      	lsrs	r4, r2
200038a4:	4321      	orrs	r1, r4
200038a6:	bd10      	pop	{r4, pc}
200038a8:	43d8      	mvns	r0, r3
200038aa:	43d9      	mvns	r1, r3
200038ac:	bd10      	pop	{r4, pc}
200038ae:	3220      	adds	r2, #32
200038b0:	d407      	bmi.n	200038c2 <d2fix_a+0x34>
200038b2:	460c      	mov	r4, r1
200038b4:	4094      	lsls	r4, r2
200038b6:	4252      	negs	r2, r2
200038b8:	3220      	adds	r2, #32
200038ba:	4111      	asrs	r1, r2
200038bc:	40d0      	lsrs	r0, r2
200038be:	4320      	orrs	r0, r4
200038c0:	bd10      	pop	{r4, pc}
200038c2:	0008      	movs	r0, r1
200038c4:	17c9      	asrs	r1, r1, #31
200038c6:	3220      	adds	r2, #32
200038c8:	d403      	bmi.n	200038d2 <d2fix_a+0x44>
200038ca:	4252      	negs	r2, r2
200038cc:	3220      	adds	r2, #32
200038ce:	4110      	asrs	r0, r2
200038d0:	bd10      	pop	{r4, pc}
200038d2:	0018      	movs	r0, r3
200038d4:	0019      	movs	r1, r3
200038d6:	bd10      	pop	{r4, pc}
200038d8:	2000388f 	.word	0x2000388f

200038dc <double2float_shim>:
200038dc:	004a      	lsls	r2, r1, #1
200038de:	0d52      	lsrs	r2, r2, #21
200038e0:	4b14      	ldr	r3, [pc, #80]	@ (20003934 <double2float_shim+0x58>)
200038e2:	1ad2      	subs	r2, r2, r3
200038e4:	dd13      	ble.n	2000390e <double2float_shim+0x32>
200038e6:	2aff      	cmp	r2, #255	@ 0xff
200038e8:	da1e      	bge.n	20003928 <double2float_shim+0x4c>
200038ea:	05d2      	lsls	r2, r2, #23
200038ec:	0fcb      	lsrs	r3, r1, #31
200038ee:	07db      	lsls	r3, r3, #31
200038f0:	431a      	orrs	r2, r3
200038f2:	00c3      	lsls	r3, r0, #3
200038f4:	0f40      	lsrs	r0, r0, #29
200038f6:	0309      	lsls	r1, r1, #12
200038f8:	0a49      	lsrs	r1, r1, #9
200038fa:	4308      	orrs	r0, r1
200038fc:	4310      	orrs	r0, r2
200038fe:	005b      	lsls	r3, r3, #1
20003900:	d301      	bcc.n	20003906 <double2float_shim+0x2a>
20003902:	d001      	beq.n	20003908 <double2float_shim+0x2c>
20003904:	3001      	adds	r0, #1
20003906:	4770      	bx	lr
20003908:	0843      	lsrs	r3, r0, #1
2000390a:	d2fb      	bcs.n	20003904 <double2float_shim+0x28>
2000390c:	4770      	bx	lr
2000390e:	d002      	beq.n	20003916 <double2float_shim+0x3a>
20003910:	0fc8      	lsrs	r0, r1, #31
20003912:	07c0      	lsls	r0, r0, #31
20003914:	4770      	bx	lr
20003916:	030a      	lsls	r2, r1, #12
20003918:	1312      	asrs	r2, r2, #12
2000391a:	3201      	adds	r2, #1
2000391c:	d1f8      	bne.n	20003910 <double2float_shim+0x34>
2000391e:	0f42      	lsrs	r2, r0, #29
20003920:	2a07      	cmp	r2, #7
20003922:	d1f5      	bne.n	20003910 <double2float_shim+0x34>
20003924:	2201      	movs	r2, #1
20003926:	e000      	b.n	2000392a <double2float_shim+0x4e>
20003928:	22ff      	movs	r2, #255	@ 0xff
2000392a:	0fc8      	lsrs	r0, r1, #31
2000392c:	0200      	lsls	r0, r0, #8
2000392e:	1880      	adds	r0, r0, r2
20003930:	05c0      	lsls	r0, r0, #23
20003932:	4770      	bx	lr
20003934:	00000380 	.word	0x00000380

20003938 <uint2double_shim>:
20003938:	2100      	movs	r1, #0

2000393a <ufix2double_shim>:
2000393a:	000a      	movs	r2, r1
2000393c:	2100      	movs	r1, #0
2000393e:	e004      	b.n	2000394a <ufix642double_shim>

20003940 <int2double_shim>:
20003940:	2100      	movs	r1, #0

20003942 <fix2double_shim>:
20003942:	000a      	movs	r2, r1
20003944:	17c1      	asrs	r1, r0, #31
20003946:	e004      	b.n	20003952 <fix642double_shim>

20003948 <uint642double_shim>:
20003948:	2200      	movs	r2, #0

2000394a <ufix642double_shim>:
2000394a:	2300      	movs	r3, #0
2000394c:	e006      	b.n	2000395c <uf2d>
2000394e:	46c0      	nop			@ (mov r8, r8)

20003950 <int642double_shim>:
20003950:	2200      	movs	r2, #0

20003952 <fix642double_shim>:
20003952:	17cb      	asrs	r3, r1, #31
20003954:	4058      	eors	r0, r3
20003956:	4059      	eors	r1, r3
20003958:	1ac0      	subs	r0, r0, r3
2000395a:	4199      	sbcs	r1, r3

2000395c <uf2d>:
2000395c:	b530      	push	{r4, r5, lr}
2000395e:	4c18      	ldr	r4, [pc, #96]	@ (200039c0 <uf2d+0x64>)
20003960:	1aa2      	subs	r2, r4, r2
20003962:	2900      	cmp	r1, #0
20003964:	d103      	bne.n	2000396e <uf2d+0x12>
20003966:	0001      	movs	r1, r0
20003968:	d010      	beq.n	2000398c <uf2d+0x30>
2000396a:	2000      	movs	r0, #0
2000396c:	3a20      	subs	r2, #32
2000396e:	154c      	asrs	r4, r1, #21
20003970:	d112      	bne.n	20003998 <uf2d+0x3c>
20003972:	d204      	bcs.n	2000397e <uf2d+0x22>
20003974:	3a01      	subs	r2, #1
20003976:	1800      	adds	r0, r0, r0
20003978:	4149      	adcs	r1, r1
2000397a:	0d4c      	lsrs	r4, r1, #21
2000397c:	d3fa      	bcc.n	20003974 <uf2d+0x18>
2000397e:	4c11      	ldr	r4, [pc, #68]	@ (200039c4 <uf2d+0x68>)
20003980:	42a2      	cmp	r2, r4
20003982:	d204      	bcs.n	2000398e <uf2d+0x32>
20003984:	0512      	lsls	r2, r2, #20
20003986:	1889      	adds	r1, r1, r2
20003988:	07db      	lsls	r3, r3, #31
2000398a:	18c9      	adds	r1, r1, r3
2000398c:	bd30      	pop	{r4, r5, pc}
2000398e:	43d2      	mvns	r2, r2
20003990:	0d52      	lsrs	r2, r2, #21
20003992:	2000      	movs	r0, #0
20003994:	2100      	movs	r1, #0
20003996:	e7f5      	b.n	20003984 <uf2d+0x28>
20003998:	d403      	bmi.n	200039a2 <uf2d+0x46>
2000399a:	3a01      	subs	r2, #1
2000399c:	1800      	adds	r0, r0, r0
2000399e:	4149      	adcs	r1, r1
200039a0:	d5fb      	bpl.n	2000399a <uf2d+0x3e>
200039a2:	320b      	adds	r2, #11
200039a4:	0544      	lsls	r4, r0, #21
200039a6:	0ac0      	lsrs	r0, r0, #11
200039a8:	054d      	lsls	r5, r1, #21
200039aa:	4328      	orrs	r0, r5
200039ac:	0ac9      	lsrs	r1, r1, #11
200039ae:	0064      	lsls	r4, r4, #1
200039b0:	d003      	beq.n	200039ba <uf2d+0x5e>
200039b2:	2400      	movs	r4, #0
200039b4:	4160      	adcs	r0, r4
200039b6:	4161      	adcs	r1, r4
200039b8:	e7e1      	b.n	2000397e <uf2d+0x22>
200039ba:	d3e0      	bcc.n	2000397e <uf2d+0x22>
200039bc:	0844      	lsrs	r4, r0, #1
200039be:	e7f8      	b.n	200039b2 <uf2d+0x56>
200039c0:	00000432 	.word	0x00000432
200039c4:	000007fe 	.word	0x000007fe

200039c8 <dunpacks>:
200039c8:	0d0a      	lsrs	r2, r1, #20
200039ca:	0fcc      	lsrs	r4, r1, #31
200039cc:	1e53      	subs	r3, r2, #1
200039ce:	051b      	lsls	r3, r3, #20
200039d0:	1ac9      	subs	r1, r1, r3
200039d2:	0552      	lsls	r2, r2, #21
200039d4:	d303      	bcc.n	200039de <l60_1>
200039d6:	43c9      	mvns	r1, r1
200039d8:	4240      	negs	r0, r0
200039da:	d300      	bcc.n	200039de <l60_1>
200039dc:	3101      	adds	r1, #1

200039de <l60_1>:
200039de:	0d52      	lsrs	r2, r2, #21
200039e0:	d003      	beq.n	200039ea <l60_2>
200039e2:	1c53      	adds	r3, r2, #1
200039e4:	0adb      	lsrs	r3, r3, #11
200039e6:	d007      	beq.n	200039f8 <l60_3>
200039e8:	1b12      	subs	r2, r2, r4

200039ea <l60_2>:
200039ea:	2000      	movs	r0, #0
200039ec:	0064      	lsls	r4, r4, #1
200039ee:	1c61      	adds	r1, r4, #1
200039f0:	0789      	lsls	r1, r1, #30
200039f2:	1289      	asrs	r1, r1, #10
200039f4:	3a80      	subs	r2, #128	@ 0x80
200039f6:	0312      	lsls	r2, r2, #12

200039f8 <l60_3>:
200039f8:	4b01      	ldr	r3, [pc, #4]	@ (20003a00 <l60_3+0x8>)
200039fa:	1ad2      	subs	r2, r2, r3
200039fc:	4770      	bx	lr
200039fe:	0000      	.short	0x0000
20003a00:	000003ff 	.word	0x000003ff

20003a04 <__wrap___aeabi_lmul>:
20003a04:	4351      	muls	r1, r2
20003a06:	4343      	muls	r3, r0
20003a08:	18c9      	adds	r1, r1, r3
20003a0a:	468c      	mov	ip, r1
20003a0c:	0c11      	lsrs	r1, r2, #16
20003a0e:	b283      	uxth	r3, r0
20003a10:	434b      	muls	r3, r1
20003a12:	b410      	push	{r4}
20003a14:	0c04      	lsrs	r4, r0, #16
20003a16:	4361      	muls	r1, r4
20003a18:	b292      	uxth	r2, r2
20003a1a:	b280      	uxth	r0, r0
20003a1c:	4350      	muls	r0, r2
20003a1e:	4362      	muls	r2, r4
20003a20:	041c      	lsls	r4, r3, #16
20003a22:	0c1b      	lsrs	r3, r3, #16
20003a24:	1900      	adds	r0, r0, r4
20003a26:	bc10      	pop	{r4}
20003a28:	4159      	adcs	r1, r3
20003a2a:	0413      	lsls	r3, r2, #16
20003a2c:	0c12      	lsrs	r2, r2, #16
20003a2e:	18c0      	adds	r0, r0, r3
20003a30:	4151      	adcs	r1, r2
20003a32:	4461      	add	r1, ip
20003a34:	4770      	bx	lr
	...

20003a38 <__wrap___aeabi_cfrcmple>:
20003a38:	b507      	push	{r0, r1, r2, lr}
20003a3a:	4048      	eors	r0, r1
20003a3c:	4041      	eors	r1, r0
20003a3e:	4048      	eors	r0, r1
20003a40:	e001      	b.n	20003a46 <__aeabi_cfcmple_guts>
20003a42:	46c0      	nop			@ (mov r8, r8)

20003a44 <__wrap___aeabi_cfcmpeq>:
20003a44:	b507      	push	{r0, r1, r2, lr}

20003a46 <__aeabi_cfcmple_guts>:
20003a46:	0042      	lsls	r2, r0, #1
20003a48:	0e12      	lsrs	r2, r2, #24
20003a4a:	d003      	beq.n	20003a54 <__aeabi_cfcmple_guts+0xe>
20003a4c:	2aff      	cmp	r2, #255	@ 0xff
20003a4e:	d103      	bne.n	20003a58 <__aeabi_cfcmple_guts+0x12>
20003a50:	0242      	lsls	r2, r0, #9
20003a52:	d818      	bhi.n	20003a86 <__aeabi_cfcmple_guts+0x40>
20003a54:	0dc0      	lsrs	r0, r0, #23
20003a56:	05c0      	lsls	r0, r0, #23
20003a58:	004a      	lsls	r2, r1, #1
20003a5a:	0e12      	lsrs	r2, r2, #24
20003a5c:	d003      	beq.n	20003a66 <__aeabi_cfcmple_guts+0x20>
20003a5e:	2aff      	cmp	r2, #255	@ 0xff
20003a60:	d103      	bne.n	20003a6a <__aeabi_cfcmple_guts+0x24>
20003a62:	024a      	lsls	r2, r1, #9
20003a64:	d80f      	bhi.n	20003a86 <__aeabi_cfcmple_guts+0x40>
20003a66:	0dc9      	lsrs	r1, r1, #23
20003a68:	05c9      	lsls	r1, r1, #23
20003a6a:	2201      	movs	r2, #1
20003a6c:	4041      	eors	r1, r0
20003a6e:	d405      	bmi.n	20003a7c <__aeabi_cfcmple_guts+0x36>
20003a70:	4041      	eors	r1, r0
20003a72:	d501      	bpl.n	20003a78 <__aeabi_cfcmple_guts+0x32>
20003a74:	4281      	cmp	r1, r0
20003a76:	bd07      	pop	{r0, r1, r2, pc}
20003a78:	4288      	cmp	r0, r1
20003a7a:	bd07      	pop	{r0, r1, r2, pc}
20003a7c:	4301      	orrs	r1, r0
20003a7e:	1849      	adds	r1, r1, r1
20003a80:	d001      	beq.n	20003a86 <__aeabi_cfcmple_guts+0x40>
20003a82:	43c0      	mvns	r0, r0
20003a84:	1800      	adds	r0, r0, r0
20003a86:	bd07      	pop	{r0, r1, r2, pc}

20003a88 <__wrap___aeabi_fcmple>:
20003a88:	b500      	push	{lr}
20003a8a:	f7ff ffdb 	bl	20003a44 <__wrap___aeabi_cfcmpeq>
20003a8e:	d901      	bls.n	20003a94 <__wrap___aeabi_fcmple+0xc>
20003a90:	2000      	movs	r0, #0
20003a92:	bd00      	pop	{pc}
20003a94:	2001      	movs	r0, #1
20003a96:	bd00      	pop	{pc}

20003a98 <__wrap___aeabi_fcmpun>:
20003a98:	2301      	movs	r3, #1
20003a9a:	061b      	lsls	r3, r3, #24
20003a9c:	0042      	lsls	r2, r0, #1
20003a9e:	18d2      	adds	r2, r2, r3
20003aa0:	d804      	bhi.n	20003aac <__wrap___aeabi_fcmpun+0x14>
20003aa2:	004a      	lsls	r2, r1, #1
20003aa4:	18d2      	adds	r2, r2, r3
20003aa6:	d801      	bhi.n	20003aac <__wrap___aeabi_fcmpun+0x14>
20003aa8:	2000      	movs	r0, #0
20003aaa:	4770      	bx	lr
20003aac:	2001      	movs	r0, #1
20003aae:	4770      	bx	lr

20003ab0 <__aeabi_float_init>:
20003ab0:	2313      	movs	r3, #19
20003ab2:	b510      	push	{r4, lr}
20003ab4:	4812      	ldr	r0, [pc, #72]	@ (20003b00 <__aeabi_float_init+0x50>)
20003ab6:	781c      	ldrb	r4, [r3, #0]
20003ab8:	f7fe ff20 	bl	200028fc <rom_data_lookup>
20003abc:	0001      	movs	r1, r0
20003abe:	2c01      	cmp	r4, #1
20003ac0:	d00a      	beq.n	20003ad8 <__aeabi_float_init+0x28>
20003ac2:	dd03      	ble.n	20003acc <__aeabi_float_init+0x1c>
20003ac4:	2280      	movs	r2, #128	@ 0x80
20003ac6:	480f      	ldr	r0, [pc, #60]	@ (20003b04 <__aeabi_float_init+0x54>)
20003ac8:	f000 f848 	bl	20003b5c <__wrap___aeabi_memcpy>
20003acc:	480e      	ldr	r0, [pc, #56]	@ (20003b08 <__aeabi_float_init+0x58>)
20003ace:	f7fe ff0d 	bl	200028ec <rom_func_lookup>
20003ad2:	4b0e      	ldr	r3, [pc, #56]	@ (20003b0c <__aeabi_float_init+0x5c>)
20003ad4:	6018      	str	r0, [r3, #0]
20003ad6:	bd10      	pop	{r4, pc}
20003ad8:	4c0a      	ldr	r4, [pc, #40]	@ (20003b04 <__aeabi_float_init+0x54>)
20003ada:	2254      	movs	r2, #84	@ 0x54
20003adc:	0020      	movs	r0, r4
20003ade:	f000 f83d 	bl	20003b5c <__wrap___aeabi_memcpy>
20003ae2:	4b0b      	ldr	r3, [pc, #44]	@ (20003b10 <__aeabi_float_init+0x60>)
20003ae4:	6563      	str	r3, [r4, #84]	@ 0x54
20003ae6:	65a3      	str	r3, [r4, #88]	@ 0x58
20003ae8:	65e3      	str	r3, [r4, #92]	@ 0x5c
20003aea:	6623      	str	r3, [r4, #96]	@ 0x60
20003aec:	6663      	str	r3, [r4, #100]	@ 0x64
20003aee:	66a3      	str	r3, [r4, #104]	@ 0x68
20003af0:	66e3      	str	r3, [r4, #108]	@ 0x6c
20003af2:	6723      	str	r3, [r4, #112]	@ 0x70
20003af4:	6763      	str	r3, [r4, #116]	@ 0x74
20003af6:	67a3      	str	r3, [r4, #120]	@ 0x78
20003af8:	67e3      	str	r3, [r4, #124]	@ 0x7c
20003afa:	6223      	str	r3, [r4, #32]
20003afc:	61e3      	str	r3, [r4, #28]
20003afe:	e7e5      	b.n	20003acc <__aeabi_float_init+0x1c>
20003b00:	00004653 	.word	0x00004653
20003b04:	2000ac10 	.word	0x2000ac10
20003b08:	0000334c 	.word	0x0000334c
20003b0c:	2000aedc 	.word	0x2000aedc
20003b10:	20003b15 	.word	0x20003b15

20003b14 <float_table_shim_on_use_helper>:
20003b14:	b507      	push	{r0, r1, r2, lr}
20003b16:	4660      	mov	r0, ip
20003b18:	8801      	ldrh	r1, [r0, #0]
20003b1a:	0a0a      	lsrs	r2, r1, #8
20003b1c:	3002      	adds	r0, #2
20003b1e:	2adf      	cmp	r2, #223	@ 0xdf
20003b20:	d1fa      	bne.n	20003b18 <float_table_shim_on_use_helper+0x4>
20003b22:	b2c9      	uxtb	r1, r1
20003b24:	0882      	lsrs	r2, r0, #2
20003b26:	d304      	bcc.n	20003b32 <float_table_shim_on_use_helper+0x1e>
20003b28:	8802      	ldrh	r2, [r0, #0]
20003b2a:	8840      	ldrh	r0, [r0, #2]
20003b2c:	0400      	lsls	r0, r0, #16
20003b2e:	4310      	orrs	r0, r2
20003b30:	e000      	b.n	20003b34 <float_table_shim_on_use_helper+0x20>
20003b32:	6800      	ldr	r0, [r0, #0]
20003b34:	4a01      	ldr	r2, [pc, #4]	@ (20003b3c <float_table_shim_on_use_helper+0x28>)
20003b36:	5050      	str	r0, [r2, r1]
20003b38:	9003      	str	r0, [sp, #12]
20003b3a:	bd07      	pop	{r0, r1, r2, pc}
20003b3c:	2000ac10 	.word	0x2000ac10

20003b40 <__aeabi_mem_init>:
20003b40:	4801      	ldr	r0, [pc, #4]	@ (20003b48 <__aeabi_mem_init+0x8>)
20003b42:	2104      	movs	r1, #4
20003b44:	4b01      	ldr	r3, [pc, #4]	@ (20003b4c <__aeabi_mem_init+0xc>)
20003b46:	4718      	bx	r3
20003b48:	2000a280 	.word	0x2000a280
20003b4c:	2000290d 	.word	0x2000290d

20003b50 <__wrap_memset>:
20003b50:	4b01      	ldr	r3, [pc, #4]	@ (20003b58 <__wrap_memset+0x8>)
20003b52:	681b      	ldr	r3, [r3, #0]
20003b54:	4718      	bx	r3
20003b56:	0000      	.short	0x0000
20003b58:	2000a280 	.word	0x2000a280

20003b5c <__wrap___aeabi_memcpy>:
20003b5c:	4b01      	ldr	r3, [pc, #4]	@ (20003b64 <__wrap___aeabi_memcpy+0x8>)
20003b5e:	685b      	ldr	r3, [r3, #4]
20003b60:	4718      	bx	r3
20003b62:	0000      	.short	0x0000
20003b64:	2000a280 	.word	0x2000a280

20003b68 <_out_buffer>:
20003b68:	429a      	cmp	r2, r3
20003b6a:	d200      	bcs.n	20003b6e <_out_buffer+0x6>
20003b6c:	5488      	strb	r0, [r1, r2]
20003b6e:	4770      	bx	lr

20003b70 <_out_null>:
20003b70:	4770      	bx	lr
20003b72:	46c0      	nop			@ (mov r8, r8)

20003b74 <_out_rev>:
20003b74:	b5f8      	push	{r3, r4, r5, r6, r7, lr}
20003b76:	4657      	mov	r7, sl
20003b78:	46de      	mov	lr, fp
20003b7a:	464e      	mov	r6, r9
20003b7c:	4645      	mov	r5, r8
20003b7e:	b5e0      	push	{r5, r6, r7, lr}
20003b80:	4699      	mov	r9, r3
20003b82:	9b0a      	ldr	r3, [sp, #40]	@ 0x28
20003b84:	0007      	movs	r7, r0
20003b86:	469a      	mov	sl, r3
20003b88:	9b0d      	ldr	r3, [sp, #52]	@ 0x34
20003b8a:	4688      	mov	r8, r1
20003b8c:	4693      	mov	fp, r2
20003b8e:	9c0b      	ldr	r4, [sp, #44]	@ 0x2c
20003b90:	079b      	lsls	r3, r3, #30
20003b92:	d13b      	bne.n	20003c0c <_out_rev+0x98>
20003b94:	9b0c      	ldr	r3, [sp, #48]	@ 0x30
20003b96:	429c      	cmp	r4, r3
20003b98:	d23d      	bcs.n	20003c16 <_out_rev+0xa2>
20003b9a:	1b1e      	subs	r6, r3, r4
20003b9c:	940b      	str	r4, [sp, #44]	@ 0x2c
20003b9e:	0015      	movs	r5, r2
20003ba0:	000c      	movs	r4, r1
20003ba2:	445e      	add	r6, fp
20003ba4:	002a      	movs	r2, r5
20003ba6:	464b      	mov	r3, r9
20003ba8:	3501      	adds	r5, #1
20003baa:	0021      	movs	r1, r4
20003bac:	2020      	movs	r0, #32
20003bae:	47b8      	blx	r7
20003bb0:	42b5      	cmp	r5, r6
20003bb2:	d1f7      	bne.n	20003ba4 <_out_rev+0x30>
20003bb4:	46a0      	mov	r8, r4
20003bb6:	9c0b      	ldr	r4, [sp, #44]	@ 0x2c
20003bb8:	2c00      	cmp	r4, #0
20003bba:	d020      	beq.n	20003bfe <_out_rev+0x8a>
20003bbc:	4645      	mov	r5, r8
20003bbe:	1936      	adds	r6, r6, r4
20003bc0:	4653      	mov	r3, sl
20003bc2:	1b32      	subs	r2, r6, r4
20003bc4:	3c01      	subs	r4, #1
20003bc6:	5d18      	ldrb	r0, [r3, r4]
20003bc8:	0029      	movs	r1, r5
20003bca:	464b      	mov	r3, r9
20003bcc:	47b8      	blx	r7
20003bce:	2c00      	cmp	r4, #0
20003bd0:	d1f6      	bne.n	20003bc0 <_out_rev+0x4c>
20003bd2:	002b      	movs	r3, r5
20003bd4:	0035      	movs	r5, r6
20003bd6:	4698      	mov	r8, r3
20003bd8:	9b0d      	ldr	r3, [sp, #52]	@ 0x34
20003bda:	079b      	lsls	r3, r3, #30
20003bdc:	d50f      	bpl.n	20003bfe <_out_rev+0x8a>
20003bde:	465b      	mov	r3, fp
20003be0:	1aec      	subs	r4, r5, r3
20003be2:	9b0c      	ldr	r3, [sp, #48]	@ 0x30
20003be4:	42a3      	cmp	r3, r4
20003be6:	d90a      	bls.n	20003bfe <_out_rev+0x8a>
20003be8:	4646      	mov	r6, r8
20003bea:	4698      	mov	r8, r3
20003bec:	002a      	movs	r2, r5
20003bee:	464b      	mov	r3, r9
20003bf0:	0031      	movs	r1, r6
20003bf2:	2020      	movs	r0, #32
20003bf4:	3401      	adds	r4, #1
20003bf6:	47b8      	blx	r7
20003bf8:	3501      	adds	r5, #1
20003bfa:	4544      	cmp	r4, r8
20003bfc:	d3f6      	bcc.n	20003bec <_out_rev+0x78>
20003bfe:	0028      	movs	r0, r5
20003c00:	bcf0      	pop	{r4, r5, r6, r7}
20003c02:	46bb      	mov	fp, r7
20003c04:	46b2      	mov	sl, r6
20003c06:	46a9      	mov	r9, r5
20003c08:	46a0      	mov	r8, r4
20003c0a:	bdf8      	pop	{r3, r4, r5, r6, r7, pc}
20003c0c:	0016      	movs	r6, r2
20003c0e:	0015      	movs	r5, r2
20003c10:	2c00      	cmp	r4, #0
20003c12:	d1d3      	bne.n	20003bbc <_out_rev+0x48>
20003c14:	e7e0      	b.n	20003bd8 <_out_rev+0x64>
20003c16:	0016      	movs	r6, r2
20003c18:	2c00      	cmp	r4, #0
20003c1a:	d1cf      	bne.n	20003bbc <_out_rev+0x48>
20003c1c:	0015      	movs	r5, r2
20003c1e:	e7ee      	b.n	20003bfe <_out_rev+0x8a>

20003c20 <_ntoa_format>:
20003c20:	b5f0      	push	{r4, r5, r6, r7, lr}
20003c22:	464f      	mov	r7, r9
20003c24:	4646      	mov	r6, r8
20003c26:	46d6      	mov	lr, sl
20003c28:	b5c0      	push	{r6, r7, lr}
20003c2a:	b084      	sub	sp, #16
20003c2c:	4698      	mov	r8, r3
20003c2e:	ab0e      	add	r3, sp, #56	@ 0x38
20003c30:	781b      	ldrb	r3, [r3, #0]
20003c32:	4694      	mov	ip, r2
20003c34:	4699      	mov	r9, r3
20003c36:	9b12      	ldr	r3, [sp, #72]	@ 0x48
20003c38:	9c0d      	ldr	r4, [sp, #52]	@ 0x34
20003c3a:	9f10      	ldr	r7, [sp, #64]	@ 0x40
20003c3c:	9e11      	ldr	r6, [sp, #68]	@ 0x44
20003c3e:	079a      	lsls	r2, r3, #30
20003c40:	d425      	bmi.n	20003c8e <_ntoa_format+0x6e>
20003c42:	2e00      	cmp	r6, #0
20003c44:	d165      	bne.n	20003d12 <_ntoa_format+0xf2>
20003c46:	42bc      	cmp	r4, r7
20003c48:	d221      	bcs.n	20003c8e <_ntoa_format+0x6e>
20003c4a:	2201      	movs	r2, #1
20003c4c:	401a      	ands	r2, r3
20003c4e:	4692      	mov	sl, r2
20003c50:	2c20      	cmp	r4, #32
20003c52:	d100      	bne.n	20003c56 <_ntoa_format+0x36>
20003c54:	e0e9      	b.n	20003e2a <_ntoa_format+0x20a>
20003c56:	9a0c      	ldr	r2, [sp, #48]	@ 0x30
20003c58:	1e55      	subs	r5, r2, #1
20003c5a:	2230      	movs	r2, #48	@ 0x30
20003c5c:	e002      	b.n	20003c64 <_ntoa_format+0x44>
20003c5e:	2c20      	cmp	r4, #32
20003c60:	d100      	bne.n	20003c64 <_ntoa_format+0x44>
20003c62:	e07b      	b.n	20003d5c <_ntoa_format+0x13c>
20003c64:	3401      	adds	r4, #1
20003c66:	552a      	strb	r2, [r5, r4]
20003c68:	42a7      	cmp	r7, r4
20003c6a:	d8f8      	bhi.n	20003c5e <_ntoa_format+0x3e>
20003c6c:	4652      	mov	r2, sl
20003c6e:	2a00      	cmp	r2, #0
20003c70:	d00d      	beq.n	20003c8e <_ntoa_format+0x6e>
20003c72:	42b4      	cmp	r4, r6
20003c74:	d20b      	bcs.n	20003c8e <_ntoa_format+0x6e>
20003c76:	9a0c      	ldr	r2, [sp, #48]	@ 0x30
20003c78:	1e55      	subs	r5, r2, #1
20003c7a:	2230      	movs	r2, #48	@ 0x30
20003c7c:	2c20      	cmp	r4, #32
20003c7e:	d102      	bne.n	20003c86 <_ntoa_format+0x66>
20003c80:	e071      	b.n	20003d66 <_ntoa_format+0x146>
20003c82:	2c20      	cmp	r4, #32
20003c84:	d02d      	beq.n	20003ce2 <_ntoa_format+0xc2>
20003c86:	3401      	adds	r4, #1
20003c88:	552a      	strb	r2, [r5, r4]
20003c8a:	42b4      	cmp	r4, r6
20003c8c:	d1f9      	bne.n	20003c82 <_ntoa_format+0x62>
20003c8e:	06da      	lsls	r2, r3, #27
20003c90:	d53c      	bpl.n	20003d0c <_ntoa_format+0xec>
20003c92:	055a      	lsls	r2, r3, #21
20003c94:	d42e      	bmi.n	20003cf4 <_ntoa_format+0xd4>
20003c96:	2c00      	cmp	r4, #0
20003c98:	d128      	bne.n	20003cec <_ntoa_format+0xcc>
20003c9a:	9a0f      	ldr	r2, [sp, #60]	@ 0x3c
20003c9c:	2a10      	cmp	r2, #16
20003c9e:	d100      	bne.n	20003ca2 <_ntoa_format+0x82>
20003ca0:	e0b6      	b.n	20003e10 <_ntoa_format+0x1f0>
20003ca2:	2a02      	cmp	r2, #2
20003ca4:	d100      	bne.n	20003ca8 <_ntoa_format+0x88>
20003ca6:	e0bc      	b.n	20003e22 <_ntoa_format+0x202>
20003ca8:	2230      	movs	r2, #48	@ 0x30
20003caa:	9c0c      	ldr	r4, [sp, #48]	@ 0x30
20003cac:	7022      	strb	r2, [r4, #0]
20003cae:	2401      	movs	r4, #1
20003cb0:	464a      	mov	r2, r9
20003cb2:	2a00      	cmp	r2, #0
20003cb4:	d165      	bne.n	20003d82 <_ntoa_format+0x162>
20003cb6:	075a      	lsls	r2, r3, #29
20003cb8:	d400      	bmi.n	20003cbc <_ntoa_format+0x9c>
20003cba:	e099      	b.n	20003df0 <_ntoa_format+0x1d0>
20003cbc:	222b      	movs	r2, #43	@ 0x2b
20003cbe:	9d0c      	ldr	r5, [sp, #48]	@ 0x30
20003cc0:	552a      	strb	r2, [r5, r4]
20003cc2:	3401      	adds	r4, #1
20003cc4:	9303      	str	r3, [sp, #12]
20003cc6:	9b0c      	ldr	r3, [sp, #48]	@ 0x30
20003cc8:	4662      	mov	r2, ip
20003cca:	9300      	str	r3, [sp, #0]
20003ccc:	9602      	str	r6, [sp, #8]
20003cce:	4643      	mov	r3, r8
20003cd0:	9401      	str	r4, [sp, #4]
20003cd2:	f7ff ff4f 	bl	20003b74 <_out_rev>
20003cd6:	b004      	add	sp, #16
20003cd8:	bce0      	pop	{r5, r6, r7}
20003cda:	46ba      	mov	sl, r7
20003cdc:	46b1      	mov	r9, r6
20003cde:	46a8      	mov	r8, r5
20003ce0:	bdf0      	pop	{r4, r5, r6, r7, pc}
20003ce2:	2420      	movs	r4, #32
20003ce4:	06da      	lsls	r2, r3, #27
20003ce6:	d5ed      	bpl.n	20003cc4 <_ntoa_format+0xa4>
20003ce8:	055a      	lsls	r2, r3, #21
20003cea:	d403      	bmi.n	20003cf4 <_ntoa_format+0xd4>
20003cec:	42a7      	cmp	r7, r4
20003cee:	d066      	beq.n	20003dbe <_ntoa_format+0x19e>
20003cf0:	42b4      	cmp	r4, r6
20003cf2:	d064      	beq.n	20003dbe <_ntoa_format+0x19e>
20003cf4:	9a0f      	ldr	r2, [sp, #60]	@ 0x3c
20003cf6:	2a10      	cmp	r2, #16
20003cf8:	d071      	beq.n	20003dde <_ntoa_format+0x1be>
20003cfa:	2a02      	cmp	r2, #2
20003cfc:	d057      	beq.n	20003dae <_ntoa_format+0x18e>
20003cfe:	2c20      	cmp	r4, #32
20003d00:	d0e0      	beq.n	20003cc4 <_ntoa_format+0xa4>
20003d02:	0022      	movs	r2, r4
20003d04:	3401      	adds	r4, #1
20003d06:	2530      	movs	r5, #48	@ 0x30
20003d08:	9f0c      	ldr	r7, [sp, #48]	@ 0x30
20003d0a:	54bd      	strb	r5, [r7, r2]
20003d0c:	2c20      	cmp	r4, #32
20003d0e:	d0d9      	beq.n	20003cc4 <_ntoa_format+0xa4>
20003d10:	e7ce      	b.n	20003cb0 <_ntoa_format+0x90>
20003d12:	2201      	movs	r2, #1
20003d14:	0015      	movs	r5, r2
20003d16:	401d      	ands	r5, r3
20003d18:	46aa      	mov	sl, r5
20003d1a:	421a      	tst	r2, r3
20003d1c:	d036      	beq.n	20003d8c <_ntoa_format+0x16c>
20003d1e:	464a      	mov	r2, r9
20003d20:	2a00      	cmp	r2, #0
20003d22:	d14a      	bne.n	20003dba <_ntoa_format+0x19a>
20003d24:	320c      	adds	r2, #12
20003d26:	421a      	tst	r2, r3
20003d28:	d147      	bne.n	20003dba <_ntoa_format+0x19a>
20003d2a:	42bc      	cmp	r4, r7
20003d2c:	d2a1      	bcs.n	20003c72 <_ntoa_format+0x52>
20003d2e:	2c20      	cmp	r4, #32
20003d30:	d191      	bne.n	20003c56 <_ntoa_format+0x36>
20003d32:	2e20      	cmp	r6, #32
20003d34:	d817      	bhi.n	20003d66 <_ntoa_format+0x146>
20003d36:	2420      	movs	r4, #32
20003d38:	06da      	lsls	r2, r3, #27
20003d3a:	d5c3      	bpl.n	20003cc4 <_ntoa_format+0xa4>
20003d3c:	055a      	lsls	r2, r3, #21
20003d3e:	d41b      	bmi.n	20003d78 <_ntoa_format+0x158>
20003d40:	2f20      	cmp	r7, #32
20003d42:	d001      	beq.n	20003d48 <_ntoa_format+0x128>
20003d44:	2e20      	cmp	r6, #32
20003d46:	d1d5      	bne.n	20003cf4 <_ntoa_format+0xd4>
20003d48:	221f      	movs	r2, #31
20003d4a:	9d0f      	ldr	r5, [sp, #60]	@ 0x3c
20003d4c:	2d10      	cmp	r5, #16
20003d4e:	d06f      	beq.n	20003e30 <_ntoa_format+0x210>
20003d50:	2d02      	cmp	r5, #2
20003d52:	d1d8      	bne.n	20003d06 <_ntoa_format+0xe6>
20003d54:	2562      	movs	r5, #98	@ 0x62
20003d56:	9f0c      	ldr	r7, [sp, #48]	@ 0x30
20003d58:	54bd      	strb	r5, [r7, r2]
20003d5a:	e7d0      	b.n	20003cfe <_ntoa_format+0xde>
20003d5c:	4652      	mov	r2, sl
20003d5e:	2a00      	cmp	r2, #0
20003d60:	d079      	beq.n	20003e56 <_ntoa_format+0x236>
20003d62:	2e20      	cmp	r6, #32
20003d64:	d9bd      	bls.n	20003ce2 <_ntoa_format+0xc2>
20003d66:	2420      	movs	r4, #32
20003d68:	06da      	lsls	r2, r3, #27
20003d6a:	d5ab      	bpl.n	20003cc4 <_ntoa_format+0xa4>
20003d6c:	055a      	lsls	r2, r3, #21
20003d6e:	d403      	bmi.n	20003d78 <_ntoa_format+0x158>
20003d70:	2f20      	cmp	r7, #32
20003d72:	d0e9      	beq.n	20003d48 <_ntoa_format+0x128>
20003d74:	2e20      	cmp	r6, #32
20003d76:	d0e7      	beq.n	20003d48 <_ntoa_format+0x128>
20003d78:	9a0f      	ldr	r2, [sp, #60]	@ 0x3c
20003d7a:	2a10      	cmp	r2, #16
20003d7c:	d1a2      	bne.n	20003cc4 <_ntoa_format+0xa4>
20003d7e:	2420      	movs	r4, #32
20003d80:	e7a0      	b.n	20003cc4 <_ntoa_format+0xa4>
20003d82:	222d      	movs	r2, #45	@ 0x2d
20003d84:	9d0c      	ldr	r5, [sp, #48]	@ 0x30
20003d86:	552a      	strb	r2, [r5, r4]
20003d88:	3401      	adds	r4, #1
20003d8a:	e79b      	b.n	20003cc4 <_ntoa_format+0xa4>
20003d8c:	42bc      	cmp	r4, r7
20003d8e:	d300      	bcc.n	20003d92 <_ntoa_format+0x172>
20003d90:	e77d      	b.n	20003c8e <_ntoa_format+0x6e>
20003d92:	2c20      	cmp	r4, #32
20003d94:	d000      	beq.n	20003d98 <_ntoa_format+0x178>
20003d96:	e75e      	b.n	20003c56 <_ntoa_format+0x36>
20003d98:	06da      	lsls	r2, r3, #27
20003d9a:	d5f0      	bpl.n	20003d7e <_ntoa_format+0x15e>
20003d9c:	055a      	lsls	r2, r3, #21
20003d9e:	d4ee      	bmi.n	20003d7e <_ntoa_format+0x15e>
20003da0:	2f20      	cmp	r7, #32
20003da2:	d062      	beq.n	20003e6a <_ntoa_format+0x24a>
20003da4:	2e20      	cmp	r6, #32
20003da6:	d1ea      	bne.n	20003d7e <_ntoa_format+0x15e>
20003da8:	0034      	movs	r4, r6
20003daa:	221f      	movs	r2, #31
20003dac:	e7cd      	b.n	20003d4a <_ntoa_format+0x12a>
20003dae:	2c20      	cmp	r4, #32
20003db0:	d100      	bne.n	20003db4 <_ntoa_format+0x194>
20003db2:	e787      	b.n	20003cc4 <_ntoa_format+0xa4>
20003db4:	0022      	movs	r2, r4
20003db6:	3401      	adds	r4, #1
20003db8:	e7cc      	b.n	20003d54 <_ntoa_format+0x134>
20003dba:	3e01      	subs	r6, #1
20003dbc:	e7b5      	b.n	20003d2a <_ntoa_format+0x10a>
20003dbe:	1e62      	subs	r2, r4, #1
20003dc0:	2c01      	cmp	r4, #1
20003dc2:	d1c2      	bne.n	20003d4a <_ntoa_format+0x12a>
20003dc4:	9a0f      	ldr	r2, [sp, #60]	@ 0x3c
20003dc6:	2a10      	cmp	r2, #16
20003dc8:	d000      	beq.n	20003dcc <_ntoa_format+0x1ac>
20003dca:	e76a      	b.n	20003ca2 <_ntoa_format+0x82>
20003dcc:	069a      	lsls	r2, r3, #26
20003dce:	d53b      	bpl.n	20003e48 <_ntoa_format+0x228>
20003dd0:	2258      	movs	r2, #88	@ 0x58
20003dd2:	9c0c      	ldr	r4, [sp, #48]	@ 0x30
20003dd4:	7022      	strb	r2, [r4, #0]
20003dd6:	3a28      	subs	r2, #40	@ 0x28
20003dd8:	7062      	strb	r2, [r4, #1]
20003dda:	2402      	movs	r4, #2
20003ddc:	e768      	b.n	20003cb0 <_ntoa_format+0x90>
20003dde:	069a      	lsls	r2, r3, #26
20003de0:	d40e      	bmi.n	20003e00 <_ntoa_format+0x1e0>
20003de2:	2c20      	cmp	r4, #32
20003de4:	d0cb      	beq.n	20003d7e <_ntoa_format+0x15e>
20003de6:	2278      	movs	r2, #120	@ 0x78
20003de8:	9d0c      	ldr	r5, [sp, #48]	@ 0x30
20003dea:	552a      	strb	r2, [r5, r4]
20003dec:	3401      	adds	r4, #1
20003dee:	e786      	b.n	20003cfe <_ntoa_format+0xde>
20003df0:	071a      	lsls	r2, r3, #28
20003df2:	d400      	bmi.n	20003df6 <_ntoa_format+0x1d6>
20003df4:	e766      	b.n	20003cc4 <_ntoa_format+0xa4>
20003df6:	2220      	movs	r2, #32
20003df8:	9d0c      	ldr	r5, [sp, #48]	@ 0x30
20003dfa:	552a      	strb	r2, [r5, r4]
20003dfc:	3401      	adds	r4, #1
20003dfe:	e761      	b.n	20003cc4 <_ntoa_format+0xa4>
20003e00:	2c20      	cmp	r4, #32
20003e02:	d0bc      	beq.n	20003d7e <_ntoa_format+0x15e>
20003e04:	2558      	movs	r5, #88	@ 0x58
20003e06:	9a0c      	ldr	r2, [sp, #48]	@ 0x30
20003e08:	1912      	adds	r2, r2, r4
20003e0a:	7015      	strb	r5, [r2, #0]
20003e0c:	3401      	adds	r4, #1
20003e0e:	e776      	b.n	20003cfe <_ntoa_format+0xde>
20003e10:	069a      	lsls	r2, r3, #26
20003e12:	d508      	bpl.n	20003e26 <_ntoa_format+0x206>
20003e14:	2258      	movs	r2, #88	@ 0x58
20003e16:	9c0c      	ldr	r4, [sp, #48]	@ 0x30
20003e18:	7022      	strb	r2, [r4, #0]
20003e1a:	2230      	movs	r2, #48	@ 0x30
20003e1c:	7062      	strb	r2, [r4, #1]
20003e1e:	2402      	movs	r4, #2
20003e20:	e746      	b.n	20003cb0 <_ntoa_format+0x90>
20003e22:	3260      	adds	r2, #96	@ 0x60
20003e24:	e7f7      	b.n	20003e16 <_ntoa_format+0x1f6>
20003e26:	2278      	movs	r2, #120	@ 0x78
20003e28:	e7f5      	b.n	20003e16 <_ntoa_format+0x1f6>
20003e2a:	2a00      	cmp	r2, #0
20003e2c:	d183      	bne.n	20003d36 <_ntoa_format+0x116>
20003e2e:	e7b3      	b.n	20003d98 <_ntoa_format+0x178>
20003e30:	1ea2      	subs	r2, r4, #2
20003e32:	3c01      	subs	r4, #1
20003e34:	069d      	lsls	r5, r3, #26
20003e36:	d403      	bmi.n	20003e40 <_ntoa_format+0x220>
20003e38:	2578      	movs	r5, #120	@ 0x78
20003e3a:	9f0c      	ldr	r7, [sp, #48]	@ 0x30
20003e3c:	54bd      	strb	r5, [r7, r2]
20003e3e:	e760      	b.n	20003d02 <_ntoa_format+0xe2>
20003e40:	2558      	movs	r5, #88	@ 0x58
20003e42:	9f0c      	ldr	r7, [sp, #48]	@ 0x30
20003e44:	54bd      	strb	r5, [r7, r2]
20003e46:	e75c      	b.n	20003d02 <_ntoa_format+0xe2>
20003e48:	2278      	movs	r2, #120	@ 0x78
20003e4a:	9c0c      	ldr	r4, [sp, #48]	@ 0x30
20003e4c:	7022      	strb	r2, [r4, #0]
20003e4e:	3a48      	subs	r2, #72	@ 0x48
20003e50:	7062      	strb	r2, [r4, #1]
20003e52:	2402      	movs	r4, #2
20003e54:	e72c      	b.n	20003cb0 <_ntoa_format+0x90>
20003e56:	06da      	lsls	r2, r3, #27
20003e58:	d400      	bmi.n	20003e5c <_ntoa_format+0x23c>
20003e5a:	e733      	b.n	20003cc4 <_ntoa_format+0xa4>
20003e5c:	055a      	lsls	r2, r3, #21
20003e5e:	d48b      	bmi.n	20003d78 <_ntoa_format+0x158>
20003e60:	2f20      	cmp	r7, #32
20003e62:	d000      	beq.n	20003e66 <_ntoa_format+0x246>
20003e64:	e744      	b.n	20003cf0 <_ntoa_format+0xd0>
20003e66:	221f      	movs	r2, #31
20003e68:	e76f      	b.n	20003d4a <_ntoa_format+0x12a>
20003e6a:	003c      	movs	r4, r7
20003e6c:	221f      	movs	r2, #31
20003e6e:	e76c      	b.n	20003d4a <_ntoa_format+0x12a>

20003e70 <_out_char>:
20003e70:	b510      	push	{r4, lr}
20003e72:	2800      	cmp	r0, #0
20003e74:	d100      	bne.n	20003e78 <_out_char+0x8>
20003e76:	bd10      	pop	{r4, pc}
20003e78:	f001 fb64 	bl	20005544 <__wrap_putchar>
20003e7c:	e7fb      	b.n	20003e76 <_out_char+0x6>
20003e7e:	46c0      	nop			@ (mov r8, r8)

20003e80 <_etoa>:
20003e80:	b5f0      	push	{r4, r5, r6, r7, lr}
20003e82:	4657      	mov	r7, sl
20003e84:	464e      	mov	r6, r9
20003e86:	4645      	mov	r5, r8
20003e88:	46de      	mov	lr, fp
20003e8a:	b5e0      	push	{r5, r6, r7, lr}
20003e8c:	b099      	sub	sp, #100	@ 0x64
20003e8e:	4682      	mov	sl, r0
20003e90:	4689      	mov	r9, r1
20003e92:	4690      	mov	r8, r2
20003e94:	9308      	str	r3, [sp, #32]
20003e96:	9a22      	ldr	r2, [sp, #136]	@ 0x88
20003e98:	9b23      	ldr	r3, [sp, #140]	@ 0x8c
20003e9a:	0010      	movs	r0, r2
20003e9c:	0019      	movs	r1, r3
20003e9e:	f7ff f990 	bl	200031c2 <__wrap___aeabi_dcmpun>
20003ea2:	2800      	cmp	r0, #0
20003ea4:	d000      	beq.n	20003ea8 <_etoa+0x28>
20003ea6:	e0cd      	b.n	20004044 <_etoa+0x1c4>
20003ea8:	9822      	ldr	r0, [sp, #136]	@ 0x88
20003eaa:	9923      	ldr	r1, [sp, #140]	@ 0x8c
20003eac:	2201      	movs	r2, #1
20003eae:	4bd9      	ldr	r3, [pc, #868]	@ (20004214 <_etoa+0x394>)
20003eb0:	4252      	negs	r2, r2
20003eb2:	f7ff f981 	bl	200031b8 <__wrap___aeabi_dcmpgt>
20003eb6:	2800      	cmp	r0, #0
20003eb8:	d000      	beq.n	20003ebc <_etoa+0x3c>
20003eba:	e0c3      	b.n	20004044 <_etoa+0x1c4>
20003ebc:	9822      	ldr	r0, [sp, #136]	@ 0x88
20003ebe:	9923      	ldr	r1, [sp, #140]	@ 0x8c
20003ec0:	2201      	movs	r2, #1
20003ec2:	4bd5      	ldr	r3, [pc, #852]	@ (20004218 <_etoa+0x398>)
20003ec4:	4252      	negs	r2, r2
20003ec6:	f7ff f961 	bl	2000318c <__wrap___aeabi_dcmplt>
20003eca:	2800      	cmp	r0, #0
20003ecc:	d000      	beq.n	20003ed0 <_etoa+0x50>
20003ece:	e0b9      	b.n	20004044 <_etoa+0x1c4>
20003ed0:	9822      	ldr	r0, [sp, #136]	@ 0x88
20003ed2:	9923      	ldr	r1, [sp, #140]	@ 0x8c
20003ed4:	2200      	movs	r2, #0
20003ed6:	2300      	movs	r3, #0
20003ed8:	f7ff f958 	bl	2000318c <__wrap___aeabi_dcmplt>
20003edc:	2800      	cmp	r0, #0
20003ede:	d000      	beq.n	20003ee2 <_etoa+0x62>
20003ee0:	e1f1      	b.n	200042c6 <_etoa+0x446>
20003ee2:	9e22      	ldr	r6, [sp, #136]	@ 0x88
20003ee4:	9f23      	ldr	r7, [sp, #140]	@ 0x8c
20003ee6:	2380      	movs	r3, #128	@ 0x80
20003ee8:	9a26      	ldr	r2, [sp, #152]	@ 0x98
20003eea:	00db      	lsls	r3, r3, #3
20003eec:	401a      	ands	r2, r3
20003eee:	920d      	str	r2, [sp, #52]	@ 0x34
20003ef0:	9a26      	ldr	r2, [sp, #152]	@ 0x98
20003ef2:	421a      	tst	r2, r3
20003ef4:	d101      	bne.n	20003efa <_etoa+0x7a>
20003ef6:	2306      	movs	r3, #6
20003ef8:	9324      	str	r3, [sp, #144]	@ 0x90
20003efa:	2380      	movs	r3, #128	@ 0x80
20003efc:	9a26      	ldr	r2, [sp, #152]	@ 0x98
20003efe:	011b      	lsls	r3, r3, #4
20003f00:	401a      	ands	r2, r3
20003f02:	003b      	movs	r3, r7
20003f04:	4693      	mov	fp, r2
20003f06:	9609      	str	r6, [sp, #36]	@ 0x24
20003f08:	4333      	orrs	r3, r6
20003f0a:	d000      	beq.n	20003f0e <_etoa+0x8e>
20003f0c:	e0b3      	b.n	20004076 <_etoa+0x1f6>
20003f0e:	2a00      	cmp	r2, #0
20003f10:	d000      	beq.n	20003f14 <_etoa+0x94>
20003f12:	e1c2      	b.n	2000429a <_etoa+0x41a>
20003f14:	2300      	movs	r3, #0
20003f16:	2400      	movs	r4, #0
20003f18:	930a      	str	r3, [sp, #40]	@ 0x28
20003f1a:	940b      	str	r4, [sp, #44]	@ 0x2c
20003f1c:	2300      	movs	r3, #0
20003f1e:	2504      	movs	r5, #4
20003f20:	9309      	str	r3, [sp, #36]	@ 0x24
20003f22:	9b25      	ldr	r3, [sp, #148]	@ 0x94
20003f24:	2400      	movs	r4, #0
20003f26:	42ab      	cmp	r3, r5
20003f28:	d900      	bls.n	20003f2c <_etoa+0xac>
20003f2a:	1b5c      	subs	r4, r3, r5
20003f2c:	2302      	movs	r3, #2
20003f2e:	9a26      	ldr	r2, [sp, #152]	@ 0x98
20003f30:	401a      	ands	r2, r3
20003f32:	920c      	str	r2, [sp, #48]	@ 0x30
20003f34:	9a26      	ldr	r2, [sp, #152]	@ 0x98
20003f36:	4213      	tst	r3, r2
20003f38:	d003      	beq.n	20003f42 <_etoa+0xc2>
20003f3a:	426b      	negs	r3, r5
20003f3c:	416b      	adcs	r3, r5
20003f3e:	425b      	negs	r3, r3
20003f40:	401c      	ands	r4, r3
20003f42:	9b09      	ldr	r3, [sp, #36]	@ 0x24
20003f44:	2b00      	cmp	r3, #0
20003f46:	d007      	beq.n	20003f58 <_etoa+0xd8>
20003f48:	9a0a      	ldr	r2, [sp, #40]	@ 0x28
20003f4a:	9b0b      	ldr	r3, [sp, #44]	@ 0x2c
20003f4c:	0030      	movs	r0, r6
20003f4e:	0039      	movs	r1, r7
20003f50:	f7ff f8b3 	bl	200030ba <__wrap___aeabi_ddiv>
20003f54:	0006      	movs	r6, r0
20003f56:	000f      	movs	r7, r1
20003f58:	9822      	ldr	r0, [sp, #136]	@ 0x88
20003f5a:	9923      	ldr	r1, [sp, #140]	@ 0x8c
20003f5c:	2200      	movs	r2, #0
20003f5e:	2300      	movs	r3, #0
20003f60:	f7ff f914 	bl	2000318c <__wrap___aeabi_dcmplt>
20003f64:	2800      	cmp	r0, #0
20003f66:	d003      	beq.n	20003f70 <_etoa+0xf0>
20003f68:	2180      	movs	r1, #128	@ 0x80
20003f6a:	0609      	lsls	r1, r1, #24
20003f6c:	187b      	adds	r3, r7, r1
20003f6e:	001f      	movs	r7, r3
20003f70:	9a26      	ldr	r2, [sp, #152]	@ 0x98
20003f72:	4baa      	ldr	r3, [pc, #680]	@ (2000421c <_etoa+0x39c>)
20003f74:	9600      	str	r6, [sp, #0]
20003f76:	9701      	str	r7, [sp, #4]
20003f78:	4013      	ands	r3, r2
20003f7a:	9e08      	ldr	r6, [sp, #32]
20003f7c:	9304      	str	r3, [sp, #16]
20003f7e:	9b24      	ldr	r3, [sp, #144]	@ 0x90
20003f80:	9403      	str	r4, [sp, #12]
20003f82:	9302      	str	r3, [sp, #8]
20003f84:	4642      	mov	r2, r8
20003f86:	0033      	movs	r3, r6
20003f88:	4649      	mov	r1, r9
20003f8a:	4650      	mov	r0, sl
20003f8c:	f000 f9aa 	bl	200042e4 <_ftoa>
20003f90:	0004      	movs	r4, r0
20003f92:	2d00      	cmp	r5, #0
20003f94:	d067      	beq.n	20004066 <_etoa+0x1e6>
20003f96:	2020      	movs	r0, #32
20003f98:	9a26      	ldr	r2, [sp, #152]	@ 0x98
20003f9a:	4649      	mov	r1, r9
20003f9c:	4002      	ands	r2, r0
20003f9e:	0013      	movs	r3, r2
20003fa0:	425a      	negs	r2, r3
20003fa2:	4153      	adcs	r3, r2
20003fa4:	425b      	negs	r3, r3
20003fa6:	1c62      	adds	r2, r4, #1
20003fa8:	4018      	ands	r0, r3
20003faa:	920a      	str	r2, [sp, #40]	@ 0x28
20003fac:	0033      	movs	r3, r6
20003fae:	0022      	movs	r2, r4
20003fb0:	3045      	adds	r0, #69	@ 0x45
20003fb2:	47d0      	blx	sl
20003fb4:	9a09      	ldr	r2, [sp, #36]	@ 0x24
20003fb6:	1e6f      	subs	r7, r5, #1
20003fb8:	17d3      	asrs	r3, r2, #31
20003fba:	18d4      	adds	r4, r2, r3
20003fbc:	405c      	eors	r4, r3
20003fbe:	0fd3      	lsrs	r3, r2, #31
20003fc0:	469b      	mov	fp, r3
20003fc2:	2500      	movs	r5, #0
20003fc4:	e001      	b.n	20003fca <_etoa+0x14a>
20003fc6:	2d20      	cmp	r5, #32
20003fc8:	d013      	beq.n	20003ff2 <_etoa+0x172>
20003fca:	aa08      	add	r2, sp, #32
20003fcc:	4694      	mov	ip, r2
20003fce:	231f      	movs	r3, #31
20003fd0:	0020      	movs	r0, r4
20003fd2:	4463      	add	r3, ip
20003fd4:	210a      	movs	r1, #10
20003fd6:	3501      	adds	r5, #1
20003fd8:	195e      	adds	r6, r3, r5
20003fda:	f7fe fe21 	bl	20002c20 <__wrap___aeabi_uidiv>
20003fde:	3130      	adds	r1, #48	@ 0x30
20003fe0:	7031      	strb	r1, [r6, #0]
20003fe2:	0020      	movs	r0, r4
20003fe4:	210a      	movs	r1, #10
20003fe6:	f7fe fe1b 	bl	20002c20 <__wrap___aeabi_uidiv>
20003fea:	0026      	movs	r6, r4
20003fec:	0004      	movs	r4, r0
20003fee:	2e09      	cmp	r6, #9
20003ff0:	d8e9      	bhi.n	20003fc6 <_etoa+0x146>
20003ff2:	2305      	movs	r3, #5
20003ff4:	9306      	str	r3, [sp, #24]
20003ff6:	2300      	movs	r3, #0
20003ff8:	9304      	str	r3, [sp, #16]
20003ffa:	330a      	adds	r3, #10
20003ffc:	9303      	str	r3, [sp, #12]
20003ffe:	465b      	mov	r3, fp
20004000:	9e08      	ldr	r6, [sp, #32]
20004002:	9302      	str	r3, [sp, #8]
20004004:	ab10      	add	r3, sp, #64	@ 0x40
20004006:	9a0a      	ldr	r2, [sp, #40]	@ 0x28
20004008:	9300      	str	r3, [sp, #0]
2000400a:	4649      	mov	r1, r9
2000400c:	0033      	movs	r3, r6
2000400e:	4650      	mov	r0, sl
20004010:	9705      	str	r7, [sp, #20]
20004012:	9501      	str	r5, [sp, #4]
20004014:	f7ff fe04 	bl	20003c20 <_ntoa_format>
20004018:	9a0c      	ldr	r2, [sp, #48]	@ 0x30
2000401a:	0004      	movs	r4, r0
2000401c:	2a00      	cmp	r2, #0
2000401e:	d022      	beq.n	20004066 <_etoa+0x1e6>
20004020:	4642      	mov	r2, r8
20004022:	1a85      	subs	r5, r0, r2
20004024:	9a25      	ldr	r2, [sp, #148]	@ 0x94
20004026:	42aa      	cmp	r2, r5
20004028:	d91d      	bls.n	20004066 <_etoa+0x1e6>
2000402a:	46b0      	mov	r8, r6
2000402c:	4657      	mov	r7, sl
2000402e:	0016      	movs	r6, r2
20004030:	0022      	movs	r2, r4
20004032:	4643      	mov	r3, r8
20004034:	4649      	mov	r1, r9
20004036:	2020      	movs	r0, #32
20004038:	3501      	adds	r5, #1
2000403a:	47b8      	blx	r7
2000403c:	3401      	adds	r4, #1
2000403e:	42ae      	cmp	r6, r5
20004040:	d8f6      	bhi.n	20004030 <_etoa+0x1b0>
20004042:	e010      	b.n	20004066 <_etoa+0x1e6>
20004044:	9b26      	ldr	r3, [sp, #152]	@ 0x98
20004046:	4642      	mov	r2, r8
20004048:	9304      	str	r3, [sp, #16]
2000404a:	9b25      	ldr	r3, [sp, #148]	@ 0x94
2000404c:	4649      	mov	r1, r9
2000404e:	9303      	str	r3, [sp, #12]
20004050:	9b24      	ldr	r3, [sp, #144]	@ 0x90
20004052:	4650      	mov	r0, sl
20004054:	9302      	str	r3, [sp, #8]
20004056:	9b22      	ldr	r3, [sp, #136]	@ 0x88
20004058:	9c23      	ldr	r4, [sp, #140]	@ 0x8c
2000405a:	9300      	str	r3, [sp, #0]
2000405c:	9401      	str	r4, [sp, #4]
2000405e:	9b08      	ldr	r3, [sp, #32]
20004060:	f000 f940 	bl	200042e4 <_ftoa>
20004064:	0004      	movs	r4, r0
20004066:	0020      	movs	r0, r4
20004068:	b019      	add	sp, #100	@ 0x64
2000406a:	bcf0      	pop	{r4, r5, r6, r7}
2000406c:	46bb      	mov	fp, r7
2000406e:	46b2      	mov	sl, r6
20004070:	46a9      	mov	r9, r5
20004072:	46a0      	mov	r8, r4
20004074:	bdf0      	pop	{r4, r5, r6, r7, pc}
20004076:	4b6a      	ldr	r3, [pc, #424]	@ (20004220 <_etoa+0x3a0>)
20004078:	0078      	lsls	r0, r7, #1
2000407a:	469c      	mov	ip, r3
2000407c:	0d40      	lsrs	r0, r0, #21
2000407e:	4460      	add	r0, ip
20004080:	f7ff f8b0 	bl	200031e4 <__wrap___aeabi_i2d>
20004084:	4a67      	ldr	r2, [pc, #412]	@ (20004224 <_etoa+0x3a4>)
20004086:	4b68      	ldr	r3, [pc, #416]	@ (20004228 <_etoa+0x3a8>)
20004088:	f7ff f835 	bl	200030f6 <__wrap___aeabi_dmul>
2000408c:	4a67      	ldr	r2, [pc, #412]	@ (2000422c <_etoa+0x3ac>)
2000408e:	4b68      	ldr	r3, [pc, #416]	@ (20004230 <_etoa+0x3b0>)
20004090:	f7ff f80a 	bl	200030a8 <__wrap___aeabi_dadd>
20004094:	4a67      	ldr	r2, [pc, #412]	@ (20004234 <_etoa+0x3b4>)
20004096:	033b      	lsls	r3, r7, #12
20004098:	0b1b      	lsrs	r3, r3, #12
2000409a:	431a      	orrs	r2, r3
2000409c:	0004      	movs	r4, r0
2000409e:	000d      	movs	r5, r1
200040a0:	9809      	ldr	r0, [sp, #36]	@ 0x24
200040a2:	0011      	movs	r1, r2
200040a4:	4b64      	ldr	r3, [pc, #400]	@ (20004238 <_etoa+0x3b8>)
200040a6:	2200      	movs	r2, #0
200040a8:	f7fe fff5 	bl	20003096 <__wrap___aeabi_dsub>
200040ac:	4a63      	ldr	r2, [pc, #396]	@ (2000423c <_etoa+0x3bc>)
200040ae:	4b64      	ldr	r3, [pc, #400]	@ (20004240 <_etoa+0x3c0>)
200040b0:	f7ff f821 	bl	200030f6 <__wrap___aeabi_dmul>
200040b4:	0002      	movs	r2, r0
200040b6:	000b      	movs	r3, r1
200040b8:	0020      	movs	r0, r4
200040ba:	0029      	movs	r1, r5
200040bc:	f7fe fff4 	bl	200030a8 <__wrap___aeabi_dadd>
200040c0:	f7ff f8a8 	bl	20003214 <__wrap___aeabi_d2iz>
200040c4:	9009      	str	r0, [sp, #36]	@ 0x24
200040c6:	f7ff f88d 	bl	200031e4 <__wrap___aeabi_i2d>
200040ca:	4a5e      	ldr	r2, [pc, #376]	@ (20004244 <_etoa+0x3c4>)
200040cc:	4b5e      	ldr	r3, [pc, #376]	@ (20004248 <_etoa+0x3c8>)
200040ce:	0004      	movs	r4, r0
200040d0:	000d      	movs	r5, r1
200040d2:	f7ff f810 	bl	200030f6 <__wrap___aeabi_dmul>
200040d6:	2200      	movs	r2, #0
200040d8:	4b5c      	ldr	r3, [pc, #368]	@ (2000424c <_etoa+0x3cc>)
200040da:	f7fe ffe5 	bl	200030a8 <__wrap___aeabi_dadd>
200040de:	f7ff f899 	bl	20003214 <__wrap___aeabi_d2iz>
200040e2:	4a5b      	ldr	r2, [pc, #364]	@ (20004250 <_etoa+0x3d0>)
200040e4:	4b5b      	ldr	r3, [pc, #364]	@ (20004254 <_etoa+0x3d4>)
200040e6:	0029      	movs	r1, r5
200040e8:	900c      	str	r0, [sp, #48]	@ 0x30
200040ea:	0020      	movs	r0, r4
200040ec:	f7ff f803 	bl	200030f6 <__wrap___aeabi_dmul>
200040f0:	0004      	movs	r4, r0
200040f2:	980c      	ldr	r0, [sp, #48]	@ 0x30
200040f4:	000d      	movs	r5, r1
200040f6:	f7ff f875 	bl	200031e4 <__wrap___aeabi_i2d>
200040fa:	4a57      	ldr	r2, [pc, #348]	@ (20004258 <_etoa+0x3d8>)
200040fc:	4b57      	ldr	r3, [pc, #348]	@ (2000425c <_etoa+0x3dc>)
200040fe:	f7fe fffa 	bl	200030f6 <__wrap___aeabi_dmul>
20004102:	0002      	movs	r2, r0
20004104:	000b      	movs	r3, r1
20004106:	0020      	movs	r0, r4
20004108:	0029      	movs	r1, r5
2000410a:	f7fe ffc4 	bl	20003096 <__wrap___aeabi_dsub>
2000410e:	0004      	movs	r4, r0
20004110:	000d      	movs	r5, r1
20004112:	0002      	movs	r2, r0
20004114:	000b      	movs	r3, r1
20004116:	940a      	str	r4, [sp, #40]	@ 0x28
20004118:	950b      	str	r5, [sp, #44]	@ 0x2c
2000411a:	f7fe ffec 	bl	200030f6 <__wrap___aeabi_dmul>
2000411e:	0004      	movs	r4, r0
20004120:	000d      	movs	r5, r1
20004122:	980a      	ldr	r0, [sp, #40]	@ 0x28
20004124:	990b      	ldr	r1, [sp, #44]	@ 0x2c
20004126:	0002      	movs	r2, r0
20004128:	000b      	movs	r3, r1
2000412a:	f7fe ffbd 	bl	200030a8 <__wrap___aeabi_dadd>
2000412e:	2200      	movs	r2, #0
20004130:	900e      	str	r0, [sp, #56]	@ 0x38
20004132:	910f      	str	r1, [sp, #60]	@ 0x3c
20004134:	4b4a      	ldr	r3, [pc, #296]	@ (20004260 <_etoa+0x3e0>)
20004136:	0020      	movs	r0, r4
20004138:	0029      	movs	r1, r5
2000413a:	f7fe ffbe 	bl	200030ba <__wrap___aeabi_ddiv>
2000413e:	2200      	movs	r2, #0
20004140:	4b48      	ldr	r3, [pc, #288]	@ (20004264 <_etoa+0x3e4>)
20004142:	f7fe ffb1 	bl	200030a8 <__wrap___aeabi_dadd>
20004146:	0002      	movs	r2, r0
20004148:	000b      	movs	r3, r1
2000414a:	0020      	movs	r0, r4
2000414c:	0029      	movs	r1, r5
2000414e:	f7fe ffb4 	bl	200030ba <__wrap___aeabi_ddiv>
20004152:	2200      	movs	r2, #0
20004154:	4b44      	ldr	r3, [pc, #272]	@ (20004268 <_etoa+0x3e8>)
20004156:	f7fe ffa7 	bl	200030a8 <__wrap___aeabi_dadd>
2000415a:	0002      	movs	r2, r0
2000415c:	000b      	movs	r3, r1
2000415e:	0020      	movs	r0, r4
20004160:	0029      	movs	r1, r5
20004162:	f7fe ffaa 	bl	200030ba <__wrap___aeabi_ddiv>
20004166:	9a0a      	ldr	r2, [sp, #40]	@ 0x28
20004168:	9b0b      	ldr	r3, [sp, #44]	@ 0x2c
2000416a:	000d      	movs	r5, r1
2000416c:	2180      	movs	r1, #128	@ 0x80
2000416e:	0004      	movs	r4, r0
20004170:	05c9      	lsls	r1, r1, #23
20004172:	2000      	movs	r0, #0
20004174:	f7fe ff8f 	bl	20003096 <__wrap___aeabi_dsub>
20004178:	0002      	movs	r2, r0
2000417a:	000b      	movs	r3, r1
2000417c:	0020      	movs	r0, r4
2000417e:	0029      	movs	r1, r5
20004180:	f7fe ff92 	bl	200030a8 <__wrap___aeabi_dadd>
20004184:	0002      	movs	r2, r0
20004186:	000b      	movs	r3, r1
20004188:	980e      	ldr	r0, [sp, #56]	@ 0x38
2000418a:	990f      	ldr	r1, [sp, #60]	@ 0x3c
2000418c:	f7fe ff95 	bl	200030ba <__wrap___aeabi_ddiv>
20004190:	2200      	movs	r2, #0
20004192:	4b28      	ldr	r3, [pc, #160]	@ (20004234 <_etoa+0x3b4>)
20004194:	f7fe ff88 	bl	200030a8 <__wrap___aeabi_dadd>
20004198:	4b34      	ldr	r3, [pc, #208]	@ (2000426c <_etoa+0x3ec>)
2000419a:	9c0c      	ldr	r4, [sp, #48]	@ 0x30
2000419c:	469c      	mov	ip, r3
2000419e:	4464      	add	r4, ip
200041a0:	0523      	lsls	r3, r4, #20
200041a2:	2200      	movs	r2, #0
200041a4:	f7fe ffa7 	bl	200030f6 <__wrap___aeabi_dmul>
200041a8:	0004      	movs	r4, r0
200041aa:	000d      	movs	r5, r1
200041ac:	0002      	movs	r2, r0
200041ae:	000b      	movs	r3, r1
200041b0:	0030      	movs	r0, r6
200041b2:	0039      	movs	r1, r7
200041b4:	940a      	str	r4, [sp, #40]	@ 0x28
200041b6:	950b      	str	r5, [sp, #44]	@ 0x2c
200041b8:	f7fe ffe8 	bl	2000318c <__wrap___aeabi_dcmplt>
200041bc:	2800      	cmp	r0, #0
200041be:	d15d      	bne.n	2000427c <_etoa+0x3fc>
200041c0:	0023      	movs	r3, r4
200041c2:	002a      	movs	r2, r5
200041c4:	25c6      	movs	r5, #198	@ 0xc6
200041c6:	9909      	ldr	r1, [sp, #36]	@ 0x24
200041c8:	3163      	adds	r1, #99	@ 0x63
200041ca:	428d      	cmp	r5, r1
200041cc:	41ad      	sbcs	r5, r5
200041ce:	4659      	mov	r1, fp
200041d0:	426d      	negs	r5, r5
200041d2:	3504      	adds	r5, #4
200041d4:	2900      	cmp	r1, #0
200041d6:	d100      	bne.n	200041da <_etoa+0x35a>
200041d8:	e6a3      	b.n	20003f22 <_etoa+0xa2>
200041da:	4313      	orrs	r3, r2
200041dc:	d063      	beq.n	200042a6 <_etoa+0x426>
200041de:	0030      	movs	r0, r6
200041e0:	0039      	movs	r1, r7
200041e2:	4a23      	ldr	r2, [pc, #140]	@ (20004270 <_etoa+0x3f0>)
200041e4:	4b23      	ldr	r3, [pc, #140]	@ (20004274 <_etoa+0x3f4>)
200041e6:	f7fe ffdf 	bl	200031a8 <__wrap___aeabi_dcmpge>
200041ea:	2800      	cmp	r0, #0
200041ec:	d007      	beq.n	200041fe <_etoa+0x37e>
200041ee:	2200      	movs	r2, #0
200041f0:	0030      	movs	r0, r6
200041f2:	0039      	movs	r1, r7
200041f4:	4b20      	ldr	r3, [pc, #128]	@ (20004278 <_etoa+0x3f8>)
200041f6:	f7fe ffc9 	bl	2000318c <__wrap___aeabi_dcmplt>
200041fa:	2800      	cmp	r0, #0
200041fc:	d153      	bne.n	200042a6 <_etoa+0x426>
200041fe:	9b24      	ldr	r3, [sp, #144]	@ 0x90
20004200:	2b00      	cmp	r3, #0
20004202:	d100      	bne.n	20004206 <_etoa+0x386>
20004204:	e68d      	b.n	20003f22 <_etoa+0xa2>
20004206:	9b0d      	ldr	r3, [sp, #52]	@ 0x34
20004208:	1e5a      	subs	r2, r3, #1
2000420a:	4193      	sbcs	r3, r2
2000420c:	9a24      	ldr	r2, [sp, #144]	@ 0x90
2000420e:	1ad3      	subs	r3, r2, r3
20004210:	9324      	str	r3, [sp, #144]	@ 0x90
20004212:	e686      	b.n	20003f22 <_etoa+0xa2>
20004214:	7fefffff 	.word	0x7fefffff
20004218:	ffefffff 	.word	0xffefffff
2000421c:	fffff7ff 	.word	0xfffff7ff
20004220:	fffffc01 	.word	0xfffffc01
20004224:	509f79fb 	.word	0x509f79fb
20004228:	3fd34413 	.word	0x3fd34413
2000422c:	8b60c8b3 	.word	0x8b60c8b3
20004230:	3fc68a28 	.word	0x3fc68a28
20004234:	3ff00000 	.word	0x3ff00000
20004238:	3ff80000 	.word	0x3ff80000
2000423c:	636f4361 	.word	0x636f4361
20004240:	3fd287a7 	.word	0x3fd287a7
20004244:	0979a371 	.word	0x0979a371
20004248:	400a934f 	.word	0x400a934f
2000424c:	3fe00000 	.word	0x3fe00000
20004250:	bbb55516 	.word	0xbbb55516
20004254:	40026bb1 	.word	0x40026bb1
20004258:	fefa39ef 	.word	0xfefa39ef
2000425c:	3fe62e42 	.word	0x3fe62e42
20004260:	402c0000 	.word	0x402c0000
20004264:	40240000 	.word	0x40240000
20004268:	40180000 	.word	0x40180000
2000426c:	000003ff 	.word	0x000003ff
20004270:	eb1c432d 	.word	0xeb1c432d
20004274:	3f1a36e2 	.word	0x3f1a36e2
20004278:	412e8480 	.word	0x412e8480
2000427c:	9b09      	ldr	r3, [sp, #36]	@ 0x24
2000427e:	2200      	movs	r2, #0
20004280:	3b01      	subs	r3, #1
20004282:	9309      	str	r3, [sp, #36]	@ 0x24
20004284:	0020      	movs	r0, r4
20004286:	4b16      	ldr	r3, [pc, #88]	@ (200042e0 <_etoa+0x460>)
20004288:	0029      	movs	r1, r5
2000428a:	f7fe ff16 	bl	200030ba <__wrap___aeabi_ddiv>
2000428e:	000a      	movs	r2, r1
20004290:	0001      	movs	r1, r0
20004292:	0003      	movs	r3, r0
20004294:	910a      	str	r1, [sp, #40]	@ 0x28
20004296:	920b      	str	r2, [sp, #44]	@ 0x2c
20004298:	e794      	b.n	200041c4 <_etoa+0x344>
2000429a:	2300      	movs	r3, #0
2000429c:	2400      	movs	r4, #0
2000429e:	930a      	str	r3, [sp, #40]	@ 0x28
200042a0:	940b      	str	r4, [sp, #44]	@ 0x2c
200042a2:	2300      	movs	r3, #0
200042a4:	9309      	str	r3, [sp, #36]	@ 0x24
200042a6:	9a24      	ldr	r2, [sp, #144]	@ 0x90
200042a8:	9b09      	ldr	r3, [sp, #36]	@ 0x24
200042aa:	429a      	cmp	r2, r3
200042ac:	dd14      	ble.n	200042d8 <_etoa+0x458>
200042ae:	1ad3      	subs	r3, r2, r3
200042b0:	3b01      	subs	r3, #1
200042b2:	9324      	str	r3, [sp, #144]	@ 0x90
200042b4:	2380      	movs	r3, #128	@ 0x80
200042b6:	9a26      	ldr	r2, [sp, #152]	@ 0x98
200042b8:	00db      	lsls	r3, r3, #3
200042ba:	431a      	orrs	r2, r3
200042bc:	2300      	movs	r3, #0
200042be:	2500      	movs	r5, #0
200042c0:	9226      	str	r2, [sp, #152]	@ 0x98
200042c2:	9309      	str	r3, [sp, #36]	@ 0x24
200042c4:	e62d      	b.n	20003f22 <_etoa+0xa2>
200042c6:	2280      	movs	r2, #128	@ 0x80
200042c8:	0612      	lsls	r2, r2, #24
200042ca:	4694      	mov	ip, r2
200042cc:	9b22      	ldr	r3, [sp, #136]	@ 0x88
200042ce:	001e      	movs	r6, r3
200042d0:	9b23      	ldr	r3, [sp, #140]	@ 0x8c
200042d2:	4463      	add	r3, ip
200042d4:	001f      	movs	r7, r3
200042d6:	e606      	b.n	20003ee6 <_etoa+0x66>
200042d8:	2300      	movs	r3, #0
200042da:	9324      	str	r3, [sp, #144]	@ 0x90
200042dc:	e7ea      	b.n	200042b4 <_etoa+0x434>
200042de:	46c0      	nop			@ (mov r8, r8)
200042e0:	40240000 	.word	0x40240000

200042e4 <_ftoa>:
200042e4:	b5f0      	push	{r4, r5, r6, r7, lr}
200042e6:	4645      	mov	r5, r8
200042e8:	46de      	mov	lr, fp
200042ea:	464e      	mov	r6, r9
200042ec:	4657      	mov	r7, sl
200042ee:	b5e0      	push	{r5, r6, r7, lr}
200042f0:	b095      	sub	sp, #84	@ 0x54
200042f2:	468b      	mov	fp, r1
200042f4:	4690      	mov	r8, r2
200042f6:	4699      	mov	r9, r3
200042f8:	9a1e      	ldr	r2, [sp, #120]	@ 0x78
200042fa:	9b1f      	ldr	r3, [sp, #124]	@ 0x7c
200042fc:	900a      	str	r0, [sp, #40]	@ 0x28
200042fe:	0019      	movs	r1, r3
20004300:	0010      	movs	r0, r2
20004302:	9d20      	ldr	r5, [sp, #128]	@ 0x80
20004304:	f7fe ff5d 	bl	200031c2 <__wrap___aeabi_dcmpun>
20004308:	2800      	cmp	r0, #0
2000430a:	d000      	beq.n	2000430e <_ftoa+0x2a>
2000430c:	e1b0      	b.n	20004670 <_ftoa+0x38c>
2000430e:	981e      	ldr	r0, [sp, #120]	@ 0x78
20004310:	991f      	ldr	r1, [sp, #124]	@ 0x7c
20004312:	2201      	movs	r2, #1
20004314:	4bc7      	ldr	r3, [pc, #796]	@ (20004634 <_ftoa+0x350>)
20004316:	4252      	negs	r2, r2
20004318:	f7fe ff38 	bl	2000318c <__wrap___aeabi_dcmplt>
2000431c:	2800      	cmp	r0, #0
2000431e:	d000      	beq.n	20004322 <_ftoa+0x3e>
20004320:	e137      	b.n	20004592 <_ftoa+0x2ae>
20004322:	981e      	ldr	r0, [sp, #120]	@ 0x78
20004324:	991f      	ldr	r1, [sp, #124]	@ 0x7c
20004326:	2201      	movs	r2, #1
20004328:	4bc3      	ldr	r3, [pc, #780]	@ (20004638 <_ftoa+0x354>)
2000432a:	4252      	negs	r2, r2
2000432c:	f7fe ff44 	bl	200031b8 <__wrap___aeabi_dcmpgt>
20004330:	2800      	cmp	r0, #0
20004332:	d000      	beq.n	20004336 <_ftoa+0x52>
20004334:	e0a7      	b.n	20004486 <_ftoa+0x1a2>
20004336:	981e      	ldr	r0, [sp, #120]	@ 0x78
20004338:	991f      	ldr	r1, [sp, #124]	@ 0x7c
2000433a:	2200      	movs	r2, #0
2000433c:	4bbf      	ldr	r3, [pc, #764]	@ (2000463c <_ftoa+0x358>)
2000433e:	f7fe ff3b 	bl	200031b8 <__wrap___aeabi_dcmpgt>
20004342:	2800      	cmp	r0, #0
20004344:	d000      	beq.n	20004348 <_ftoa+0x64>
20004346:	e088      	b.n	2000445a <_ftoa+0x176>
20004348:	981e      	ldr	r0, [sp, #120]	@ 0x78
2000434a:	991f      	ldr	r1, [sp, #124]	@ 0x7c
2000434c:	2200      	movs	r2, #0
2000434e:	4bbc      	ldr	r3, [pc, #752]	@ (20004640 <_ftoa+0x35c>)
20004350:	f7fe ff1c 	bl	2000318c <__wrap___aeabi_dcmplt>
20004354:	2800      	cmp	r0, #0
20004356:	d000      	beq.n	2000435a <_ftoa+0x76>
20004358:	e07f      	b.n	2000445a <_ftoa+0x176>
2000435a:	981e      	ldr	r0, [sp, #120]	@ 0x78
2000435c:	991f      	ldr	r1, [sp, #124]	@ 0x7c
2000435e:	2200      	movs	r2, #0
20004360:	2300      	movs	r3, #0
20004362:	f7fe ff13 	bl	2000318c <__wrap___aeabi_dcmplt>
20004366:	2800      	cmp	r0, #0
20004368:	d000      	beq.n	2000436c <_ftoa+0x88>
2000436a:	e0fa      	b.n	20004562 <_ftoa+0x27e>
2000436c:	2300      	movs	r3, #0
2000436e:	930b      	str	r3, [sp, #44]	@ 0x2c
20004370:	2380      	movs	r3, #128	@ 0x80
20004372:	9c22      	ldr	r4, [sp, #136]	@ 0x88
20004374:	9a22      	ldr	r2, [sp, #136]	@ 0x88
20004376:	00db      	lsls	r3, r3, #3
20004378:	401c      	ands	r4, r3
2000437a:	421a      	tst	r2, r3
2000437c:	d100      	bne.n	20004380 <_ftoa+0x9c>
2000437e:	e102      	b.n	20004586 <_ftoa+0x2a2>
20004380:	2d09      	cmp	r5, #9
20004382:	d800      	bhi.n	20004386 <_ftoa+0xa2>
20004384:	e17c      	b.n	20004680 <_ftoa+0x39c>
20004386:	a906      	add	r1, sp, #24
20004388:	468c      	mov	ip, r1
2000438a:	002c      	movs	r4, r5
2000438c:	2217      	movs	r2, #23
2000438e:	2300      	movs	r3, #0
20004390:	2130      	movs	r1, #48	@ 0x30
20004392:	3c09      	subs	r4, #9
20004394:	4462      	add	r2, ip
20004396:	3301      	adds	r3, #1
20004398:	54d1      	strb	r1, [r2, r3]
2000439a:	1aef      	subs	r7, r5, r3
2000439c:	2b20      	cmp	r3, #32
2000439e:	d100      	bne.n	200043a2 <_ftoa+0xbe>
200043a0:	e132      	b.n	20004608 <_ftoa+0x324>
200043a2:	42a3      	cmp	r3, r4
200043a4:	d1f7      	bne.n	20004396 <_ftoa+0xb2>
200043a6:	2200      	movs	r2, #0
200043a8:	4ba4      	ldr	r3, [pc, #656]	@ (2000463c <_ftoa+0x358>)
200043aa:	9206      	str	r2, [sp, #24]
200043ac:	9307      	str	r3, [sp, #28]
200043ae:	981e      	ldr	r0, [sp, #120]	@ 0x78
200043b0:	991f      	ldr	r1, [sp, #124]	@ 0x7c
200043b2:	f7fe ff2f 	bl	20003214 <__wrap___aeabi_d2iz>
200043b6:	0005      	movs	r5, r0
200043b8:	f7fe ff14 	bl	200031e4 <__wrap___aeabi_i2d>
200043bc:	0002      	movs	r2, r0
200043be:	000b      	movs	r3, r1
200043c0:	981e      	ldr	r0, [sp, #120]	@ 0x78
200043c2:	991f      	ldr	r1, [sp, #124]	@ 0x7c
200043c4:	f7fe fe67 	bl	20003096 <__wrap___aeabi_dsub>
200043c8:	9a06      	ldr	r2, [sp, #24]
200043ca:	9b07      	ldr	r3, [sp, #28]
200043cc:	f7fe fe93 	bl	200030f6 <__wrap___aeabi_dmul>
200043d0:	9008      	str	r0, [sp, #32]
200043d2:	9109      	str	r1, [sp, #36]	@ 0x24
200043d4:	f7fe ff42 	bl	2000325c <__wrap___aeabi_d2uiz>
200043d8:	0006      	movs	r6, r0
200043da:	f7fe feff 	bl	200031dc <__wrap___aeabi_ui2d>
200043de:	0002      	movs	r2, r0
200043e0:	000b      	movs	r3, r1
200043e2:	9808      	ldr	r0, [sp, #32]
200043e4:	9909      	ldr	r1, [sp, #36]	@ 0x24
200043e6:	f7fe fe56 	bl	20003096 <__wrap___aeabi_dsub>
200043ea:	2200      	movs	r2, #0
200043ec:	4b95      	ldr	r3, [pc, #596]	@ (20004644 <_ftoa+0x360>)
200043ee:	9008      	str	r0, [sp, #32]
200043f0:	9109      	str	r1, [sp, #36]	@ 0x24
200043f2:	f7fe fee1 	bl	200031b8 <__wrap___aeabi_dcmpgt>
200043f6:	2800      	cmp	r0, #0
200043f8:	d100      	bne.n	200043fc <_ftoa+0x118>
200043fa:	e0d2      	b.n	200045a2 <_ftoa+0x2be>
200043fc:	3601      	adds	r6, #1
200043fe:	0030      	movs	r0, r6
20004400:	f7fe feec 	bl	200031dc <__wrap___aeabi_ui2d>
20004404:	9a06      	ldr	r2, [sp, #24]
20004406:	9b07      	ldr	r3, [sp, #28]
20004408:	f7fe fece 	bl	200031a8 <__wrap___aeabi_dcmpge>
2000440c:	2800      	cmp	r0, #0
2000440e:	d001      	beq.n	20004414 <_ftoa+0x130>
20004410:	2600      	movs	r6, #0
20004412:	3501      	adds	r5, #1
20004414:	46aa      	mov	sl, r5
20004416:	2f00      	cmp	r7, #0
20004418:	d000      	beq.n	2000441c <_ftoa+0x138>
2000441a:	e098      	b.n	2000454e <_ftoa+0x26a>
2000441c:	0028      	movs	r0, r5
2000441e:	f7fe fee1 	bl	200031e4 <__wrap___aeabi_i2d>
20004422:	0002      	movs	r2, r0
20004424:	000b      	movs	r3, r1
20004426:	981e      	ldr	r0, [sp, #120]	@ 0x78
20004428:	991f      	ldr	r1, [sp, #124]	@ 0x7c
2000442a:	f7fe fe34 	bl	20003096 <__wrap___aeabi_dsub>
2000442e:	4b85      	ldr	r3, [pc, #532]	@ (20004644 <_ftoa+0x360>)
20004430:	2200      	movs	r2, #0
20004432:	0006      	movs	r6, r0
20004434:	000f      	movs	r7, r1
20004436:	f7fe fea9 	bl	2000318c <__wrap___aeabi_dcmplt>
2000443a:	ab0c      	add	r3, sp, #48	@ 0x30
2000443c:	469a      	mov	sl, r3
2000443e:	2800      	cmp	r0, #0
20004440:	d145      	bne.n	200044ce <_ftoa+0x1ea>
20004442:	2200      	movs	r2, #0
20004444:	0030      	movs	r0, r6
20004446:	0039      	movs	r1, r7
20004448:	4b7e      	ldr	r3, [pc, #504]	@ (20004644 <_ftoa+0x360>)
2000444a:	f7fe feb5 	bl	200031b8 <__wrap___aeabi_dcmpgt>
2000444e:	2800      	cmp	r0, #0
20004450:	d13d      	bne.n	200044ce <_ftoa+0x1ea>
20004452:	07eb      	lsls	r3, r5, #31
20004454:	d53b      	bpl.n	200044ce <_ftoa+0x1ea>
20004456:	3501      	adds	r5, #1
20004458:	e039      	b.n	200044ce <_ftoa+0x1ea>
2000445a:	9b22      	ldr	r3, [sp, #136]	@ 0x88
2000445c:	4642      	mov	r2, r8
2000445e:	9304      	str	r3, [sp, #16]
20004460:	9b21      	ldr	r3, [sp, #132]	@ 0x84
20004462:	4659      	mov	r1, fp
20004464:	9303      	str	r3, [sp, #12]
20004466:	980a      	ldr	r0, [sp, #40]	@ 0x28
20004468:	9b1e      	ldr	r3, [sp, #120]	@ 0x78
2000446a:	9c1f      	ldr	r4, [sp, #124]	@ 0x7c
2000446c:	9502      	str	r5, [sp, #8]
2000446e:	9300      	str	r3, [sp, #0]
20004470:	9401      	str	r4, [sp, #4]
20004472:	464b      	mov	r3, r9
20004474:	f7ff fd04 	bl	20003e80 <_etoa>
20004478:	b015      	add	sp, #84	@ 0x54
2000447a:	bcf0      	pop	{r4, r5, r6, r7}
2000447c:	46bb      	mov	fp, r7
2000447e:	46b2      	mov	sl, r6
20004480:	46a9      	mov	r9, r5
20004482:	46a0      	mov	r8, r4
20004484:	bdf0      	pop	{r4, r5, r6, r7, pc}
20004486:	9b22      	ldr	r3, [sp, #136]	@ 0x88
20004488:	075b      	lsls	r3, r3, #29
2000448a:	d467      	bmi.n	2000455c <_ftoa+0x278>
2000448c:	2203      	movs	r2, #3
2000448e:	4b6e      	ldr	r3, [pc, #440]	@ (20004648 <_ftoa+0x364>)
20004490:	9922      	ldr	r1, [sp, #136]	@ 0x88
20004492:	9201      	str	r2, [sp, #4]
20004494:	9103      	str	r1, [sp, #12]
20004496:	9921      	ldr	r1, [sp, #132]	@ 0x84
20004498:	9102      	str	r1, [sp, #8]
2000449a:	9300      	str	r3, [sp, #0]
2000449c:	4642      	mov	r2, r8
2000449e:	464b      	mov	r3, r9
200044a0:	4659      	mov	r1, fp
200044a2:	980a      	ldr	r0, [sp, #40]	@ 0x28
200044a4:	f7ff fb66 	bl	20003b74 <_out_rev>
200044a8:	e7e6      	b.n	20004478 <_ftoa+0x194>
200044aa:	aa06      	add	r2, sp, #24
200044ac:	4694      	mov	ip, r2
200044ae:	2317      	movs	r3, #23
200044b0:	0028      	movs	r0, r5
200044b2:	4463      	add	r3, ip
200044b4:	210a      	movs	r1, #10
200044b6:	3401      	adds	r4, #1
200044b8:	191e      	adds	r6, r3, r4
200044ba:	f7fe fb89 	bl	20002bd0 <__wrap___aeabi_idiv>
200044be:	3130      	adds	r1, #48	@ 0x30
200044c0:	0028      	movs	r0, r5
200044c2:	7031      	strb	r1, [r6, #0]
200044c4:	210a      	movs	r1, #10
200044c6:	f7fe fb83 	bl	20002bd0 <__wrap___aeabi_idiv>
200044ca:	1e05      	subs	r5, r0, #0
200044cc:	d076      	beq.n	200045bc <_ftoa+0x2d8>
200044ce:	2c20      	cmp	r4, #32
200044d0:	d1eb      	bne.n	200044aa <_ftoa+0x1c6>
200044d2:	2303      	movs	r3, #3
200044d4:	9a22      	ldr	r2, [sp, #136]	@ 0x88
200044d6:	4013      	ands	r3, r2
200044d8:	2b01      	cmp	r3, #1
200044da:	d11d      	bne.n	20004518 <_ftoa+0x234>
200044dc:	9b21      	ldr	r3, [sp, #132]	@ 0x84
200044de:	2b00      	cmp	r3, #0
200044e0:	d01a      	beq.n	20004518 <_ftoa+0x234>
200044e2:	9b0b      	ldr	r3, [sp, #44]	@ 0x2c
200044e4:	2b00      	cmp	r3, #0
200044e6:	d000      	beq.n	200044ea <_ftoa+0x206>
200044e8:	e0bb      	b.n	20004662 <_ftoa+0x37e>
200044ea:	9a22      	ldr	r2, [sp, #136]	@ 0x88
200044ec:	330c      	adds	r3, #12
200044ee:	4213      	tst	r3, r2
200044f0:	d000      	beq.n	200044f4 <_ftoa+0x210>
200044f2:	e0b6      	b.n	20004662 <_ftoa+0x37e>
200044f4:	9b21      	ldr	r3, [sp, #132]	@ 0x84
200044f6:	42a3      	cmp	r3, r4
200044f8:	d800      	bhi.n	200044fc <_ftoa+0x218>
200044fa:	e087      	b.n	2000460c <_ftoa+0x328>
200044fc:	ab06      	add	r3, sp, #24
200044fe:	469c      	mov	ip, r3
20004500:	2217      	movs	r2, #23
20004502:	2330      	movs	r3, #48	@ 0x30
20004504:	4462      	add	r2, ip
20004506:	e004      	b.n	20004512 <_ftoa+0x22e>
20004508:	9921      	ldr	r1, [sp, #132]	@ 0x84
2000450a:	3401      	adds	r4, #1
2000450c:	5513      	strb	r3, [r2, r4]
2000450e:	428c      	cmp	r4, r1
20004510:	d059      	beq.n	200045c6 <_ftoa+0x2e2>
20004512:	2c20      	cmp	r4, #32
20004514:	d1f8      	bne.n	20004508 <_ftoa+0x224>
20004516:	2420      	movs	r4, #32
20004518:	9b22      	ldr	r3, [sp, #136]	@ 0x88
2000451a:	9401      	str	r4, [sp, #4]
2000451c:	9303      	str	r3, [sp, #12]
2000451e:	9b21      	ldr	r3, [sp, #132]	@ 0x84
20004520:	9302      	str	r3, [sp, #8]
20004522:	4653      	mov	r3, sl
20004524:	e7b9      	b.n	2000449a <_ftoa+0x1b6>
20004526:	aa06      	add	r2, sp, #24
20004528:	4694      	mov	ip, r2
2000452a:	2317      	movs	r3, #23
2000452c:	210a      	movs	r1, #10
2000452e:	4463      	add	r3, ip
20004530:	0030      	movs	r0, r6
20004532:	3401      	adds	r4, #1
20004534:	191d      	adds	r5, r3, r4
20004536:	f7fe fb73 	bl	20002c20 <__wrap___aeabi_uidiv>
2000453a:	3130      	adds	r1, #48	@ 0x30
2000453c:	7029      	strb	r1, [r5, #0]
2000453e:	0030      	movs	r0, r6
20004540:	210a      	movs	r1, #10
20004542:	3f01      	subs	r7, #1
20004544:	f7fe fb6c 	bl	20002c20 <__wrap___aeabi_uidiv>
20004548:	2e09      	cmp	r6, #9
2000454a:	d946      	bls.n	200045da <_ftoa+0x2f6>
2000454c:	0006      	movs	r6, r0
2000454e:	2c20      	cmp	r4, #32
20004550:	d1e9      	bne.n	20004526 <_ftoa+0x242>
20004552:	4655      	mov	r5, sl
20004554:	ab0c      	add	r3, sp, #48	@ 0x30
20004556:	2420      	movs	r4, #32
20004558:	469a      	mov	sl, r3
2000455a:	e7b8      	b.n	200044ce <_ftoa+0x1ea>
2000455c:	2204      	movs	r2, #4
2000455e:	4b3b      	ldr	r3, [pc, #236]	@ (2000464c <_ftoa+0x368>)
20004560:	e796      	b.n	20004490 <_ftoa+0x1ac>
20004562:	9a1e      	ldr	r2, [sp, #120]	@ 0x78
20004564:	9b1f      	ldr	r3, [sp, #124]	@ 0x7c
20004566:	2000      	movs	r0, #0
20004568:	2100      	movs	r1, #0
2000456a:	f7fe fd94 	bl	20003096 <__wrap___aeabi_dsub>
2000456e:	2301      	movs	r3, #1
20004570:	930b      	str	r3, [sp, #44]	@ 0x2c
20004572:	2380      	movs	r3, #128	@ 0x80
20004574:	9c22      	ldr	r4, [sp, #136]	@ 0x88
20004576:	9a22      	ldr	r2, [sp, #136]	@ 0x88
20004578:	00db      	lsls	r3, r3, #3
2000457a:	901e      	str	r0, [sp, #120]	@ 0x78
2000457c:	911f      	str	r1, [sp, #124]	@ 0x7c
2000457e:	401c      	ands	r4, r3
20004580:	421a      	tst	r2, r3
20004582:	d000      	beq.n	20004586 <_ftoa+0x2a2>
20004584:	e6fc      	b.n	20004380 <_ftoa+0x9c>
20004586:	2200      	movs	r2, #0
20004588:	4b31      	ldr	r3, [pc, #196]	@ (20004650 <_ftoa+0x36c>)
2000458a:	2706      	movs	r7, #6
2000458c:	9206      	str	r2, [sp, #24]
2000458e:	9307      	str	r3, [sp, #28]
20004590:	e70d      	b.n	200043ae <_ftoa+0xca>
20004592:	9b22      	ldr	r3, [sp, #136]	@ 0x88
20004594:	9303      	str	r3, [sp, #12]
20004596:	9b21      	ldr	r3, [sp, #132]	@ 0x84
20004598:	9302      	str	r3, [sp, #8]
2000459a:	2304      	movs	r3, #4
2000459c:	9301      	str	r3, [sp, #4]
2000459e:	4b2d      	ldr	r3, [pc, #180]	@ (20004654 <_ftoa+0x370>)
200045a0:	e77b      	b.n	2000449a <_ftoa+0x1b6>
200045a2:	2200      	movs	r2, #0
200045a4:	9808      	ldr	r0, [sp, #32]
200045a6:	9909      	ldr	r1, [sp, #36]	@ 0x24
200045a8:	4b26      	ldr	r3, [pc, #152]	@ (20004644 <_ftoa+0x360>)
200045aa:	f7fe fdef 	bl	2000318c <__wrap___aeabi_dcmplt>
200045ae:	2800      	cmp	r0, #0
200045b0:	d000      	beq.n	200045b4 <_ftoa+0x2d0>
200045b2:	e72f      	b.n	20004414 <_ftoa+0x130>
200045b4:	2e00      	cmp	r6, #0
200045b6:	d14f      	bne.n	20004658 <_ftoa+0x374>
200045b8:	3601      	adds	r6, #1
200045ba:	e72b      	b.n	20004414 <_ftoa+0x130>
200045bc:	2303      	movs	r3, #3
200045be:	9a22      	ldr	r2, [sp, #136]	@ 0x88
200045c0:	4013      	ands	r3, r2
200045c2:	2b01      	cmp	r3, #1
200045c4:	d066      	beq.n	20004694 <_ftoa+0x3b0>
200045c6:	2c20      	cmp	r4, #32
200045c8:	d0a6      	beq.n	20004518 <_ftoa+0x234>
200045ca:	9b0b      	ldr	r3, [sp, #44]	@ 0x2c
200045cc:	2b00      	cmp	r3, #0
200045ce:	d01f      	beq.n	20004610 <_ftoa+0x32c>
200045d0:	232d      	movs	r3, #45	@ 0x2d
200045d2:	4652      	mov	r2, sl
200045d4:	5513      	strb	r3, [r2, r4]
200045d6:	3401      	adds	r4, #1
200045d8:	e79e      	b.n	20004518 <_ftoa+0x234>
200045da:	4655      	mov	r5, sl
200045dc:	2c20      	cmp	r4, #32
200045de:	d0b9      	beq.n	20004554 <_ftoa+0x270>
200045e0:	2330      	movs	r3, #48	@ 0x30
200045e2:	193a      	adds	r2, r7, r4
200045e4:	2f00      	cmp	r7, #0
200045e6:	d008      	beq.n	200045fa <_ftoa+0x316>
200045e8:	2017      	movs	r0, #23
200045ea:	a906      	add	r1, sp, #24
200045ec:	3401      	adds	r4, #1
200045ee:	1809      	adds	r1, r1, r0
200045f0:	550b      	strb	r3, [r1, r4]
200045f2:	2c20      	cmp	r4, #32
200045f4:	d0ae      	beq.n	20004554 <_ftoa+0x270>
200045f6:	4294      	cmp	r4, r2
200045f8:	d1f6      	bne.n	200045e8 <_ftoa+0x304>
200045fa:	ab0c      	add	r3, sp, #48	@ 0x30
200045fc:	469a      	mov	sl, r3
200045fe:	232e      	movs	r3, #46	@ 0x2e
20004600:	4652      	mov	r2, sl
20004602:	5513      	strb	r3, [r2, r4]
20004604:	3401      	adds	r4, #1
20004606:	e762      	b.n	200044ce <_ftoa+0x1ea>
20004608:	2420      	movs	r4, #32
2000460a:	e6cc      	b.n	200043a6 <_ftoa+0xc2>
2000460c:	2c20      	cmp	r4, #32
2000460e:	d083      	beq.n	20004518 <_ftoa+0x234>
20004610:	9b22      	ldr	r3, [sp, #136]	@ 0x88
20004612:	075b      	lsls	r3, r3, #29
20004614:	d408      	bmi.n	20004628 <_ftoa+0x344>
20004616:	9b22      	ldr	r3, [sp, #136]	@ 0x88
20004618:	071b      	lsls	r3, r3, #28
2000461a:	d400      	bmi.n	2000461e <_ftoa+0x33a>
2000461c:	e77c      	b.n	20004518 <_ftoa+0x234>
2000461e:	2320      	movs	r3, #32
20004620:	4652      	mov	r2, sl
20004622:	5513      	strb	r3, [r2, r4]
20004624:	3401      	adds	r4, #1
20004626:	e777      	b.n	20004518 <_ftoa+0x234>
20004628:	232b      	movs	r3, #43	@ 0x2b
2000462a:	4652      	mov	r2, sl
2000462c:	5513      	strb	r3, [r2, r4]
2000462e:	3401      	adds	r4, #1
20004630:	e772      	b.n	20004518 <_ftoa+0x234>
20004632:	46c0      	nop			@ (mov r8, r8)
20004634:	ffefffff 	.word	0xffefffff
20004638:	7fefffff 	.word	0x7fefffff
2000463c:	41cdcd65 	.word	0x41cdcd65
20004640:	c1cdcd65 	.word	0xc1cdcd65
20004644:	3fe00000 	.word	0x3fe00000
20004648:	20009844 	.word	0x20009844
2000464c:	2000983c 	.word	0x2000983c
20004650:	412e8480 	.word	0x412e8480
20004654:	2000984c 	.word	0x2000984c
20004658:	07f3      	lsls	r3, r6, #31
2000465a:	d400      	bmi.n	2000465e <_ftoa+0x37a>
2000465c:	e6da      	b.n	20004414 <_ftoa+0x130>
2000465e:	3601      	adds	r6, #1
20004660:	e6d8      	b.n	20004414 <_ftoa+0x130>
20004662:	9b21      	ldr	r3, [sp, #132]	@ 0x84
20004664:	3b01      	subs	r3, #1
20004666:	9321      	str	r3, [sp, #132]	@ 0x84
20004668:	42a3      	cmp	r3, r4
2000466a:	d900      	bls.n	2000466e <_ftoa+0x38a>
2000466c:	e746      	b.n	200044fc <_ftoa+0x218>
2000466e:	e7aa      	b.n	200045c6 <_ftoa+0x2e2>
20004670:	9b22      	ldr	r3, [sp, #136]	@ 0x88
20004672:	9303      	str	r3, [sp, #12]
20004674:	9b21      	ldr	r3, [sp, #132]	@ 0x84
20004676:	9302      	str	r3, [sp, #8]
20004678:	2303      	movs	r3, #3
2000467a:	9301      	str	r3, [sp, #4]
2000467c:	4b07      	ldr	r3, [pc, #28]	@ (2000469c <_ftoa+0x3b8>)
2000467e:	e70c      	b.n	2000449a <_ftoa+0x1b6>
20004680:	4b07      	ldr	r3, [pc, #28]	@ (200046a0 <_ftoa+0x3bc>)
20004682:	00ea      	lsls	r2, r5, #3
20004684:	189b      	adds	r3, r3, r2
20004686:	685c      	ldr	r4, [r3, #4]
20004688:	681b      	ldr	r3, [r3, #0]
2000468a:	002f      	movs	r7, r5
2000468c:	9306      	str	r3, [sp, #24]
2000468e:	9407      	str	r4, [sp, #28]
20004690:	2400      	movs	r4, #0
20004692:	e68c      	b.n	200043ae <_ftoa+0xca>
20004694:	9b21      	ldr	r3, [sp, #132]	@ 0x84
20004696:	2b00      	cmp	r3, #0
20004698:	d095      	beq.n	200045c6 <_ftoa+0x2e2>
2000469a:	e722      	b.n	200044e2 <_ftoa+0x1fe>
2000469c:	20009848 	.word	0x20009848
200046a0:	20009da0 	.word	0x20009da0

200046a4 <_vsnprintf>:
200046a4:	b5f0      	push	{r4, r5, r6, r7, lr}
200046a6:	4657      	mov	r7, sl
200046a8:	46de      	mov	lr, fp
200046aa:	464e      	mov	r6, r9
200046ac:	4645      	mov	r5, r8
200046ae:	b5e0      	push	{r5, r6, r7, lr}
200046b0:	b0a5      	sub	sp, #148	@ 0x94
200046b2:	001f      	movs	r7, r3
200046b4:	9b2e      	ldr	r3, [sp, #184]	@ 0xb8
200046b6:	4691      	mov	r9, r2
200046b8:	930d      	str	r3, [sp, #52]	@ 0x34
200046ba:	4aca      	ldr	r2, [pc, #808]	@ (200049e4 <_vsnprintf+0x340>)
200046bc:	4bca      	ldr	r3, [pc, #808]	@ (200049e8 <_vsnprintf+0x344>)
200046be:	4682      	mov	sl, r0
200046c0:	468b      	mov	fp, r1
200046c2:	601a      	str	r2, [r3, #0]
200046c4:	2900      	cmp	r1, #0
200046c6:	d100      	bne.n	200046ca <_vsnprintf+0x26>
200046c8:	e229      	b.n	20004b1e <_vsnprintf+0x47a>
200046ca:	2300      	movs	r3, #0
200046cc:	7838      	ldrb	r0, [r7, #0]
200046ce:	4698      	mov	r8, r3
200046d0:	2800      	cmp	r0, #0
200046d2:	d100      	bne.n	200046d6 <_vsnprintf+0x32>
200046d4:	e22b      	b.n	20004b2e <_vsnprintf+0x48a>
200046d6:	4bc5      	ldr	r3, [pc, #788]	@ (200049ec <_vsnprintf+0x348>)
200046d8:	4644      	mov	r4, r8
200046da:	930c      	str	r3, [sp, #48]	@ 0x30
200046dc:	4bc4      	ldr	r3, [pc, #784]	@ (200049f0 <_vsnprintf+0x34c>)
200046de:	4655      	mov	r5, sl
200046e0:	464e      	mov	r6, r9
200046e2:	930e      	str	r3, [sp, #56]	@ 0x38
200046e4:	e00a      	b.n	200046fc <_vsnprintf+0x58>
200046e6:	1c63      	adds	r3, r4, #1
200046e8:	4698      	mov	r8, r3
200046ea:	0022      	movs	r2, r4
200046ec:	0033      	movs	r3, r6
200046ee:	4659      	mov	r1, fp
200046f0:	47a8      	blx	r5
200046f2:	4644      	mov	r4, r8
200046f4:	7838      	ldrb	r0, [r7, #0]
200046f6:	2800      	cmp	r0, #0
200046f8:	d100      	bne.n	200046fc <_vsnprintf+0x58>
200046fa:	e087      	b.n	2000480c <_vsnprintf+0x168>
200046fc:	3701      	adds	r7, #1
200046fe:	2825      	cmp	r0, #37	@ 0x25
20004700:	d1f1      	bne.n	200046e6 <_vsnprintf+0x42>
20004702:	2308      	movs	r3, #8
20004704:	469a      	mov	sl, r3
20004706:	3b04      	subs	r3, #4
20004708:	4699      	mov	r9, r3
2000470a:	3b02      	subs	r3, #2
2000470c:	4698      	mov	r8, r3
2000470e:	3b01      	subs	r3, #1
20004710:	2200      	movs	r2, #0
20004712:	469c      	mov	ip, r3
20004714:	940b      	str	r4, [sp, #44]	@ 0x2c
20004716:	7838      	ldrb	r0, [r7, #0]
20004718:	1c79      	adds	r1, r7, #1
2000471a:	0003      	movs	r3, r0
2000471c:	3b20      	subs	r3, #32
2000471e:	b2db      	uxtb	r3, r3
20004720:	2b10      	cmp	r3, #16
20004722:	d803      	bhi.n	2000472c <_vsnprintf+0x88>
20004724:	9c0c      	ldr	r4, [sp, #48]	@ 0x30
20004726:	009b      	lsls	r3, r3, #2
20004728:	58e3      	ldr	r3, [r4, r3]
2000472a:	469f      	mov	pc, r3
2000472c:	0003      	movs	r3, r0
2000472e:	3b30      	subs	r3, #48	@ 0x30
20004730:	9c0b      	ldr	r4, [sp, #44]	@ 0x2c
20004732:	920b      	str	r2, [sp, #44]	@ 0x2c
20004734:	2b09      	cmp	r3, #9
20004736:	d93a      	bls.n	200047ae <_vsnprintf+0x10a>
20004738:	2300      	movs	r3, #0
2000473a:	4698      	mov	r8, r3
2000473c:	282a      	cmp	r0, #42	@ 0x2a
2000473e:	d100      	bne.n	20004742 <_vsnprintf+0x9e>
20004740:	e0dd      	b.n	200048fe <_vsnprintf+0x25a>
20004742:	2300      	movs	r3, #0
20004744:	469a      	mov	sl, r3
20004746:	282e      	cmp	r0, #46	@ 0x2e
20004748:	d04b      	beq.n	200047e2 <_vsnprintf+0x13e>
2000474a:	0003      	movs	r3, r0
2000474c:	3b68      	subs	r3, #104	@ 0x68
2000474e:	b2db      	uxtb	r3, r3
20004750:	2b12      	cmp	r3, #18
20004752:	d81e      	bhi.n	20004792 <_vsnprintf+0xee>
20004754:	9a0e      	ldr	r2, [sp, #56]	@ 0x38
20004756:	009b      	lsls	r3, r3, #2
20004758:	58d3      	ldr	r3, [r2, r3]
2000475a:	469f      	mov	pc, r3
2000475c:	4663      	mov	r3, ip
2000475e:	000f      	movs	r7, r1
20004760:	431a      	orrs	r2, r3
20004762:	e7d8      	b.n	20004716 <_vsnprintf+0x72>
20004764:	4643      	mov	r3, r8
20004766:	000f      	movs	r7, r1
20004768:	431a      	orrs	r2, r3
2000476a:	e7d4      	b.n	20004716 <_vsnprintf+0x72>
2000476c:	464b      	mov	r3, r9
2000476e:	000f      	movs	r7, r1
20004770:	431a      	orrs	r2, r3
20004772:	e7d0      	b.n	20004716 <_vsnprintf+0x72>
20004774:	2310      	movs	r3, #16
20004776:	000f      	movs	r7, r1
20004778:	431a      	orrs	r2, r3
2000477a:	e7cc      	b.n	20004716 <_vsnprintf+0x72>
2000477c:	4653      	mov	r3, sl
2000477e:	000f      	movs	r7, r1
20004780:	431a      	orrs	r2, r3
20004782:	e7c8      	b.n	20004716 <_vsnprintf+0x72>
20004784:	2380      	movs	r3, #128	@ 0x80
20004786:	005b      	lsls	r3, r3, #1
20004788:	9a0b      	ldr	r2, [sp, #44]	@ 0x2c
2000478a:	7878      	ldrb	r0, [r7, #1]
2000478c:	431a      	orrs	r2, r3
2000478e:	920b      	str	r2, [sp, #44]	@ 0x2c
20004790:	3101      	adds	r1, #1
20004792:	000f      	movs	r7, r1
20004794:	2867      	cmp	r0, #103	@ 0x67
20004796:	d84f      	bhi.n	20004838 <_vsnprintf+0x194>
20004798:	2824      	cmp	r0, #36	@ 0x24
2000479a:	d9a4      	bls.n	200046e6 <_vsnprintf+0x42>
2000479c:	0003      	movs	r3, r0
2000479e:	3b25      	subs	r3, #37	@ 0x25
200047a0:	b2db      	uxtb	r3, r3
200047a2:	2b42      	cmp	r3, #66	@ 0x42
200047a4:	d89f      	bhi.n	200046e6 <_vsnprintf+0x42>
200047a6:	4993      	ldr	r1, [pc, #588]	@ (200049f4 <_vsnprintf+0x350>)
200047a8:	009b      	lsls	r3, r3, #2
200047aa:	58cb      	ldr	r3, [r1, r3]
200047ac:	469f      	mov	pc, r3
200047ae:	2300      	movs	r3, #0
200047b0:	4698      	mov	r8, r3
200047b2:	9b0b      	ldr	r3, [sp, #44]	@ 0x2c
200047b4:	4647      	mov	r7, r8
200047b6:	469c      	mov	ip, r3
200047b8:	e000      	b.n	200047bc <_vsnprintf+0x118>
200047ba:	3101      	adds	r1, #1
200047bc:	00bb      	lsls	r3, r7, #2
200047be:	19db      	adds	r3, r3, r7
200047c0:	005b      	lsls	r3, r3, #1
200047c2:	181f      	adds	r7, r3, r0
200047c4:	7808      	ldrb	r0, [r1, #0]
200047c6:	3f30      	subs	r7, #48	@ 0x30
200047c8:	0003      	movs	r3, r0
200047ca:	3b30      	subs	r3, #48	@ 0x30
200047cc:	2b09      	cmp	r3, #9
200047ce:	d9f4      	bls.n	200047ba <_vsnprintf+0x116>
200047d0:	4663      	mov	r3, ip
200047d2:	930b      	str	r3, [sp, #44]	@ 0x2c
200047d4:	2300      	movs	r3, #0
200047d6:	46b8      	mov	r8, r7
200047d8:	469a      	mov	sl, r3
200047da:	000f      	movs	r7, r1
200047dc:	3101      	adds	r1, #1
200047de:	282e      	cmp	r0, #46	@ 0x2e
200047e0:	d1b3      	bne.n	2000474a <_vsnprintf+0xa6>
200047e2:	2080      	movs	r0, #128	@ 0x80
200047e4:	9a0b      	ldr	r2, [sp, #44]	@ 0x2c
200047e6:	00c0      	lsls	r0, r0, #3
200047e8:	4302      	orrs	r2, r0
200047ea:	920b      	str	r2, [sp, #44]	@ 0x2c
200047ec:	2230      	movs	r2, #48	@ 0x30
200047ee:	4252      	negs	r2, r2
200047f0:	4694      	mov	ip, r2
200047f2:	7878      	ldrb	r0, [r7, #1]
200047f4:	000b      	movs	r3, r1
200047f6:	4484      	add	ip, r0
200047f8:	4662      	mov	r2, ip
200047fa:	2a09      	cmp	r2, #9
200047fc:	d800      	bhi.n	20004800 <_vsnprintf+0x15c>
200047fe:	e1aa      	b.n	20004b56 <_vsnprintf+0x4b2>
20004800:	282a      	cmp	r0, #42	@ 0x2a
20004802:	d100      	bne.n	20004806 <_vsnprintf+0x162>
20004804:	e1b9      	b.n	20004b7a <_vsnprintf+0x4d6>
20004806:	000f      	movs	r7, r1
20004808:	3101      	adds	r1, #1
2000480a:	e79e      	b.n	2000474a <_vsnprintf+0xa6>
2000480c:	46a0      	mov	r8, r4
2000480e:	46aa      	mov	sl, r5
20004810:	46b1      	mov	r9, r6
20004812:	45c8      	cmp	r8, r9
20004814:	d303      	bcc.n	2000481e <_vsnprintf+0x17a>
20004816:	2301      	movs	r3, #1
20004818:	425b      	negs	r3, r3
2000481a:	444b      	add	r3, r9
2000481c:	4698      	mov	r8, r3
2000481e:	464b      	mov	r3, r9
20004820:	4642      	mov	r2, r8
20004822:	4659      	mov	r1, fp
20004824:	2000      	movs	r0, #0
20004826:	47d0      	blx	sl
20004828:	0020      	movs	r0, r4
2000482a:	b025      	add	sp, #148	@ 0x94
2000482c:	bcf0      	pop	{r4, r5, r6, r7}
2000482e:	46bb      	mov	fp, r7
20004830:	46b2      	mov	sl, r6
20004832:	46a9      	mov	r9, r5
20004834:	46a0      	mov	r8, r4
20004836:	bdf0      	pop	{r4, r5, r6, r7, pc}
20004838:	0001      	movs	r1, r0
2000483a:	3969      	subs	r1, #105	@ 0x69
2000483c:	b2c9      	uxtb	r1, r1
2000483e:	290f      	cmp	r1, #15
20004840:	d900      	bls.n	20004844 <_vsnprintf+0x1a0>
20004842:	e750      	b.n	200046e6 <_vsnprintf+0x42>
20004844:	2301      	movs	r3, #1
20004846:	408b      	lsls	r3, r1
20004848:	469c      	mov	ip, r3
2000484a:	4b6b      	ldr	r3, [pc, #428]	@ (200049f8 <_vsnprintf+0x354>)
2000484c:	4699      	mov	r9, r3
2000484e:	4663      	mov	r3, ip
20004850:	464a      	mov	r2, r9
20004852:	4013      	ands	r3, r2
20004854:	930f      	str	r3, [sp, #60]	@ 0x3c
20004856:	4662      	mov	r2, ip
20004858:	464b      	mov	r3, r9
2000485a:	421a      	tst	r2, r3
2000485c:	d000      	beq.n	20004860 <_vsnprintf+0x1bc>
2000485e:	e168      	b.n	20004b32 <_vsnprintf+0x48e>
20004860:	290a      	cmp	r1, #10
20004862:	d056      	beq.n	20004912 <_vsnprintf+0x26e>
20004864:	2907      	cmp	r1, #7
20004866:	d000      	beq.n	2000486a <_vsnprintf+0x1c6>
20004868:	e73d      	b.n	200046e6 <_vsnprintf+0x42>
2000486a:	9b0d      	ldr	r3, [sp, #52]	@ 0x34
2000486c:	cb02      	ldmia	r3!, {r1}
2000486e:	4698      	mov	r8, r3
20004870:	2900      	cmp	r1, #0
20004872:	d000      	beq.n	20004876 <_vsnprintf+0x1d2>
20004874:	e192      	b.n	20004b9c <_vsnprintf+0x4f8>
20004876:	9b0b      	ldr	r3, [sp, #44]	@ 0x2c
20004878:	2110      	movs	r1, #16
2000487a:	001a      	movs	r2, r3
2000487c:	438a      	bics	r2, r1
2000487e:	0010      	movs	r0, r2
20004880:	3111      	adds	r1, #17
20004882:	4308      	orrs	r0, r1
20004884:	4681      	mov	r9, r0
20004886:	2080      	movs	r0, #128	@ 0x80
20004888:	001a      	movs	r2, r3
2000488a:	00c0      	lsls	r0, r0, #3
2000488c:	4002      	ands	r2, r0
2000488e:	0011      	movs	r1, r2
20004890:	4203      	tst	r3, r0
20004892:	d11c      	bne.n	200048ce <_vsnprintf+0x22a>
20004894:	ab14      	add	r3, sp, #80	@ 0x50
20004896:	469c      	mov	ip, r3
20004898:	221f      	movs	r2, #31
2000489a:	230f      	movs	r3, #15
2000489c:	4462      	add	r2, ip
2000489e:	950d      	str	r5, [sp, #52]	@ 0x34
200048a0:	469c      	mov	ip, r3
200048a2:	0015      	movs	r5, r2
200048a4:	9b0f      	ldr	r3, [sp, #60]	@ 0x3c
200048a6:	940b      	str	r4, [sp, #44]	@ 0x2c
200048a8:	e002      	b.n	200048b0 <_vsnprintf+0x20c>
200048aa:	2b20      	cmp	r3, #32
200048ac:	d00c      	beq.n	200048c8 <_vsnprintf+0x224>
200048ae:	0011      	movs	r1, r2
200048b0:	4664      	mov	r4, ip
200048b2:	400c      	ands	r4, r1
200048b4:	0020      	movs	r0, r4
200048b6:	3037      	adds	r0, #55	@ 0x37
200048b8:	2c09      	cmp	r4, #9
200048ba:	d800      	bhi.n	200048be <_vsnprintf+0x21a>
200048bc:	3807      	subs	r0, #7
200048be:	3301      	adds	r3, #1
200048c0:	54e8      	strb	r0, [r5, r3]
200048c2:	090a      	lsrs	r2, r1, #4
200048c4:	290f      	cmp	r1, #15
200048c6:	d8f0      	bhi.n	200048aa <_vsnprintf+0x206>
200048c8:	9c0b      	ldr	r4, [sp, #44]	@ 0x2c
200048ca:	9d0d      	ldr	r5, [sp, #52]	@ 0x34
200048cc:	930f      	str	r3, [sp, #60]	@ 0x3c
200048ce:	464b      	mov	r3, r9
200048d0:	2208      	movs	r2, #8
200048d2:	9306      	str	r3, [sp, #24]
200048d4:	4653      	mov	r3, sl
200048d6:	9205      	str	r2, [sp, #20]
200048d8:	3208      	adds	r2, #8
200048da:	9203      	str	r2, [sp, #12]
200048dc:	2200      	movs	r2, #0
200048de:	9304      	str	r3, [sp, #16]
200048e0:	9b0f      	ldr	r3, [sp, #60]	@ 0x3c
200048e2:	9202      	str	r2, [sp, #8]
200048e4:	9301      	str	r3, [sp, #4]
200048e6:	ab1c      	add	r3, sp, #112	@ 0x70
200048e8:	0022      	movs	r2, r4
200048ea:	9300      	str	r3, [sp, #0]
200048ec:	4659      	mov	r1, fp
200048ee:	0033      	movs	r3, r6
200048f0:	0028      	movs	r0, r5
200048f2:	f7ff f995 	bl	20003c20 <_ntoa_format>
200048f6:	4643      	mov	r3, r8
200048f8:	0004      	movs	r4, r0
200048fa:	930d      	str	r3, [sp, #52]	@ 0x34
200048fc:	e6fa      	b.n	200046f4 <_vsnprintf+0x50>
200048fe:	9b0d      	ldr	r3, [sp, #52]	@ 0x34
20004900:	cb04      	ldmia	r3!, {r2}
20004902:	4690      	mov	r8, r2
20004904:	2a00      	cmp	r2, #0
20004906:	db79      	blt.n	200049fc <_vsnprintf+0x358>
20004908:	7878      	ldrb	r0, [r7, #1]
2000490a:	930d      	str	r3, [sp, #52]	@ 0x34
2000490c:	000f      	movs	r7, r1
2000490e:	3101      	adds	r1, #1
20004910:	e717      	b.n	20004742 <_vsnprintf+0x9e>
20004912:	9b0d      	ldr	r3, [sp, #52]	@ 0x34
20004914:	cb02      	ldmia	r3!, {r1}
20004916:	9314      	str	r3, [sp, #80]	@ 0x50
20004918:	780b      	ldrb	r3, [r1, #0]
2000491a:	469c      	mov	ip, r3
2000491c:	0018      	movs	r0, r3
2000491e:	4653      	mov	r3, sl
20004920:	2b00      	cmp	r3, #0
20004922:	d100      	bne.n	20004926 <_vsnprintf+0x282>
20004924:	e134      	b.n	20004b90 <_vsnprintf+0x4ec>
20004926:	2800      	cmp	r0, #0
20004928:	d015      	beq.n	20004956 <_vsnprintf+0x2b2>
2000492a:	4653      	mov	r3, sl
2000492c:	3b01      	subs	r3, #1
2000492e:	3301      	adds	r3, #1
20004930:	4699      	mov	r9, r3
20004932:	940d      	str	r4, [sp, #52]	@ 0x34
20004934:	9c0b      	ldr	r4, [sp, #44]	@ 0x2c
20004936:	4489      	add	r9, r1
20004938:	464a      	mov	r2, r9
2000493a:	000b      	movs	r3, r1
2000493c:	46a1      	mov	r9, r4
2000493e:	e001      	b.n	20004944 <_vsnprintf+0x2a0>
20004940:	4293      	cmp	r3, r2
20004942:	d003      	beq.n	2000494c <_vsnprintf+0x2a8>
20004944:	785c      	ldrb	r4, [r3, #1]
20004946:	3301      	adds	r3, #1
20004948:	2c00      	cmp	r4, #0
2000494a:	d1f9      	bne.n	20004940 <_vsnprintf+0x29c>
2000494c:	464a      	mov	r2, r9
2000494e:	1a5b      	subs	r3, r3, r1
20004950:	9c0d      	ldr	r4, [sp, #52]	@ 0x34
20004952:	920b      	str	r2, [sp, #44]	@ 0x2c
20004954:	930f      	str	r3, [sp, #60]	@ 0x3c
20004956:	2380      	movs	r3, #128	@ 0x80
20004958:	00db      	lsls	r3, r3, #3
2000495a:	4699      	mov	r9, r3
2000495c:	9a0b      	ldr	r2, [sp, #44]	@ 0x2c
2000495e:	4013      	ands	r3, r2
20004960:	930d      	str	r3, [sp, #52]	@ 0x34
20004962:	464b      	mov	r3, r9
20004964:	421a      	tst	r2, r3
20004966:	d004      	beq.n	20004972 <_vsnprintf+0x2ce>
20004968:	9b0f      	ldr	r3, [sp, #60]	@ 0x3c
2000496a:	4553      	cmp	r3, sl
2000496c:	d901      	bls.n	20004972 <_vsnprintf+0x2ce>
2000496e:	4653      	mov	r3, sl
20004970:	930f      	str	r3, [sp, #60]	@ 0x3c
20004972:	2302      	movs	r3, #2
20004974:	4699      	mov	r9, r3
20004976:	9a0b      	ldr	r2, [sp, #44]	@ 0x2c
20004978:	4013      	ands	r3, r2
2000497a:	930b      	str	r3, [sp, #44]	@ 0x2c
2000497c:	464b      	mov	r3, r9
2000497e:	4213      	tst	r3, r2
20004980:	d100      	bne.n	20004984 <_vsnprintf+0x2e0>
20004982:	e1f5      	b.n	20004d70 <_vsnprintf+0x6cc>
20004984:	4663      	mov	r3, ip
20004986:	2b00      	cmp	r3, #0
20004988:	d100      	bne.n	2000498c <_vsnprintf+0x2e8>
2000498a:	e1d6      	b.n	20004d3a <_vsnprintf+0x696>
2000498c:	9b0d      	ldr	r3, [sp, #52]	@ 0x34
2000498e:	2b00      	cmp	r3, #0
20004990:	d100      	bne.n	20004994 <_vsnprintf+0x2f0>
20004992:	e182      	b.n	20004c9a <_vsnprintf+0x5f6>
20004994:	1b0b      	subs	r3, r1, r4
20004996:	46d1      	mov	r9, sl
20004998:	0031      	movs	r1, r6
2000499a:	469a      	mov	sl, r3
2000499c:	003b      	movs	r3, r7
2000499e:	44a1      	add	r9, r4
200049a0:	002e      	movs	r6, r5
200049a2:	465f      	mov	r7, fp
200049a4:	464d      	mov	r5, r9
200049a6:	0022      	movs	r2, r4
200049a8:	469b      	mov	fp, r3
200049aa:	4689      	mov	r9, r1
200049ac:	e009      	b.n	200049c2 <_vsnprintf+0x31e>
200049ae:	464b      	mov	r3, r9
200049b0:	0039      	movs	r1, r7
200049b2:	1c54      	adds	r4, r2, #1
200049b4:	47b0      	blx	r6
200049b6:	4653      	mov	r3, sl
200049b8:	5d18      	ldrb	r0, [r3, r4]
200049ba:	2800      	cmp	r0, #0
200049bc:	d100      	bne.n	200049c0 <_vsnprintf+0x31c>
200049be:	e192      	b.n	20004ce6 <_vsnprintf+0x642>
200049c0:	0022      	movs	r2, r4
200049c2:	4295      	cmp	r5, r2
200049c4:	d1f3      	bne.n	200049ae <_vsnprintf+0x30a>
200049c6:	464b      	mov	r3, r9
200049c8:	465a      	mov	r2, fp
200049ca:	46a9      	mov	r9, r5
200049cc:	46bb      	mov	fp, r7
200049ce:	0035      	movs	r5, r6
200049d0:	0017      	movs	r7, r2
200049d2:	001e      	movs	r6, r3
200049d4:	464c      	mov	r4, r9
200049d6:	9b0b      	ldr	r3, [sp, #44]	@ 0x2c
200049d8:	2b00      	cmp	r3, #0
200049da:	d000      	beq.n	200049de <_vsnprintf+0x33a>
200049dc:	e1ad      	b.n	20004d3a <_vsnprintf+0x696>
200049de:	9b14      	ldr	r3, [sp, #80]	@ 0x50
200049e0:	930d      	str	r3, [sp, #52]	@ 0x34
200049e2:	e687      	b.n	200046f4 <_vsnprintf+0x50>
200049e4:	200046a5 	.word	0x200046a5
200049e8:	2000aec8 	.word	0x2000aec8
200049ec:	20009c04 	.word	0x20009c04
200049f0:	20009c48 	.word	0x20009c48
200049f4:	20009c94 	.word	0x20009c94
200049f8:	00009041 	.word	0x00009041
200049fc:	9a0b      	ldr	r2, [sp, #44]	@ 0x2c
200049fe:	3828      	subs	r0, #40	@ 0x28
20004a00:	4302      	orrs	r2, r0
20004a02:	920b      	str	r2, [sp, #44]	@ 0x2c
20004a04:	4642      	mov	r2, r8
20004a06:	4252      	negs	r2, r2
20004a08:	7878      	ldrb	r0, [r7, #1]
20004a0a:	4690      	mov	r8, r2
20004a0c:	000f      	movs	r7, r1
20004a0e:	930d      	str	r3, [sp, #52]	@ 0x34
20004a10:	3101      	adds	r1, #1
20004a12:	e696      	b.n	20004742 <_vsnprintf+0x9e>
20004a14:	7878      	ldrb	r0, [r7, #1]
20004a16:	286c      	cmp	r0, #108	@ 0x6c
20004a18:	d100      	bne.n	20004a1c <_vsnprintf+0x378>
20004a1a:	e15d      	b.n	20004cd8 <_vsnprintf+0x634>
20004a1c:	2380      	movs	r3, #128	@ 0x80
20004a1e:	9a0b      	ldr	r2, [sp, #44]	@ 0x2c
20004a20:	005b      	lsls	r3, r3, #1
20004a22:	431a      	orrs	r2, r3
20004a24:	920b      	str	r2, [sp, #44]	@ 0x2c
20004a26:	3101      	adds	r1, #1
20004a28:	e6b3      	b.n	20004792 <_vsnprintf+0xee>
20004a2a:	2380      	movs	r3, #128	@ 0x80
20004a2c:	009b      	lsls	r3, r3, #2
20004a2e:	e6ab      	b.n	20004788 <_vsnprintf+0xe4>
20004a30:	7878      	ldrb	r0, [r7, #1]
20004a32:	2868      	cmp	r0, #104	@ 0x68
20004a34:	d100      	bne.n	20004a38 <_vsnprintf+0x394>
20004a36:	e148      	b.n	20004cca <_vsnprintf+0x626>
20004a38:	2380      	movs	r3, #128	@ 0x80
20004a3a:	9a0b      	ldr	r2, [sp, #44]	@ 0x2c
20004a3c:	3101      	adds	r1, #1
20004a3e:	431a      	orrs	r2, r3
20004a40:	920b      	str	r2, [sp, #44]	@ 0x2c
20004a42:	e6a6      	b.n	20004792 <_vsnprintf+0xee>
20004a44:	2867      	cmp	r0, #103	@ 0x67
20004a46:	d100      	bne.n	20004a4a <_vsnprintf+0x3a6>
20004a48:	e0b2      	b.n	20004bb0 <_vsnprintf+0x50c>
20004a4a:	2847      	cmp	r0, #71	@ 0x47
20004a4c:	d100      	bne.n	20004a50 <_vsnprintf+0x3ac>
20004a4e:	e11a      	b.n	20004c86 <_vsnprintf+0x5e2>
20004a50:	2845      	cmp	r0, #69	@ 0x45
20004a52:	d100      	bne.n	20004a56 <_vsnprintf+0x3b2>
20004a54:	e11c      	b.n	20004c90 <_vsnprintf+0x5ec>
20004a56:	9a0b      	ldr	r2, [sp, #44]	@ 0x2c
20004a58:	2107      	movs	r1, #7
20004a5a:	9204      	str	r2, [sp, #16]
20004a5c:	4642      	mov	r2, r8
20004a5e:	9b0d      	ldr	r3, [sp, #52]	@ 0x34
20004a60:	9203      	str	r2, [sp, #12]
20004a62:	3307      	adds	r3, #7
20004a64:	4652      	mov	r2, sl
20004a66:	438b      	bics	r3, r1
20004a68:	0019      	movs	r1, r3
20004a6a:	9202      	str	r2, [sp, #8]
20004a6c:	c90c      	ldmia	r1!, {r2, r3}
20004a6e:	0028      	movs	r0, r5
20004a70:	9200      	str	r2, [sp, #0]
20004a72:	9301      	str	r3, [sp, #4]
20004a74:	910d      	str	r1, [sp, #52]	@ 0x34
20004a76:	0022      	movs	r2, r4
20004a78:	0033      	movs	r3, r6
20004a7a:	4659      	mov	r1, fp
20004a7c:	f7ff fa00 	bl	20003e80 <_etoa>
20004a80:	0004      	movs	r4, r0
20004a82:	e637      	b.n	200046f4 <_vsnprintf+0x50>
20004a84:	2846      	cmp	r0, #70	@ 0x46
20004a86:	d100      	bne.n	20004a8a <_vsnprintf+0x3e6>
20004a88:	e08d      	b.n	20004ba6 <_vsnprintf+0x502>
20004a8a:	9a0b      	ldr	r2, [sp, #44]	@ 0x2c
20004a8c:	2107      	movs	r1, #7
20004a8e:	9204      	str	r2, [sp, #16]
20004a90:	4642      	mov	r2, r8
20004a92:	9b0d      	ldr	r3, [sp, #52]	@ 0x34
20004a94:	9203      	str	r2, [sp, #12]
20004a96:	3307      	adds	r3, #7
20004a98:	4652      	mov	r2, sl
20004a9a:	438b      	bics	r3, r1
20004a9c:	0019      	movs	r1, r3
20004a9e:	9202      	str	r2, [sp, #8]
20004aa0:	c90c      	ldmia	r1!, {r2, r3}
20004aa2:	0028      	movs	r0, r5
20004aa4:	9200      	str	r2, [sp, #0]
20004aa6:	9301      	str	r3, [sp, #4]
20004aa8:	910d      	str	r1, [sp, #52]	@ 0x34
20004aaa:	0022      	movs	r2, r4
20004aac:	0033      	movs	r3, r6
20004aae:	4659      	mov	r1, fp
20004ab0:	f7ff fc18 	bl	200042e4 <_ftoa>
20004ab4:	0004      	movs	r4, r0
20004ab6:	e61d      	b.n	200046f4 <_vsnprintf+0x50>
20004ab8:	1c63      	adds	r3, r4, #1
20004aba:	4698      	mov	r8, r3
20004abc:	0022      	movs	r2, r4
20004abe:	0033      	movs	r3, r6
20004ac0:	4659      	mov	r1, fp
20004ac2:	2025      	movs	r0, #37	@ 0x25
20004ac4:	47a8      	blx	r5
20004ac6:	4644      	mov	r4, r8
20004ac8:	e614      	b.n	200046f4 <_vsnprintf+0x50>
20004aca:	9b0d      	ldr	r3, [sp, #52]	@ 0x34
20004acc:	3304      	adds	r3, #4
20004ace:	930f      	str	r3, [sp, #60]	@ 0x3c
20004ad0:	1c63      	adds	r3, r4, #1
20004ad2:	4699      	mov	r9, r3
20004ad4:	9b0b      	ldr	r3, [sp, #44]	@ 0x2c
20004ad6:	079a      	lsls	r2, r3, #30
20004ad8:	d400      	bmi.n	20004adc <_vsnprintf+0x438>
20004ada:	e10a      	b.n	20004cf2 <_vsnprintf+0x64e>
20004adc:	9b0d      	ldr	r3, [sp, #52]	@ 0x34
20004ade:	0022      	movs	r2, r4
20004ae0:	7818      	ldrb	r0, [r3, #0]
20004ae2:	4659      	mov	r1, fp
20004ae4:	0033      	movs	r3, r6
20004ae6:	47a8      	blx	r5
20004ae8:	4643      	mov	r3, r8
20004aea:	4444      	add	r4, r8
20004aec:	2b01      	cmp	r3, #1
20004aee:	d800      	bhi.n	20004af2 <_vsnprintf+0x44e>
20004af0:	e16f      	b.n	20004dd2 <_vsnprintf+0x72e>
20004af2:	46b0      	mov	r8, r6
20004af4:	002e      	movs	r6, r5
20004af6:	0025      	movs	r5, r4
20004af8:	464c      	mov	r4, r9
20004afa:	46b9      	mov	r9, r7
20004afc:	465f      	mov	r7, fp
20004afe:	0022      	movs	r2, r4
20004b00:	4643      	mov	r3, r8
20004b02:	3401      	adds	r4, #1
20004b04:	0039      	movs	r1, r7
20004b06:	2020      	movs	r0, #32
20004b08:	47b0      	blx	r6
20004b0a:	42ac      	cmp	r4, r5
20004b0c:	d1f7      	bne.n	20004afe <_vsnprintf+0x45a>
20004b0e:	002c      	movs	r4, r5
20004b10:	46bb      	mov	fp, r7
20004b12:	0035      	movs	r5, r6
20004b14:	464f      	mov	r7, r9
20004b16:	4646      	mov	r6, r8
20004b18:	9b0f      	ldr	r3, [sp, #60]	@ 0x3c
20004b1a:	930d      	str	r3, [sp, #52]	@ 0x34
20004b1c:	e5ea      	b.n	200046f4 <_vsnprintf+0x50>
20004b1e:	4bd6      	ldr	r3, [pc, #856]	@ (20004e78 <_vsnprintf+0x7d4>)
20004b20:	7838      	ldrb	r0, [r7, #0]
20004b22:	469a      	mov	sl, r3
20004b24:	2300      	movs	r3, #0
20004b26:	4698      	mov	r8, r3
20004b28:	2800      	cmp	r0, #0
20004b2a:	d000      	beq.n	20004b2e <_vsnprintf+0x48a>
20004b2c:	e5d3      	b.n	200046d6 <_vsnprintf+0x32>
20004b2e:	2400      	movs	r4, #0
20004b30:	e66f      	b.n	20004812 <_vsnprintf+0x16e>
20004b32:	286f      	cmp	r0, #111	@ 0x6f
20004b34:	d042      	beq.n	20004bbc <_vsnprintf+0x518>
20004b36:	d800      	bhi.n	20004b3a <_vsnprintf+0x496>
20004b38:	e1fd      	b.n	20004f36 <_vsnprintf+0x892>
20004b3a:	2310      	movs	r3, #16
20004b3c:	2878      	cmp	r0, #120	@ 0x78
20004b3e:	d100      	bne.n	20004b42 <_vsnprintf+0x49e>
20004b40:	e09b      	b.n	20004c7a <_vsnprintf+0x5d6>
20004b42:	9a0b      	ldr	r2, [sp, #44]	@ 0x2c
20004b44:	439a      	bics	r2, r3
20004b46:	920b      	str	r2, [sp, #44]	@ 0x2c
20004b48:	230a      	movs	r3, #10
20004b4a:	469c      	mov	ip, r3
20004b4c:	2300      	movs	r3, #0
20004b4e:	9314      	str	r3, [sp, #80]	@ 0x50
20004b50:	330a      	adds	r3, #10
20004b52:	930f      	str	r3, [sp, #60]	@ 0x3c
20004b54:	e038      	b.n	20004bc8 <_vsnprintf+0x524>
20004b56:	4657      	mov	r7, sl
20004b58:	9a0b      	ldr	r2, [sp, #44]	@ 0x2c
20004b5a:	00b9      	lsls	r1, r7, #2
20004b5c:	19c9      	adds	r1, r1, r7
20004b5e:	0049      	lsls	r1, r1, #1
20004b60:	3301      	adds	r3, #1
20004b62:	180f      	adds	r7, r1, r0
20004b64:	7818      	ldrb	r0, [r3, #0]
20004b66:	3f30      	subs	r7, #48	@ 0x30
20004b68:	0001      	movs	r1, r0
20004b6a:	3930      	subs	r1, #48	@ 0x30
20004b6c:	2909      	cmp	r1, #9
20004b6e:	d9f4      	bls.n	20004b5a <_vsnprintf+0x4b6>
20004b70:	46ba      	mov	sl, r7
20004b72:	920b      	str	r2, [sp, #44]	@ 0x2c
20004b74:	001f      	movs	r7, r3
20004b76:	1c59      	adds	r1, r3, #1
20004b78:	e5e7      	b.n	2000474a <_vsnprintf+0xa6>
20004b7a:	9b0d      	ldr	r3, [sp, #52]	@ 0x34
20004b7c:	78b8      	ldrb	r0, [r7, #2]
20004b7e:	cb04      	ldmia	r3!, {r2}
20004b80:	3702      	adds	r7, #2
20004b82:	43d1      	mvns	r1, r2
20004b84:	17c9      	asrs	r1, r1, #31
20004b86:	400a      	ands	r2, r1
20004b88:	4692      	mov	sl, r2
20004b8a:	930d      	str	r3, [sp, #52]	@ 0x34
20004b8c:	1c79      	adds	r1, r7, #1
20004b8e:	e5dc      	b.n	2000474a <_vsnprintf+0xa6>
20004b90:	2800      	cmp	r0, #0
20004b92:	d100      	bne.n	20004b96 <_vsnprintf+0x4f2>
20004b94:	e6df      	b.n	20004956 <_vsnprintf+0x2b2>
20004b96:	2302      	movs	r3, #2
20004b98:	425b      	negs	r3, r3
20004b9a:	e6c8      	b.n	2000492e <_vsnprintf+0x28a>
20004b9c:	2021      	movs	r0, #33	@ 0x21
20004b9e:	9a0b      	ldr	r2, [sp, #44]	@ 0x2c
20004ba0:	4302      	orrs	r2, r0
20004ba2:	4691      	mov	r9, r2
20004ba4:	e676      	b.n	20004894 <_vsnprintf+0x1f0>
20004ba6:	2320      	movs	r3, #32
20004ba8:	9a0b      	ldr	r2, [sp, #44]	@ 0x2c
20004baa:	431a      	orrs	r2, r3
20004bac:	920b      	str	r2, [sp, #44]	@ 0x2c
20004bae:	e76c      	b.n	20004a8a <_vsnprintf+0x3e6>
20004bb0:	2380      	movs	r3, #128	@ 0x80
20004bb2:	9a0b      	ldr	r2, [sp, #44]	@ 0x2c
20004bb4:	011b      	lsls	r3, r3, #4
20004bb6:	431a      	orrs	r2, r3
20004bb8:	920b      	str	r2, [sp, #44]	@ 0x2c
20004bba:	e74c      	b.n	20004a56 <_vsnprintf+0x3b2>
20004bbc:	2308      	movs	r3, #8
20004bbe:	469c      	mov	ip, r3
20004bc0:	2300      	movs	r3, #0
20004bc2:	9314      	str	r3, [sp, #80]	@ 0x50
20004bc4:	3308      	adds	r3, #8
20004bc6:	930f      	str	r3, [sp, #60]	@ 0x3c
20004bc8:	980b      	ldr	r0, [sp, #44]	@ 0x2c
20004bca:	2380      	movs	r3, #128	@ 0x80
20004bcc:	0002      	movs	r2, r0
20004bce:	00db      	lsls	r3, r3, #3
20004bd0:	401a      	ands	r2, r3
20004bd2:	0011      	movs	r1, r2
20004bd4:	0002      	movs	r2, r0
20004bd6:	4218      	tst	r0, r3
20004bd8:	d000      	beq.n	20004bdc <_vsnprintf+0x538>
20004bda:	e080      	b.n	20004cde <_vsnprintf+0x63a>
20004bdc:	230c      	movs	r3, #12
20004bde:	439a      	bics	r2, r3
20004be0:	0010      	movs	r0, r2
20004be2:	2380      	movs	r3, #128	@ 0x80
20004be4:	0002      	movs	r2, r0
20004be6:	009b      	lsls	r3, r3, #2
20004be8:	401a      	ands	r2, r3
20004bea:	920b      	str	r2, [sp, #44]	@ 0x2c
20004bec:	4218      	tst	r0, r3
20004bee:	d000      	beq.n	20004bf2 <_vsnprintf+0x54e>
20004bf0:	e0f1      	b.n	20004dd6 <_vsnprintf+0x732>
20004bf2:	2380      	movs	r3, #128	@ 0x80
20004bf4:	0002      	movs	r2, r0
20004bf6:	005b      	lsls	r3, r3, #1
20004bf8:	401a      	ands	r2, r3
20004bfa:	4691      	mov	r9, r2
20004bfc:	9a0d      	ldr	r2, [sp, #52]	@ 0x34
20004bfe:	3204      	adds	r2, #4
20004c00:	9214      	str	r2, [sp, #80]	@ 0x50
20004c02:	4218      	tst	r0, r3
20004c04:	d000      	beq.n	20004c08 <_vsnprintf+0x564>
20004c06:	e2c3      	b.n	20005190 <_vsnprintf+0xaec>
20004c08:	0643      	lsls	r3, r0, #25
20004c0a:	d500      	bpl.n	20004c0e <_vsnprintf+0x56a>
20004c0c:	e0d7      	b.n	20004dbe <_vsnprintf+0x71a>
20004c0e:	0603      	lsls	r3, r0, #24
20004c10:	d400      	bmi.n	20004c14 <_vsnprintf+0x570>
20004c12:	e321      	b.n	20005258 <_vsnprintf+0xbb4>
20004c14:	9b0d      	ldr	r3, [sp, #52]	@ 0x34
20004c16:	881b      	ldrh	r3, [r3, #0]
20004c18:	9309      	str	r3, [sp, #36]	@ 0x24
20004c1a:	2b00      	cmp	r3, #0
20004c1c:	d000      	beq.n	20004c20 <_vsnprintf+0x57c>
20004c1e:	e12d      	b.n	20004e7c <_vsnprintf+0x7d8>
20004c20:	3310      	adds	r3, #16
20004c22:	4398      	bics	r0, r3
20004c24:	2900      	cmp	r1, #0
20004c26:	d100      	bne.n	20004c2a <_vsnprintf+0x586>
20004c28:	e128      	b.n	20004e7c <_vsnprintf+0x7d8>
20004c2a:	2300      	movs	r3, #0
20004c2c:	4699      	mov	r9, r3
20004c2e:	4643      	mov	r3, r8
20004c30:	9305      	str	r3, [sp, #20]
20004c32:	4653      	mov	r3, sl
20004c34:	9304      	str	r3, [sp, #16]
20004c36:	9b0f      	ldr	r3, [sp, #60]	@ 0x3c
20004c38:	9006      	str	r0, [sp, #24]
20004c3a:	9303      	str	r3, [sp, #12]
20004c3c:	2300      	movs	r3, #0
20004c3e:	9302      	str	r3, [sp, #8]
20004c40:	464b      	mov	r3, r9
20004c42:	9301      	str	r3, [sp, #4]
20004c44:	ab1c      	add	r3, sp, #112	@ 0x70
20004c46:	0022      	movs	r2, r4
20004c48:	9300      	str	r3, [sp, #0]
20004c4a:	4659      	mov	r1, fp
20004c4c:	0033      	movs	r3, r6
20004c4e:	0028      	movs	r0, r5
20004c50:	f7fe ffe6 	bl	20003c20 <_ntoa_format>
20004c54:	0004      	movs	r4, r0
20004c56:	e6c2      	b.n	200049de <_vsnprintf+0x33a>
20004c58:	2858      	cmp	r0, #88	@ 0x58
20004c5a:	d009      	beq.n	20004c70 <_vsnprintf+0x5cc>
20004c5c:	2862      	cmp	r0, #98	@ 0x62
20004c5e:	d000      	beq.n	20004c62 <_vsnprintf+0x5be>
20004c60:	e2e3      	b.n	2000522a <_vsnprintf+0xb86>
20004c62:	2302      	movs	r3, #2
20004c64:	469c      	mov	ip, r3
20004c66:	2300      	movs	r3, #0
20004c68:	9314      	str	r3, [sp, #80]	@ 0x50
20004c6a:	3302      	adds	r3, #2
20004c6c:	930f      	str	r3, [sp, #60]	@ 0x3c
20004c6e:	e7ab      	b.n	20004bc8 <_vsnprintf+0x524>
20004c70:	2320      	movs	r3, #32
20004c72:	9a0b      	ldr	r2, [sp, #44]	@ 0x2c
20004c74:	431a      	orrs	r2, r3
20004c76:	920b      	str	r2, [sp, #44]	@ 0x2c
20004c78:	3b10      	subs	r3, #16
20004c7a:	469c      	mov	ip, r3
20004c7c:	2300      	movs	r3, #0
20004c7e:	9314      	str	r3, [sp, #80]	@ 0x50
20004c80:	3310      	adds	r3, #16
20004c82:	930f      	str	r3, [sp, #60]	@ 0x3c
20004c84:	e7a0      	b.n	20004bc8 <_vsnprintf+0x524>
20004c86:	2380      	movs	r3, #128	@ 0x80
20004c88:	9a0b      	ldr	r2, [sp, #44]	@ 0x2c
20004c8a:	011b      	lsls	r3, r3, #4
20004c8c:	431a      	orrs	r2, r3
20004c8e:	920b      	str	r2, [sp, #44]	@ 0x2c
20004c90:	2320      	movs	r3, #32
20004c92:	9a0b      	ldr	r2, [sp, #44]	@ 0x2c
20004c94:	431a      	orrs	r2, r3
20004c96:	920b      	str	r2, [sp, #44]	@ 0x2c
20004c98:	e6dd      	b.n	20004a56 <_vsnprintf+0x3b2>
20004c9a:	1b0b      	subs	r3, r1, r4
20004c9c:	469a      	mov	sl, r3
20004c9e:	9b0f      	ldr	r3, [sp, #60]	@ 0x3c
20004ca0:	4699      	mov	r9, r3
20004ca2:	003b      	movs	r3, r7
20004ca4:	0037      	movs	r7, r6
20004ca6:	465e      	mov	r6, fp
20004ca8:	469b      	mov	fp, r3
20004caa:	0022      	movs	r2, r4
20004cac:	003b      	movs	r3, r7
20004cae:	0031      	movs	r1, r6
20004cb0:	47a8      	blx	r5
20004cb2:	4653      	mov	r3, sl
20004cb4:	3401      	adds	r4, #1
20004cb6:	5d18      	ldrb	r0, [r3, r4]
20004cb8:	2800      	cmp	r0, #0
20004cba:	d1f6      	bne.n	20004caa <_vsnprintf+0x606>
20004cbc:	464b      	mov	r3, r9
20004cbe:	930f      	str	r3, [sp, #60]	@ 0x3c
20004cc0:	465b      	mov	r3, fp
20004cc2:	46b3      	mov	fp, r6
20004cc4:	003e      	movs	r6, r7
20004cc6:	001f      	movs	r7, r3
20004cc8:	e685      	b.n	200049d6 <_vsnprintf+0x332>
20004cca:	23c0      	movs	r3, #192	@ 0xc0
20004ccc:	9a0b      	ldr	r2, [sp, #44]	@ 0x2c
20004cce:	78b8      	ldrb	r0, [r7, #2]
20004cd0:	431a      	orrs	r2, r3
20004cd2:	920b      	str	r2, [sp, #44]	@ 0x2c
20004cd4:	1cf9      	adds	r1, r7, #3
20004cd6:	e55c      	b.n	20004792 <_vsnprintf+0xee>
20004cd8:	23c0      	movs	r3, #192	@ 0xc0
20004cda:	009b      	lsls	r3, r3, #2
20004cdc:	e7f6      	b.n	20004ccc <_vsnprintf+0x628>
20004cde:	230d      	movs	r3, #13
20004ce0:	439a      	bics	r2, r3
20004ce2:	0010      	movs	r0, r2
20004ce4:	e77d      	b.n	20004be2 <_vsnprintf+0x53e>
20004ce6:	465b      	mov	r3, fp
20004ce8:	0035      	movs	r5, r6
20004cea:	46bb      	mov	fp, r7
20004cec:	464e      	mov	r6, r9
20004cee:	001f      	movs	r7, r3
20004cf0:	e671      	b.n	200049d6 <_vsnprintf+0x332>
20004cf2:	4643      	mov	r3, r8
20004cf4:	2b01      	cmp	r3, #1
20004cf6:	d966      	bls.n	20004dc6 <_vsnprintf+0x722>
20004cf8:	1e63      	subs	r3, r4, #1
20004cfa:	4443      	add	r3, r8
20004cfc:	0032      	movs	r2, r6
20004cfe:	002e      	movs	r6, r5
20004d00:	001d      	movs	r5, r3
20004d02:	003b      	movs	r3, r7
20004d04:	46a2      	mov	sl, r4
20004d06:	465f      	mov	r7, fp
20004d08:	4691      	mov	r9, r2
20004d0a:	469b      	mov	fp, r3
20004d0c:	0022      	movs	r2, r4
20004d0e:	464b      	mov	r3, r9
20004d10:	3401      	adds	r4, #1
20004d12:	0039      	movs	r1, r7
20004d14:	2020      	movs	r0, #32
20004d16:	47b0      	blx	r6
20004d18:	42ac      	cmp	r4, r5
20004d1a:	d1f7      	bne.n	20004d0c <_vsnprintf+0x668>
20004d1c:	465b      	mov	r3, fp
20004d1e:	0035      	movs	r5, r6
20004d20:	46bb      	mov	fp, r7
20004d22:	464e      	mov	r6, r9
20004d24:	46a1      	mov	r9, r4
20004d26:	4654      	mov	r4, sl
20004d28:	001f      	movs	r7, r3
20004d2a:	9b0d      	ldr	r3, [sp, #52]	@ 0x34
20004d2c:	464a      	mov	r2, r9
20004d2e:	7818      	ldrb	r0, [r3, #0]
20004d30:	4659      	mov	r1, fp
20004d32:	0033      	movs	r3, r6
20004d34:	4444      	add	r4, r8
20004d36:	47a8      	blx	r5
20004d38:	e6ee      	b.n	20004b18 <_vsnprintf+0x474>
20004d3a:	9b0f      	ldr	r3, [sp, #60]	@ 0x3c
20004d3c:	46a1      	mov	r9, r4
20004d3e:	4598      	cmp	r8, r3
20004d40:	d800      	bhi.n	20004d44 <_vsnprintf+0x6a0>
20004d42:	e64c      	b.n	200049de <_vsnprintf+0x33a>
20004d44:	4444      	add	r4, r8
20004d46:	1ae4      	subs	r4, r4, r3
20004d48:	46b0      	mov	r8, r6
20004d4a:	002e      	movs	r6, r5
20004d4c:	0025      	movs	r5, r4
20004d4e:	464c      	mov	r4, r9
20004d50:	46b9      	mov	r9, r7
20004d52:	465f      	mov	r7, fp
20004d54:	0022      	movs	r2, r4
20004d56:	4643      	mov	r3, r8
20004d58:	3401      	adds	r4, #1
20004d5a:	0039      	movs	r1, r7
20004d5c:	2020      	movs	r0, #32
20004d5e:	47b0      	blx	r6
20004d60:	42ac      	cmp	r4, r5
20004d62:	d1f7      	bne.n	20004d54 <_vsnprintf+0x6b0>
20004d64:	002c      	movs	r4, r5
20004d66:	46bb      	mov	fp, r7
20004d68:	0035      	movs	r5, r6
20004d6a:	464f      	mov	r7, r9
20004d6c:	4646      	mov	r6, r8
20004d6e:	e636      	b.n	200049de <_vsnprintf+0x33a>
20004d70:	980f      	ldr	r0, [sp, #60]	@ 0x3c
20004d72:	4580      	cmp	r8, r0
20004d74:	d800      	bhi.n	20004d78 <_vsnprintf+0x6d4>
20004d76:	e273      	b.n	20005260 <_vsnprintf+0xbbc>
20004d78:	4643      	mov	r3, r8
20004d7a:	18e2      	adds	r2, r4, r3
20004d7c:	1a13      	subs	r3, r2, r0
20004d7e:	0032      	movs	r2, r6
20004d80:	002e      	movs	r6, r5
20004d82:	001d      	movs	r5, r3
20004d84:	003b      	movs	r3, r7
20004d86:	4691      	mov	r9, r2
20004d88:	465f      	mov	r7, fp
20004d8a:	469b      	mov	fp, r3
20004d8c:	910f      	str	r1, [sp, #60]	@ 0x3c
20004d8e:	0022      	movs	r2, r4
20004d90:	464b      	mov	r3, r9
20004d92:	3401      	adds	r4, #1
20004d94:	0039      	movs	r1, r7
20004d96:	2020      	movs	r0, #32
20004d98:	47b0      	blx	r6
20004d9a:	42ac      	cmp	r4, r5
20004d9c:	d1f7      	bne.n	20004d8e <_vsnprintf+0x6ea>
20004d9e:	465b      	mov	r3, fp
20004da0:	46bb      	mov	fp, r7
20004da2:	001f      	movs	r7, r3
20004da4:	4643      	mov	r3, r8
20004da6:	990f      	ldr	r1, [sp, #60]	@ 0x3c
20004da8:	3301      	adds	r3, #1
20004daa:	930f      	str	r3, [sp, #60]	@ 0x3c
20004dac:	780b      	ldrb	r3, [r1, #0]
20004dae:	0035      	movs	r5, r6
20004db0:	469c      	mov	ip, r3
20004db2:	464e      	mov	r6, r9
20004db4:	4660      	mov	r0, ip
20004db6:	2800      	cmp	r0, #0
20004db8:	d000      	beq.n	20004dbc <_vsnprintf+0x718>
20004dba:	e5e7      	b.n	2000498c <_vsnprintf+0x2e8>
20004dbc:	e60f      	b.n	200049de <_vsnprintf+0x33a>
20004dbe:	9b0d      	ldr	r3, [sp, #52]	@ 0x34
20004dc0:	781b      	ldrb	r3, [r3, #0]
20004dc2:	9309      	str	r3, [sp, #36]	@ 0x24
20004dc4:	e729      	b.n	20004c1a <_vsnprintf+0x576>
20004dc6:	9b0d      	ldr	r3, [sp, #52]	@ 0x34
20004dc8:	0022      	movs	r2, r4
20004dca:	7818      	ldrb	r0, [r3, #0]
20004dcc:	4659      	mov	r1, fp
20004dce:	0033      	movs	r3, r6
20004dd0:	47a8      	blx	r5
20004dd2:	464c      	mov	r4, r9
20004dd4:	e6a0      	b.n	20004b18 <_vsnprintf+0x474>
20004dd6:	9a0d      	ldr	r2, [sp, #52]	@ 0x34
20004dd8:	3bfa      	subs	r3, #250	@ 0xfa
20004dda:	3bff      	subs	r3, #255	@ 0xff
20004ddc:	3207      	adds	r2, #7
20004dde:	439a      	bics	r2, r3
20004de0:	3301      	adds	r3, #1
20004de2:	4699      	mov	r9, r3
20004de4:	4491      	add	r9, r2
20004de6:	464b      	mov	r3, r9
20004de8:	930d      	str	r3, [sp, #52]	@ 0x34
20004dea:	6813      	ldr	r3, [r2, #0]
20004dec:	6852      	ldr	r2, [r2, #4]
20004dee:	9215      	str	r2, [sp, #84]	@ 0x54
20004df0:	431a      	orrs	r2, r3
20004df2:	d106      	bne.n	20004e02 <_vsnprintf+0x75e>
20004df4:	3210      	adds	r2, #16
20004df6:	4390      	bics	r0, r2
20004df8:	2200      	movs	r2, #0
20004dfa:	9209      	str	r2, [sp, #36]	@ 0x24
20004dfc:	2900      	cmp	r1, #0
20004dfe:	d000      	beq.n	20004e02 <_vsnprintf+0x75e>
20004e00:	e083      	b.n	20004f0a <_vsnprintf+0x866>
20004e02:	2261      	movs	r2, #97	@ 0x61
20004e04:	0681      	lsls	r1, r0, #26
20004e06:	d500      	bpl.n	20004e0a <_vsnprintf+0x766>
20004e08:	2241      	movs	r2, #65	@ 0x41
20004e0a:	b2d2      	uxtb	r2, r2
20004e0c:	920a      	str	r2, [sp, #40]	@ 0x28
20004e0e:	aa14      	add	r2, sp, #80	@ 0x50
20004e10:	4691      	mov	r9, r2
20004e12:	9a0a      	ldr	r2, [sp, #40]	@ 0x28
20004e14:	2100      	movs	r1, #0
20004e16:	3a0a      	subs	r2, #10
20004e18:	920b      	str	r2, [sp, #44]	@ 0x2c
20004e1a:	4642      	mov	r2, r8
20004e1c:	9217      	str	r2, [sp, #92]	@ 0x5c
20004e1e:	4652      	mov	r2, sl
20004e20:	9218      	str	r2, [sp, #96]	@ 0x60
20004e22:	465a      	mov	r2, fp
20004e24:	46b2      	mov	sl, r6
20004e26:	9109      	str	r1, [sp, #36]	@ 0x24
20004e28:	001e      	movs	r6, r3
20004e2a:	311f      	adds	r1, #31
20004e2c:	9b14      	ldr	r3, [sp, #80]	@ 0x50
20004e2e:	4449      	add	r1, r9
20004e30:	46bb      	mov	fp, r7
20004e32:	9416      	str	r4, [sp, #88]	@ 0x58
20004e34:	951a      	str	r5, [sp, #104]	@ 0x68
20004e36:	2400      	movs	r4, #0
20004e38:	4667      	mov	r7, ip
20004e3a:	4698      	mov	r8, r3
20004e3c:	4689      	mov	r9, r1
20004e3e:	9d15      	ldr	r5, [sp, #84]	@ 0x54
20004e40:	9019      	str	r0, [sp, #100]	@ 0x64
20004e42:	921b      	str	r2, [sp, #108]	@ 0x6c
20004e44:	e00a      	b.n	20004e5c <_vsnprintf+0x7b8>
20004e46:	3230      	adds	r2, #48	@ 0x30
20004e48:	b2d2      	uxtb	r2, r2
20004e4a:	464b      	mov	r3, r9
20004e4c:	3401      	adds	r4, #1
20004e4e:	551a      	strb	r2, [r3, r4]
20004e50:	45a8      	cmp	r8, r5
20004e52:	d04c      	beq.n	20004eee <_vsnprintf+0x84a>
20004e54:	2c20      	cmp	r4, #32
20004e56:	d04c      	beq.n	20004ef2 <_vsnprintf+0x84e>
20004e58:	0006      	movs	r6, r0
20004e5a:	000d      	movs	r5, r1
20004e5c:	003a      	movs	r2, r7
20004e5e:	2300      	movs	r3, #0
20004e60:	0030      	movs	r0, r6
20004e62:	0029      	movs	r1, r5
20004e64:	f7fd ff1a 	bl	20002c9c <__wrap___aeabi_uldivmod>
20004e68:	b2d2      	uxtb	r2, r2
20004e6a:	2a09      	cmp	r2, #9
20004e6c:	d9eb      	bls.n	20004e46 <_vsnprintf+0x7a2>
20004e6e:	9b0b      	ldr	r3, [sp, #44]	@ 0x2c
20004e70:	469c      	mov	ip, r3
20004e72:	4462      	add	r2, ip
20004e74:	b2d2      	uxtb	r2, r2
20004e76:	e7e8      	b.n	20004e4a <_vsnprintf+0x7a6>
20004e78:	20003b71 	.word	0x20003b71
20004e7c:	2361      	movs	r3, #97	@ 0x61
20004e7e:	0682      	lsls	r2, r0, #26
20004e80:	d500      	bpl.n	20004e84 <_vsnprintf+0x7e0>
20004e82:	2341      	movs	r3, #65	@ 0x41
20004e84:	b2db      	uxtb	r3, r3
20004e86:	3b0a      	subs	r3, #10
20004e88:	930b      	str	r3, [sp, #44]	@ 0x2c
20004e8a:	4643      	mov	r3, r8
20004e8c:	a914      	add	r1, sp, #80	@ 0x50
20004e8e:	221f      	movs	r2, #31
20004e90:	468c      	mov	ip, r1
20004e92:	9315      	str	r3, [sp, #84]	@ 0x54
20004e94:	4653      	mov	r3, sl
20004e96:	4462      	add	r2, ip
20004e98:	46b2      	mov	sl, r6
20004e9a:	940d      	str	r4, [sp, #52]	@ 0x34
20004e9c:	9717      	str	r7, [sp, #92]	@ 0x5c
20004e9e:	464c      	mov	r4, r9
20004ea0:	4680      	mov	r8, r0
20004ea2:	46a9      	mov	r9, r5
20004ea4:	0017      	movs	r7, r2
20004ea6:	9d09      	ldr	r5, [sp, #36]	@ 0x24
20004ea8:	9e0f      	ldr	r6, [sp, #60]	@ 0x3c
20004eaa:	9316      	str	r3, [sp, #88]	@ 0x58
20004eac:	e008      	b.n	20004ec0 <_vsnprintf+0x81c>
20004eae:	3330      	adds	r3, #48	@ 0x30
20004eb0:	b2db      	uxtb	r3, r3
20004eb2:	3401      	adds	r4, #1
20004eb4:	553b      	strb	r3, [r7, r4]
20004eb6:	42b5      	cmp	r5, r6
20004eb8:	d30e      	bcc.n	20004ed8 <_vsnprintf+0x834>
20004eba:	2c20      	cmp	r4, #32
20004ebc:	d00c      	beq.n	20004ed8 <_vsnprintf+0x834>
20004ebe:	0005      	movs	r5, r0
20004ec0:	0031      	movs	r1, r6
20004ec2:	0028      	movs	r0, r5
20004ec4:	f7fd feac 	bl	20002c20 <__wrap___aeabi_uidiv>
20004ec8:	b2cb      	uxtb	r3, r1
20004eca:	2909      	cmp	r1, #9
20004ecc:	d9ef      	bls.n	20004eae <_vsnprintf+0x80a>
20004ece:	9a0b      	ldr	r2, [sp, #44]	@ 0x2c
20004ed0:	4694      	mov	ip, r2
20004ed2:	4463      	add	r3, ip
20004ed4:	b2db      	uxtb	r3, r3
20004ed6:	e7ec      	b.n	20004eb2 <_vsnprintf+0x80e>
20004ed8:	9b15      	ldr	r3, [sp, #84]	@ 0x54
20004eda:	4640      	mov	r0, r8
20004edc:	4698      	mov	r8, r3
20004ede:	9b16      	ldr	r3, [sp, #88]	@ 0x58
20004ee0:	464d      	mov	r5, r9
20004ee2:	4656      	mov	r6, sl
20004ee4:	46a1      	mov	r9, r4
20004ee6:	469a      	mov	sl, r3
20004ee8:	9c0d      	ldr	r4, [sp, #52]	@ 0x34
20004eea:	9f17      	ldr	r7, [sp, #92]	@ 0x5c
20004eec:	e69f      	b.n	20004c2e <_vsnprintf+0x58a>
20004eee:	42b7      	cmp	r7, r6
20004ef0:	d9b0      	bls.n	20004e54 <_vsnprintf+0x7b0>
20004ef2:	9b17      	ldr	r3, [sp, #92]	@ 0x5c
20004ef4:	4656      	mov	r6, sl
20004ef6:	4698      	mov	r8, r3
20004ef8:	9b18      	ldr	r3, [sp, #96]	@ 0x60
20004efa:	465f      	mov	r7, fp
20004efc:	469a      	mov	sl, r3
20004efe:	9b1b      	ldr	r3, [sp, #108]	@ 0x6c
20004f00:	9409      	str	r4, [sp, #36]	@ 0x24
20004f02:	469b      	mov	fp, r3
20004f04:	9c16      	ldr	r4, [sp, #88]	@ 0x58
20004f06:	9819      	ldr	r0, [sp, #100]	@ 0x64
20004f08:	9d1a      	ldr	r5, [sp, #104]	@ 0x68
20004f0a:	4643      	mov	r3, r8
20004f0c:	9305      	str	r3, [sp, #20]
20004f0e:	4653      	mov	r3, sl
20004f10:	9304      	str	r3, [sp, #16]
20004f12:	9b0f      	ldr	r3, [sp, #60]	@ 0x3c
20004f14:	9006      	str	r0, [sp, #24]
20004f16:	9303      	str	r3, [sp, #12]
20004f18:	2300      	movs	r3, #0
20004f1a:	9302      	str	r3, [sp, #8]
20004f1c:	9b09      	ldr	r3, [sp, #36]	@ 0x24
20004f1e:	9301      	str	r3, [sp, #4]
20004f20:	ab1c      	add	r3, sp, #112	@ 0x70
20004f22:	0022      	movs	r2, r4
20004f24:	9300      	str	r3, [sp, #0]
20004f26:	4659      	mov	r1, fp
20004f28:	0033      	movs	r3, r6
20004f2a:	0028      	movs	r0, r5
20004f2c:	f7fe fe78 	bl	20003c20 <_ntoa_format>
20004f30:	0004      	movs	r4, r0
20004f32:	f7ff fbdf 	bl	200046f4 <_vsnprintf+0x50>
20004f36:	2310      	movs	r3, #16
20004f38:	9a0b      	ldr	r2, [sp, #44]	@ 0x2c
20004f3a:	439a      	bics	r2, r3
20004f3c:	920f      	str	r2, [sp, #60]	@ 0x3c
20004f3e:	2869      	cmp	r0, #105	@ 0x69
20004f40:	d000      	beq.n	20004f44 <_vsnprintf+0x8a0>
20004f42:	e191      	b.n	20005268 <_vsnprintf+0xbc4>
20004f44:	990b      	ldr	r1, [sp, #44]	@ 0x2c
20004f46:	2380      	movs	r3, #128	@ 0x80
20004f48:	000a      	movs	r2, r1
20004f4a:	00db      	lsls	r3, r3, #3
20004f4c:	401a      	ands	r2, r3
20004f4e:	0010      	movs	r0, r2
20004f50:	000a      	movs	r2, r1
20004f52:	4219      	tst	r1, r3
20004f54:	d003      	beq.n	20004f5e <_vsnprintf+0x8ba>
20004f56:	2111      	movs	r1, #17
20004f58:	0018      	movs	r0, r3
20004f5a:	438a      	bics	r2, r1
20004f5c:	920f      	str	r2, [sp, #60]	@ 0x3c
20004f5e:	9a0f      	ldr	r2, [sp, #60]	@ 0x3c
20004f60:	2380      	movs	r3, #128	@ 0x80
20004f62:	0011      	movs	r1, r2
20004f64:	009b      	lsls	r3, r3, #2
20004f66:	4019      	ands	r1, r3
20004f68:	468c      	mov	ip, r1
20004f6a:	421a      	tst	r2, r3
20004f6c:	d15b      	bne.n	20005026 <_vsnprintf+0x982>
20004f6e:	2380      	movs	r3, #128	@ 0x80
20004f70:	0011      	movs	r1, r2
20004f72:	005b      	lsls	r3, r3, #1
20004f74:	4019      	ands	r1, r3
20004f76:	4689      	mov	r9, r1
20004f78:	990d      	ldr	r1, [sp, #52]	@ 0x34
20004f7a:	3104      	adds	r1, #4
20004f7c:	910b      	str	r1, [sp, #44]	@ 0x2c
20004f7e:	421a      	tst	r2, r3
20004f80:	d000      	beq.n	20004f84 <_vsnprintf+0x8e0>
20004f82:	e0b2      	b.n	200050ea <_vsnprintf+0xa46>
20004f84:	0013      	movs	r3, r2
20004f86:	065b      	lsls	r3, r3, #25
20004f88:	d400      	bmi.n	20004f8c <_vsnprintf+0x8e8>
20004f8a:	e0ed      	b.n	20005168 <_vsnprintf+0xac4>
20004f8c:	9b0d      	ldr	r3, [sp, #52]	@ 0x34
20004f8e:	781b      	ldrb	r3, [r3, #0]
20004f90:	001a      	movs	r2, r3
20004f92:	0fd9      	lsrs	r1, r3, #31
20004f94:	910d      	str	r1, [sp, #52]	@ 0x34
20004f96:	2b00      	cmp	r3, #0
20004f98:	d100      	bne.n	20004f9c <_vsnprintf+0x8f8>
20004f9a:	e0a3      	b.n	200050e4 <_vsnprintf+0xa40>
20004f9c:	0010      	movs	r0, r2
20004f9e:	aa14      	add	r2, sp, #80	@ 0x50
20004fa0:	4694      	mov	ip, r2
20004fa2:	4642      	mov	r2, r8
20004fa4:	231f      	movs	r3, #31
20004fa6:	9215      	str	r2, [sp, #84]	@ 0x54
20004fa8:	4652      	mov	r2, sl
20004faa:	4463      	add	r3, ip
20004fac:	46a8      	mov	r8, r5
20004fae:	46ba      	mov	sl, r7
20004fb0:	464d      	mov	r5, r9
20004fb2:	9414      	str	r4, [sp, #80]	@ 0x50
20004fb4:	46b1      	mov	r9, r6
20004fb6:	0004      	movs	r4, r0
20004fb8:	001f      	movs	r7, r3
20004fba:	9216      	str	r2, [sp, #88]	@ 0x58
20004fbc:	e001      	b.n	20004fc2 <_vsnprintf+0x91e>
20004fbe:	2d20      	cmp	r5, #32
20004fc0:	d00f      	beq.n	20004fe2 <_vsnprintf+0x93e>
20004fc2:	0020      	movs	r0, r4
20004fc4:	210a      	movs	r1, #10
20004fc6:	f7fd fe2b 	bl	20002c20 <__wrap___aeabi_uidiv>
20004fca:	3501      	adds	r5, #1
20004fcc:	197e      	adds	r6, r7, r5
20004fce:	3130      	adds	r1, #48	@ 0x30
20004fd0:	7031      	strb	r1, [r6, #0]
20004fd2:	0020      	movs	r0, r4
20004fd4:	210a      	movs	r1, #10
20004fd6:	f7fd fe23 	bl	20002c20 <__wrap___aeabi_uidiv>
20004fda:	0026      	movs	r6, r4
20004fdc:	0004      	movs	r4, r0
20004fde:	2e09      	cmp	r6, #9
20004fe0:	d8ed      	bhi.n	20004fbe <_vsnprintf+0x91a>
20004fe2:	9b15      	ldr	r3, [sp, #84]	@ 0x54
20004fe4:	464e      	mov	r6, r9
20004fe6:	46a9      	mov	r9, r5
20004fe8:	4645      	mov	r5, r8
20004fea:	4698      	mov	r8, r3
20004fec:	9b16      	ldr	r3, [sp, #88]	@ 0x58
20004fee:	4657      	mov	r7, sl
20004ff0:	469a      	mov	sl, r3
20004ff2:	9c14      	ldr	r4, [sp, #80]	@ 0x50
20004ff4:	9b0f      	ldr	r3, [sp, #60]	@ 0x3c
20004ff6:	9306      	str	r3, [sp, #24]
20004ff8:	4643      	mov	r3, r8
20004ffa:	9305      	str	r3, [sp, #20]
20004ffc:	4653      	mov	r3, sl
20004ffe:	9304      	str	r3, [sp, #16]
20005000:	230a      	movs	r3, #10
20005002:	9303      	str	r3, [sp, #12]
20005004:	9b0d      	ldr	r3, [sp, #52]	@ 0x34
20005006:	9302      	str	r3, [sp, #8]
20005008:	464b      	mov	r3, r9
2000500a:	9301      	str	r3, [sp, #4]
2000500c:	ab1c      	add	r3, sp, #112	@ 0x70
2000500e:	0022      	movs	r2, r4
20005010:	9300      	str	r3, [sp, #0]
20005012:	4659      	mov	r1, fp
20005014:	0033      	movs	r3, r6
20005016:	0028      	movs	r0, r5
20005018:	f7fe fe02 	bl	20003c20 <_ntoa_format>
2000501c:	9b0b      	ldr	r3, [sp, #44]	@ 0x2c
2000501e:	0004      	movs	r4, r0
20005020:	930d      	str	r3, [sp, #52]	@ 0x34
20005022:	f7ff fb67 	bl	200046f4 <_vsnprintf+0x50>
20005026:	2207      	movs	r2, #7
20005028:	9b0d      	ldr	r3, [sp, #52]	@ 0x34
2000502a:	3307      	adds	r3, #7
2000502c:	4393      	bics	r3, r2
2000502e:	3201      	adds	r2, #1
20005030:	4694      	mov	ip, r2
20005032:	449c      	add	ip, r3
20005034:	4662      	mov	r2, ip
20005036:	920d      	str	r2, [sp, #52]	@ 0x34
20005038:	cb0c      	ldmia	r3, {r2, r3}
2000503a:	0fd9      	lsrs	r1, r3, #31
2000503c:	910b      	str	r1, [sp, #44]	@ 0x2c
2000503e:	0011      	movs	r1, r2
20005040:	4319      	orrs	r1, r3
20005042:	d100      	bne.n	20005046 <_vsnprintf+0x9a2>
20005044:	e09b      	b.n	2000517e <_vsnprintf+0xada>
20005046:	17d9      	asrs	r1, r3, #31
20005048:	9113      	str	r1, [sp, #76]	@ 0x4c
2000504a:	9112      	str	r1, [sp, #72]	@ 0x48
2000504c:	4051      	eors	r1, r2
2000504e:	9110      	str	r1, [sp, #64]	@ 0x40
20005050:	9913      	ldr	r1, [sp, #76]	@ 0x4c
20005052:	4059      	eors	r1, r3
20005054:	9111      	str	r1, [sp, #68]	@ 0x44
20005056:	9810      	ldr	r0, [sp, #64]	@ 0x40
20005058:	9911      	ldr	r1, [sp, #68]	@ 0x44
2000505a:	9a12      	ldr	r2, [sp, #72]	@ 0x48
2000505c:	9b13      	ldr	r3, [sp, #76]	@ 0x4c
2000505e:	1a80      	subs	r0, r0, r2
20005060:	4199      	sbcs	r1, r3
20005062:	9010      	str	r0, [sp, #64]	@ 0x40
20005064:	9111      	str	r1, [sp, #68]	@ 0x44
20005066:	aa14      	add	r2, sp, #80	@ 0x50
20005068:	4694      	mov	ip, r2
2000506a:	4642      	mov	r2, r8
2000506c:	2300      	movs	r3, #0
2000506e:	9215      	str	r2, [sp, #84]	@ 0x54
20005070:	4652      	mov	r2, sl
20005072:	4699      	mov	r9, r3
20005074:	9216      	str	r2, [sp, #88]	@ 0x58
20005076:	0032      	movs	r2, r6
20005078:	331f      	adds	r3, #31
2000507a:	4463      	add	r3, ip
2000507c:	46a8      	mov	r8, r5
2000507e:	464e      	mov	r6, r9
20005080:	46ba      	mov	sl, r7
20005082:	9414      	str	r4, [sp, #80]	@ 0x50
20005084:	001f      	movs	r7, r3
20005086:	9c10      	ldr	r4, [sp, #64]	@ 0x40
20005088:	9d11      	ldr	r5, [sp, #68]	@ 0x44
2000508a:	4691      	mov	r9, r2
2000508c:	e001      	b.n	20005092 <_vsnprintf+0x9ee>
2000508e:	2e20      	cmp	r6, #32
20005090:	d010      	beq.n	200050b4 <_vsnprintf+0xa10>
20005092:	0020      	movs	r0, r4
20005094:	0029      	movs	r1, r5
20005096:	220a      	movs	r2, #10
20005098:	2300      	movs	r3, #0
2000509a:	f7fd fdff 	bl	20002c9c <__wrap___aeabi_uldivmod>
2000509e:	3601      	adds	r6, #1
200050a0:	3230      	adds	r2, #48	@ 0x30
200050a2:	002b      	movs	r3, r5
200050a4:	55ba      	strb	r2, [r7, r6]
200050a6:	000d      	movs	r5, r1
200050a8:	0022      	movs	r2, r4
200050aa:	0004      	movs	r4, r0
200050ac:	2b00      	cmp	r3, #0
200050ae:	d1ee      	bne.n	2000508e <_vsnprintf+0x9ea>
200050b0:	2a09      	cmp	r2, #9
200050b2:	d8ec      	bhi.n	2000508e <_vsnprintf+0x9ea>
200050b4:	9b15      	ldr	r3, [sp, #84]	@ 0x54
200050b6:	9410      	str	r4, [sp, #64]	@ 0x40
200050b8:	9511      	str	r5, [sp, #68]	@ 0x44
200050ba:	4645      	mov	r5, r8
200050bc:	4698      	mov	r8, r3
200050be:	464b      	mov	r3, r9
200050c0:	9a16      	ldr	r2, [sp, #88]	@ 0x58
200050c2:	46b1      	mov	r9, r6
200050c4:	4657      	mov	r7, sl
200050c6:	001e      	movs	r6, r3
200050c8:	4692      	mov	sl, r2
200050ca:	9c14      	ldr	r4, [sp, #80]	@ 0x50
200050cc:	9b0f      	ldr	r3, [sp, #60]	@ 0x3c
200050ce:	9306      	str	r3, [sp, #24]
200050d0:	4643      	mov	r3, r8
200050d2:	9305      	str	r3, [sp, #20]
200050d4:	4653      	mov	r3, sl
200050d6:	9304      	str	r3, [sp, #16]
200050d8:	230a      	movs	r3, #10
200050da:	9303      	str	r3, [sp, #12]
200050dc:	9b0b      	ldr	r3, [sp, #44]	@ 0x2c
200050de:	9302      	str	r3, [sp, #8]
200050e0:	464b      	mov	r3, r9
200050e2:	e71c      	b.n	20004f1e <_vsnprintf+0x87a>
200050e4:	2800      	cmp	r0, #0
200050e6:	d185      	bne.n	20004ff4 <_vsnprintf+0x950>
200050e8:	e759      	b.n	20004f9e <_vsnprintf+0x8fa>
200050ea:	9b0d      	ldr	r3, [sp, #52]	@ 0x34
200050ec:	681b      	ldr	r3, [r3, #0]
200050ee:	0fda      	lsrs	r2, r3, #31
200050f0:	0011      	movs	r1, r2
200050f2:	2b00      	cmp	r3, #0
200050f4:	d100      	bne.n	200050f8 <_vsnprintf+0xa54>
200050f6:	e0a6      	b.n	20005246 <_vsnprintf+0xba2>
200050f8:	17da      	asrs	r2, r3, #31
200050fa:	1898      	adds	r0, r3, r2
200050fc:	4050      	eors	r0, r2
200050fe:	aa14      	add	r2, sp, #80	@ 0x50
20005100:	4691      	mov	r9, r2
20005102:	231f      	movs	r3, #31
20005104:	4642      	mov	r2, r8
20005106:	444b      	add	r3, r9
20005108:	46a8      	mov	r8, r5
2000510a:	940d      	str	r4, [sp, #52]	@ 0x34
2000510c:	9716      	str	r7, [sp, #88]	@ 0x58
2000510e:	0004      	movs	r4, r0
20005110:	4665      	mov	r5, ip
20005112:	46b1      	mov	r9, r6
20005114:	001f      	movs	r7, r3
20005116:	9114      	str	r1, [sp, #80]	@ 0x50
20005118:	9215      	str	r2, [sp, #84]	@ 0x54
2000511a:	e001      	b.n	20005120 <_vsnprintf+0xa7c>
2000511c:	2d20      	cmp	r5, #32
2000511e:	d00f      	beq.n	20005140 <_vsnprintf+0xa9c>
20005120:	0020      	movs	r0, r4
20005122:	210a      	movs	r1, #10
20005124:	f7fd fd7c 	bl	20002c20 <__wrap___aeabi_uidiv>
20005128:	3501      	adds	r5, #1
2000512a:	197e      	adds	r6, r7, r5
2000512c:	3130      	adds	r1, #48	@ 0x30
2000512e:	7031      	strb	r1, [r6, #0]
20005130:	0020      	movs	r0, r4
20005132:	210a      	movs	r1, #10
20005134:	f7fd fd74 	bl	20002c20 <__wrap___aeabi_uidiv>
20005138:	0026      	movs	r6, r4
2000513a:	0004      	movs	r4, r0
2000513c:	2e09      	cmp	r6, #9
2000513e:	d8ed      	bhi.n	2000511c <_vsnprintf+0xa78>
20005140:	9b15      	ldr	r3, [sp, #84]	@ 0x54
20005142:	46ac      	mov	ip, r5
20005144:	4645      	mov	r5, r8
20005146:	4698      	mov	r8, r3
20005148:	9b14      	ldr	r3, [sp, #80]	@ 0x50
2000514a:	464e      	mov	r6, r9
2000514c:	0019      	movs	r1, r3
2000514e:	9c0d      	ldr	r4, [sp, #52]	@ 0x34
20005150:	9f16      	ldr	r7, [sp, #88]	@ 0x58
20005152:	9b0f      	ldr	r3, [sp, #60]	@ 0x3c
20005154:	9102      	str	r1, [sp, #8]
20005156:	9306      	str	r3, [sp, #24]
20005158:	4643      	mov	r3, r8
2000515a:	9305      	str	r3, [sp, #20]
2000515c:	4653      	mov	r3, sl
2000515e:	9304      	str	r3, [sp, #16]
20005160:	230a      	movs	r3, #10
20005162:	9303      	str	r3, [sp, #12]
20005164:	4663      	mov	r3, ip
20005166:	e750      	b.n	2000500a <_vsnprintf+0x966>
20005168:	0013      	movs	r3, r2
2000516a:	061b      	lsls	r3, r3, #24
2000516c:	d56e      	bpl.n	2000524c <_vsnprintf+0xba8>
2000516e:	9b0d      	ldr	r3, [sp, #52]	@ 0x34
20005170:	2200      	movs	r2, #0
20005172:	5e9b      	ldrsh	r3, [r3, r2]
20005174:	17d9      	asrs	r1, r3, #31
20005176:	185a      	adds	r2, r3, r1
20005178:	404a      	eors	r2, r1
2000517a:	b292      	uxth	r2, r2
2000517c:	e709      	b.n	20004f92 <_vsnprintf+0x8ee>
2000517e:	2300      	movs	r3, #0
20005180:	4699      	mov	r9, r3
20005182:	2800      	cmp	r0, #0
20005184:	d1a2      	bne.n	200050cc <_vsnprintf+0xa28>
20005186:	2200      	movs	r2, #0
20005188:	2300      	movs	r3, #0
2000518a:	9210      	str	r2, [sp, #64]	@ 0x40
2000518c:	9311      	str	r3, [sp, #68]	@ 0x44
2000518e:	e76a      	b.n	20005066 <_vsnprintf+0x9c2>
20005190:	9b0d      	ldr	r3, [sp, #52]	@ 0x34
20005192:	681b      	ldr	r3, [r3, #0]
20005194:	4699      	mov	r9, r3
20005196:	2b00      	cmp	r3, #0
20005198:	d103      	bne.n	200051a2 <_vsnprintf+0xafe>
2000519a:	3310      	adds	r3, #16
2000519c:	4398      	bics	r0, r3
2000519e:	2900      	cmp	r1, #0
200051a0:	d138      	bne.n	20005214 <_vsnprintf+0xb70>
200051a2:	2361      	movs	r3, #97	@ 0x61
200051a4:	0682      	lsls	r2, r0, #26
200051a6:	d500      	bpl.n	200051aa <_vsnprintf+0xb06>
200051a8:	2341      	movs	r3, #65	@ 0x41
200051aa:	b2db      	uxtb	r3, r3
200051ac:	3b0a      	subs	r3, #10
200051ae:	930d      	str	r3, [sp, #52]	@ 0x34
200051b0:	4643      	mov	r3, r8
200051b2:	9316      	str	r3, [sp, #88]	@ 0x58
200051b4:	4653      	mov	r3, sl
200051b6:	a914      	add	r1, sp, #80	@ 0x50
200051b8:	221f      	movs	r2, #31
200051ba:	468c      	mov	ip, r1
200051bc:	9317      	str	r3, [sp, #92]	@ 0x5c
200051be:	002b      	movs	r3, r5
200051c0:	4462      	add	r2, ip
200051c2:	464d      	mov	r5, r9
200051c4:	46b2      	mov	sl, r6
200051c6:	9415      	str	r4, [sp, #84]	@ 0x54
200051c8:	9718      	str	r7, [sp, #96]	@ 0x60
200051ca:	4680      	mov	r8, r0
200051cc:	0017      	movs	r7, r2
200051ce:	4699      	mov	r9, r3
200051d0:	9c0b      	ldr	r4, [sp, #44]	@ 0x2c
200051d2:	9e0f      	ldr	r6, [sp, #60]	@ 0x3c
200051d4:	e008      	b.n	200051e8 <_vsnprintf+0xb44>
200051d6:	3330      	adds	r3, #48	@ 0x30
200051d8:	b2db      	uxtb	r3, r3
200051da:	3401      	adds	r4, #1
200051dc:	553b      	strb	r3, [r7, r4]
200051de:	42b5      	cmp	r5, r6
200051e0:	d30e      	bcc.n	20005200 <_vsnprintf+0xb5c>
200051e2:	2c20      	cmp	r4, #32
200051e4:	d00c      	beq.n	20005200 <_vsnprintf+0xb5c>
200051e6:	0005      	movs	r5, r0
200051e8:	0031      	movs	r1, r6
200051ea:	0028      	movs	r0, r5
200051ec:	f7fd fd18 	bl	20002c20 <__wrap___aeabi_uidiv>
200051f0:	b2cb      	uxtb	r3, r1
200051f2:	2909      	cmp	r1, #9
200051f4:	d9ef      	bls.n	200051d6 <_vsnprintf+0xb32>
200051f6:	9a0d      	ldr	r2, [sp, #52]	@ 0x34
200051f8:	4694      	mov	ip, r2
200051fa:	4463      	add	r3, ip
200051fc:	b2db      	uxtb	r3, r3
200051fe:	e7ec      	b.n	200051da <_vsnprintf+0xb36>
20005200:	9b16      	ldr	r3, [sp, #88]	@ 0x58
20005202:	4640      	mov	r0, r8
20005204:	4698      	mov	r8, r3
20005206:	9b17      	ldr	r3, [sp, #92]	@ 0x5c
20005208:	4656      	mov	r6, sl
2000520a:	464d      	mov	r5, r9
2000520c:	469a      	mov	sl, r3
2000520e:	940b      	str	r4, [sp, #44]	@ 0x2c
20005210:	9f18      	ldr	r7, [sp, #96]	@ 0x60
20005212:	9c15      	ldr	r4, [sp, #84]	@ 0x54
20005214:	4643      	mov	r3, r8
20005216:	9305      	str	r3, [sp, #20]
20005218:	4653      	mov	r3, sl
2000521a:	9304      	str	r3, [sp, #16]
2000521c:	9b0f      	ldr	r3, [sp, #60]	@ 0x3c
2000521e:	9006      	str	r0, [sp, #24]
20005220:	9303      	str	r3, [sp, #12]
20005222:	2300      	movs	r3, #0
20005224:	9302      	str	r3, [sp, #8]
20005226:	9b0b      	ldr	r3, [sp, #44]	@ 0x2c
20005228:	e50b      	b.n	20004c42 <_vsnprintf+0x59e>
2000522a:	990b      	ldr	r1, [sp, #44]	@ 0x2c
2000522c:	2380      	movs	r3, #128	@ 0x80
2000522e:	000a      	movs	r2, r1
20005230:	00db      	lsls	r3, r3, #3
20005232:	401a      	ands	r2, r3
20005234:	0010      	movs	r0, r2
20005236:	000a      	movs	r2, r1
20005238:	4219      	tst	r1, r3
2000523a:	d000      	beq.n	2000523e <_vsnprintf+0xb9a>
2000523c:	e68b      	b.n	20004f56 <_vsnprintf+0x8b2>
2000523e:	2310      	movs	r3, #16
20005240:	439a      	bics	r2, r3
20005242:	920f      	str	r2, [sp, #60]	@ 0x3c
20005244:	e68b      	b.n	20004f5e <_vsnprintf+0x8ba>
20005246:	2800      	cmp	r0, #0
20005248:	d183      	bne.n	20005152 <_vsnprintf+0xaae>
2000524a:	e758      	b.n	200050fe <_vsnprintf+0xa5a>
2000524c:	9b0d      	ldr	r3, [sp, #52]	@ 0x34
2000524e:	681b      	ldr	r3, [r3, #0]
20005250:	17d9      	asrs	r1, r3, #31
20005252:	185a      	adds	r2, r3, r1
20005254:	404a      	eors	r2, r1
20005256:	e69c      	b.n	20004f92 <_vsnprintf+0x8ee>
20005258:	9b0d      	ldr	r3, [sp, #52]	@ 0x34
2000525a:	681b      	ldr	r3, [r3, #0]
2000525c:	9309      	str	r3, [sp, #36]	@ 0x24
2000525e:	e4dc      	b.n	20004c1a <_vsnprintf+0x576>
20005260:	0003      	movs	r3, r0
20005262:	3301      	adds	r3, #1
20005264:	930f      	str	r3, [sp, #60]	@ 0x3c
20005266:	e5a5      	b.n	20004db4 <_vsnprintf+0x710>
20005268:	920b      	str	r2, [sp, #44]	@ 0x2c
2000526a:	e46d      	b.n	20004b48 <_vsnprintf+0x4a4>

2000526c <__wrap_vsnprintf>:
2000526c:	b510      	push	{r4, lr}
2000526e:	4c05      	ldr	r4, [pc, #20]	@ (20005284 <__wrap_vsnprintf+0x18>)
20005270:	b082      	sub	sp, #8
20005272:	9300      	str	r3, [sp, #0]
20005274:	0013      	movs	r3, r2
20005276:	000a      	movs	r2, r1
20005278:	0001      	movs	r1, r0
2000527a:	0020      	movs	r0, r4
2000527c:	f7ff fa12 	bl	200046a4 <_vsnprintf>
20005280:	b002      	add	sp, #8
20005282:	bd10      	pop	{r4, pc}
20005284:	20003b69 	.word	0x20003b69

20005288 <weak_raw_printf>:
20005288:	b40f      	push	{r0, r1, r2, r3}
2000528a:	b530      	push	{r4, r5, lr}
2000528c:	490c      	ldr	r1, [pc, #48]	@ (200052c0 <weak_raw_printf+0x38>)
2000528e:	b085      	sub	sp, #20
20005290:	aa08      	add	r2, sp, #32
20005292:	ca08      	ldmia	r2!, {r3}
20005294:	680d      	ldr	r5, [r1, #0]
20005296:	9203      	str	r2, [sp, #12]
20005298:	2d00      	cmp	r5, #0
2000529a:	d00c      	beq.n	200052b6 <weak_raw_printf+0x2e>
2000529c:	9200      	str	r2, [sp, #0]
2000529e:	2201      	movs	r2, #1
200052a0:	4c08      	ldr	r4, [pc, #32]	@ (200052c4 <weak_raw_printf+0x3c>)
200052a2:	4252      	negs	r2, r2
200052a4:	0020      	movs	r0, r4
200052a6:	a902      	add	r1, sp, #8
200052a8:	47a8      	blx	r5
200052aa:	2001      	movs	r0, #1
200052ac:	b005      	add	sp, #20
200052ae:	bc30      	pop	{r4, r5}
200052b0:	bc08      	pop	{r3}
200052b2:	b004      	add	sp, #16
200052b4:	4718      	bx	r3
200052b6:	0018      	movs	r0, r3
200052b8:	f000 f990 	bl	200055dc <__wrap_puts>
200052bc:	2000      	movs	r0, #0
200052be:	e7f5      	b.n	200052ac <weak_raw_printf+0x24>
200052c0:	2000aec8 	.word	0x2000aec8
200052c4:	20003e71 	.word	0x20003e71

200052c8 <weak_raw_vprintf>:
200052c8:	b510      	push	{r4, lr}
200052ca:	4a09      	ldr	r2, [pc, #36]	@ (200052f0 <weak_raw_vprintf+0x28>)
200052cc:	0003      	movs	r3, r0
200052ce:	6814      	ldr	r4, [r2, #0]
200052d0:	b084      	sub	sp, #16
200052d2:	2c00      	cmp	r4, #0
200052d4:	d008      	beq.n	200052e8 <weak_raw_vprintf+0x20>
200052d6:	2201      	movs	r2, #1
200052d8:	9100      	str	r1, [sp, #0]
200052da:	4806      	ldr	r0, [pc, #24]	@ (200052f4 <weak_raw_vprintf+0x2c>)
200052dc:	4252      	negs	r2, r2
200052de:	a903      	add	r1, sp, #12
200052e0:	47a0      	blx	r4
200052e2:	2001      	movs	r0, #1
200052e4:	b004      	add	sp, #16
200052e6:	bd10      	pop	{r4, pc}
200052e8:	f000 f978 	bl	200055dc <__wrap_puts>
200052ec:	2000      	movs	r0, #0
200052ee:	e7f9      	b.n	200052e4 <weak_raw_vprintf+0x1c>
200052f0:	2000aec8 	.word	0x2000aec8
200052f4:	20003e71 	.word	0x20003e71

200052f8 <_exit>:
200052f8:	be00      	bkpt	0x0000
200052fa:	e7fd      	b.n	200052f8 <_exit>

200052fc <_fini>:
200052fc:	4770      	bx	lr
200052fe:	46c0      	nop			@ (mov r8, r8)

20005300 <_sbrk>:
20005300:	4a09      	ldr	r2, [pc, #36]	@ (20005328 <_sbrk+0x28>)
20005302:	0003      	movs	r3, r0
20005304:	6810      	ldr	r0, [r2, #0]
20005306:	2800      	cmp	r0, #0
20005308:	d005      	beq.n	20005316 <_sbrk+0x16>
2000530a:	4908      	ldr	r1, [pc, #32]	@ (2000532c <_sbrk+0x2c>)
2000530c:	18c3      	adds	r3, r0, r3
2000530e:	428b      	cmp	r3, r1
20005310:	d807      	bhi.n	20005322 <_sbrk+0x22>
20005312:	6013      	str	r3, [r2, #0]
20005314:	4770      	bx	lr
20005316:	4806      	ldr	r0, [pc, #24]	@ (20005330 <_sbrk+0x30>)
20005318:	4904      	ldr	r1, [pc, #16]	@ (2000532c <_sbrk+0x2c>)
2000531a:	18c3      	adds	r3, r0, r3
2000531c:	6010      	str	r0, [r2, #0]
2000531e:	428b      	cmp	r3, r1
20005320:	d9f7      	bls.n	20005312 <_sbrk+0x12>
20005322:	2001      	movs	r0, #1
20005324:	4240      	negs	r0, r0
20005326:	e7f5      	b.n	20005314 <_sbrk+0x14>
20005328:	2000aeb8 	.word	0x2000aeb8
2000532c:	20040000 	.word	0x20040000
20005330:	2000aeec 	.word	0x2000aeec

20005334 <exit>:
20005334:	b510      	push	{r4, lr}
20005336:	f7ff ffdf 	bl	200052f8 <_exit>
2000533a:	46c0      	nop			@ (mov r8, r8)

2000533c <__assert_func>:
2000533c:	b530      	push	{r4, r5, lr}
2000533e:	000d      	movs	r5, r1
20005340:	b083      	sub	sp, #12
20005342:	0019      	movs	r1, r3
20005344:	2a00      	cmp	r2, #0
20005346:	d00b      	beq.n	20005360 <__assert_func+0x24>
20005348:	4b07      	ldr	r3, [pc, #28]	@ (20005368 <__assert_func+0x2c>)
2000534a:	4c08      	ldr	r4, [pc, #32]	@ (2000536c <__assert_func+0x30>)
2000534c:	9201      	str	r2, [sp, #4]
2000534e:	9300      	str	r3, [sp, #0]
20005350:	0002      	movs	r2, r0
20005352:	002b      	movs	r3, r5
20005354:	0020      	movs	r0, r4
20005356:	f7ff ff97 	bl	20005288 <weak_raw_printf>
2000535a:	2001      	movs	r0, #1
2000535c:	f7ff ffcc 	bl	200052f8 <_exit>
20005360:	4b03      	ldr	r3, [pc, #12]	@ (20005370 <__assert_func+0x34>)
20005362:	001a      	movs	r2, r3
20005364:	e7f1      	b.n	2000534a <__assert_func+0xe>
20005366:	46c0      	nop			@ (mov r8, r8)
20005368:	20009854 	.word	0x20009854
2000536c:	20009864 	.word	0x20009864
20005370:	20009330 	.word	0x20009330

20005374 <runtime_init>:
20005374:	b570      	push	{r4, r5, r6, lr}
20005376:	f7fd fb07 	bl	20002988 <runtime_run_initializers>
2000537a:	4d07      	ldr	r5, [pc, #28]	@ (20005398 <runtime_init+0x24>)
2000537c:	4e07      	ldr	r6, [pc, #28]	@ (2000539c <runtime_init+0x28>)
2000537e:	42b5      	cmp	r5, r6
20005380:	d209      	bcs.n	20005396 <runtime_init+0x22>
20005382:	2400      	movs	r4, #0
20005384:	3e01      	subs	r6, #1
20005386:	1b76      	subs	r6, r6, r5
20005388:	08b6      	lsrs	r6, r6, #2
2000538a:	cd08      	ldmia	r5!, {r3}
2000538c:	4798      	blx	r3
2000538e:	0023      	movs	r3, r4
20005390:	3401      	adds	r4, #1
20005392:	42b3      	cmp	r3, r6
20005394:	d1f9      	bne.n	2000538a <runtime_init+0x16>
20005396:	bd70      	pop	{r4, r5, r6, pc}
20005398:	2000a98c 	.word	0x2000a98c
2000539c:	2000a98c 	.word	0x2000a98c

200053a0 <stdio_out_chars_no_crlf>:
200053a0:	0003      	movs	r3, r0
200053a2:	b510      	push	{r4, lr}
200053a4:	0008      	movs	r0, r1
200053a6:	0011      	movs	r1, r2
200053a8:	681b      	ldr	r3, [r3, #0]
200053aa:	4798      	blx	r3
200053ac:	bd10      	pop	{r4, pc}
200053ae:	46c0      	nop			@ (mov r8, r8)

200053b0 <stdio_out_chars_crlf>:
200053b0:	b5f0      	push	{r4, r5, r6, r7, lr}
200053b2:	46c6      	mov	lr, r8
200053b4:	b500      	push	{lr}
200053b6:	7d43      	ldrb	r3, [r0, #21]
200053b8:	0007      	movs	r7, r0
200053ba:	000d      	movs	r5, r1
200053bc:	0016      	movs	r6, r2
200053be:	2b00      	cmp	r3, #0
200053c0:	d038      	beq.n	20005434 <stdio_out_chars_crlf+0x84>
200053c2:	2a00      	cmp	r2, #0
200053c4:	dd2e      	ble.n	20005424 <stdio_out_chars_crlf+0x74>
200053c6:	2100      	movs	r1, #0
200053c8:	1e6a      	subs	r2, r5, #1
200053ca:	4690      	mov	r8, r2
200053cc:	5c6a      	ldrb	r2, [r5, r1]
200053ce:	7d03      	ldrb	r3, [r0, #20]
200053d0:	1c4c      	adds	r4, r1, #1
200053d2:	2000      	movs	r0, #0
200053d4:	2a0a      	cmp	r2, #10
200053d6:	d00c      	beq.n	200053f2 <stdio_out_chars_crlf+0x42>
200053d8:	42a6      	cmp	r6, r4
200053da:	d016      	beq.n	2000540a <stdio_out_chars_crlf+0x5a>
200053dc:	4643      	mov	r3, r8
200053de:	5d1b      	ldrb	r3, [r3, r4]
200053e0:	0021      	movs	r1, r4
200053e2:	3b0d      	subs	r3, #13
200053e4:	425a      	negs	r2, r3
200053e6:	4153      	adcs	r3, r2
200053e8:	5c6a      	ldrb	r2, [r5, r1]
200053ea:	b2db      	uxtb	r3, r3
200053ec:	1c4c      	adds	r4, r1, #1
200053ee:	2a0a      	cmp	r2, #10
200053f0:	d1f2      	bne.n	200053d8 <stdio_out_chars_crlf+0x28>
200053f2:	2b00      	cmp	r3, #0
200053f4:	d1f0      	bne.n	200053d8 <stdio_out_chars_crlf+0x28>
200053f6:	4288      	cmp	r0, r1
200053f8:	db17      	blt.n	2000542a <stdio_out_chars_crlf+0x7a>
200053fa:	2102      	movs	r1, #2
200053fc:	4810      	ldr	r0, [pc, #64]	@ (20005440 <stdio_out_chars_crlf+0x90>)
200053fe:	683b      	ldr	r3, [r7, #0]
20005400:	4798      	blx	r3
20005402:	42a6      	cmp	r6, r4
20005404:	d007      	beq.n	20005416 <stdio_out_chars_crlf+0x66>
20005406:	0020      	movs	r0, r4
20005408:	e7e8      	b.n	200053dc <stdio_out_chars_crlf+0x2c>
2000540a:	4286      	cmp	r6, r0
2000540c:	dd03      	ble.n	20005416 <stdio_out_chars_crlf+0x66>
2000540e:	1a31      	subs	r1, r6, r0
20005410:	683b      	ldr	r3, [r7, #0]
20005412:	1828      	adds	r0, r5, r0
20005414:	4798      	blx	r3
20005416:	19ad      	adds	r5, r5, r6
20005418:	3d01      	subs	r5, #1
2000541a:	782b      	ldrb	r3, [r5, #0]
2000541c:	3b0d      	subs	r3, #13
2000541e:	425a      	negs	r2, r3
20005420:	4153      	adcs	r3, r2
20005422:	753b      	strb	r3, [r7, #20]
20005424:	bc80      	pop	{r7}
20005426:	46b8      	mov	r8, r7
20005428:	bdf0      	pop	{r4, r5, r6, r7, pc}
2000542a:	1a09      	subs	r1, r1, r0
2000542c:	683b      	ldr	r3, [r7, #0]
2000542e:	1828      	adds	r0, r5, r0
20005430:	4798      	blx	r3
20005432:	e7e2      	b.n	200053fa <stdio_out_chars_crlf+0x4a>
20005434:	6803      	ldr	r3, [r0, #0]
20005436:	0011      	movs	r1, r2
20005438:	0028      	movs	r0, r5
2000543a:	4798      	blx	r3
2000543c:	e7f2      	b.n	20005424 <stdio_out_chars_crlf+0x74>
2000543e:	46c0      	nop			@ (mov r8, r8)
20005440:	20009df0 	.word	0x20009df0

20005444 <stdio_put_string>:
20005444:	b5f0      	push	{r4, r5, r6, r7, lr}
20005446:	46de      	mov	lr, fp
20005448:	4657      	mov	r7, sl
2000544a:	464e      	mov	r6, r9
2000544c:	4645      	mov	r5, r8
2000544e:	b5e0      	push	{r5, r6, r7, lr}
20005450:	b085      	sub	sp, #20
20005452:	0017      	movs	r7, r2
20005454:	001c      	movs	r4, r3
20005456:	0006      	movs	r6, r0
20005458:	000d      	movs	r5, r1
2000545a:	f7fc ffb1 	bl	200023c0 <time_us_64>
2000545e:	2300      	movs	r3, #0
20005460:	4a31      	ldr	r2, [pc, #196]	@ (20005528 <stdio_put_string+0xe4>)
20005462:	1812      	adds	r2, r2, r0
20005464:	414b      	adcs	r3, r1
20005466:	2180      	movs	r1, #128	@ 0x80
20005468:	0609      	lsls	r1, r1, #24
2000546a:	428b      	cmp	r3, r1
2000546c:	d302      	bcc.n	20005474 <stdio_put_string+0x30>
2000546e:	2201      	movs	r2, #1
20005470:	4b2e      	ldr	r3, [pc, #184]	@ (2000552c <stdio_put_string+0xe8>)
20005472:	4252      	negs	r2, r2
20005474:	492e      	ldr	r1, [pc, #184]	@ (20005530 <stdio_put_string+0xec>)
20005476:	0008      	movs	r0, r1
20005478:	468a      	mov	sl, r1
2000547a:	f003 fafb 	bl	20008a74 <mutex_try_enter_block_until>
2000547e:	9001      	str	r0, [sp, #4]
20005480:	1c6b      	adds	r3, r5, #1
20005482:	d103      	bne.n	2000548c <stdio_put_string+0x48>
20005484:	0030      	movs	r0, r6
20005486:	f002 fbab 	bl	20007be0 <strlen>
2000548a:	0005      	movs	r5, r0
2000548c:	2c00      	cmp	r4, #0
2000548e:	d026      	beq.n	200054de <stdio_put_string+0x9a>
20005490:	4b28      	ldr	r3, [pc, #160]	@ (20005534 <stdio_put_string+0xf0>)
20005492:	4698      	mov	r8, r3
20005494:	4b28      	ldr	r3, [pc, #160]	@ (20005538 <stdio_put_string+0xf4>)
20005496:	681c      	ldr	r4, [r3, #0]
20005498:	2c00      	cmp	r4, #0
2000549a:	d015      	beq.n	200054c8 <stdio_put_string+0x84>
2000549c:	2f00      	cmp	r7, #0
2000549e:	d121      	bne.n	200054e4 <stdio_put_string+0xa0>
200054a0:	4f26      	ldr	r7, [pc, #152]	@ (2000553c <stdio_put_string+0xf8>)
200054a2:	e002      	b.n	200054aa <stdio_put_string+0x66>
200054a4:	6924      	ldr	r4, [r4, #16]
200054a6:	2c00      	cmp	r4, #0
200054a8:	d00e      	beq.n	200054c8 <stdio_put_string+0x84>
200054aa:	6823      	ldr	r3, [r4, #0]
200054ac:	2b00      	cmp	r3, #0
200054ae:	d0f9      	beq.n	200054a4 <stdio_put_string+0x60>
200054b0:	683b      	ldr	r3, [r7, #0]
200054b2:	2b00      	cmp	r3, #0
200054b4:	d001      	beq.n	200054ba <stdio_put_string+0x76>
200054b6:	429c      	cmp	r4, r3
200054b8:	d1f4      	bne.n	200054a4 <stdio_put_string+0x60>
200054ba:	0020      	movs	r0, r4
200054bc:	002a      	movs	r2, r5
200054be:	0031      	movs	r1, r6
200054c0:	47c0      	blx	r8
200054c2:	6924      	ldr	r4, [r4, #16]
200054c4:	2c00      	cmp	r4, #0
200054c6:	d1f0      	bne.n	200054aa <stdio_put_string+0x66>
200054c8:	9b01      	ldr	r3, [sp, #4]
200054ca:	2b00      	cmp	r3, #0
200054cc:	d128      	bne.n	20005520 <stdio_put_string+0xdc>
200054ce:	0028      	movs	r0, r5
200054d0:	b005      	add	sp, #20
200054d2:	bcf0      	pop	{r4, r5, r6, r7}
200054d4:	46bb      	mov	fp, r7
200054d6:	46b2      	mov	sl, r6
200054d8:	46a9      	mov	r9, r5
200054da:	46a0      	mov	r8, r4
200054dc:	bdf0      	pop	{r4, r5, r6, r7, pc}
200054de:	4b18      	ldr	r3, [pc, #96]	@ (20005540 <stdio_put_string+0xfc>)
200054e0:	4698      	mov	r8, r3
200054e2:	e7d7      	b.n	20005494 <stdio_put_string+0x50>
200054e4:	4b15      	ldr	r3, [pc, #84]	@ (2000553c <stdio_put_string+0xf8>)
200054e6:	4699      	mov	r9, r3
200054e8:	ab02      	add	r3, sp, #8
200054ea:	1ddf      	adds	r7, r3, #7
200054ec:	230a      	movs	r3, #10
200054ee:	469b      	mov	fp, r3
200054f0:	e002      	b.n	200054f8 <stdio_put_string+0xb4>
200054f2:	6924      	ldr	r4, [r4, #16]
200054f4:	2c00      	cmp	r4, #0
200054f6:	d0e7      	beq.n	200054c8 <stdio_put_string+0x84>
200054f8:	6823      	ldr	r3, [r4, #0]
200054fa:	2b00      	cmp	r3, #0
200054fc:	d0f9      	beq.n	200054f2 <stdio_put_string+0xae>
200054fe:	464b      	mov	r3, r9
20005500:	681b      	ldr	r3, [r3, #0]
20005502:	2b00      	cmp	r3, #0
20005504:	d001      	beq.n	2000550a <stdio_put_string+0xc6>
20005506:	42a3      	cmp	r3, r4
20005508:	d1f3      	bne.n	200054f2 <stdio_put_string+0xae>
2000550a:	002a      	movs	r2, r5
2000550c:	0031      	movs	r1, r6
2000550e:	0020      	movs	r0, r4
20005510:	47c0      	blx	r8
20005512:	465b      	mov	r3, fp
20005514:	2201      	movs	r2, #1
20005516:	0039      	movs	r1, r7
20005518:	0020      	movs	r0, r4
2000551a:	703b      	strb	r3, [r7, #0]
2000551c:	47c0      	blx	r8
2000551e:	e7e8      	b.n	200054f2 <stdio_put_string+0xae>
20005520:	4650      	mov	r0, sl
20005522:	f003 fac1 	bl	20008aa8 <mutex_exit>
20005526:	e7d2      	b.n	200054ce <stdio_put_string+0x8a>
20005528:	000f4240 	.word	0x000f4240
2000552c:	7fffffff 	.word	0x7fffffff
20005530:	2000a948 	.word	0x2000a948
20005534:	200053b1 	.word	0x200053b1
20005538:	2000aeb0 	.word	0x2000aeb0
2000553c:	2000aeb4 	.word	0x2000aeb4
20005540:	200053a1 	.word	0x200053a1

20005544 <__wrap_putchar>:
20005544:	b5f0      	push	{r4, r5, r6, r7, lr}
20005546:	46ce      	mov	lr, r9
20005548:	4647      	mov	r7, r8
2000554a:	b580      	push	{r7, lr}
2000554c:	b083      	sub	sp, #12
2000554e:	466b      	mov	r3, sp
20005550:	0006      	movs	r6, r0
20005552:	1ddd      	adds	r5, r3, #7
20005554:	7028      	strb	r0, [r5, #0]
20005556:	f7fc ff33 	bl	200023c0 <time_us_64>
2000555a:	2300      	movs	r3, #0
2000555c:	4a1a      	ldr	r2, [pc, #104]	@ (200055c8 <__wrap_putchar+0x84>)
2000555e:	1812      	adds	r2, r2, r0
20005560:	414b      	adcs	r3, r1
20005562:	2180      	movs	r1, #128	@ 0x80
20005564:	0609      	lsls	r1, r1, #24
20005566:	428b      	cmp	r3, r1
20005568:	d302      	bcc.n	20005570 <__wrap_putchar+0x2c>
2000556a:	2201      	movs	r2, #1
2000556c:	4b17      	ldr	r3, [pc, #92]	@ (200055cc <__wrap_putchar+0x88>)
2000556e:	4252      	negs	r2, r2
20005570:	4917      	ldr	r1, [pc, #92]	@ (200055d0 <__wrap_putchar+0x8c>)
20005572:	0008      	movs	r0, r1
20005574:	4688      	mov	r8, r1
20005576:	f003 fa7d 	bl	20008a74 <mutex_try_enter_block_until>
2000557a:	4b16      	ldr	r3, [pc, #88]	@ (200055d4 <__wrap_putchar+0x90>)
2000557c:	4681      	mov	r9, r0
2000557e:	681c      	ldr	r4, [r3, #0]
20005580:	2c00      	cmp	r4, #0
20005582:	d014      	beq.n	200055ae <__wrap_putchar+0x6a>
20005584:	4f14      	ldr	r7, [pc, #80]	@ (200055d8 <__wrap_putchar+0x94>)
20005586:	e002      	b.n	2000558e <__wrap_putchar+0x4a>
20005588:	6924      	ldr	r4, [r4, #16]
2000558a:	2c00      	cmp	r4, #0
2000558c:	d00f      	beq.n	200055ae <__wrap_putchar+0x6a>
2000558e:	6823      	ldr	r3, [r4, #0]
20005590:	2b00      	cmp	r3, #0
20005592:	d0f9      	beq.n	20005588 <__wrap_putchar+0x44>
20005594:	683b      	ldr	r3, [r7, #0]
20005596:	2b00      	cmp	r3, #0
20005598:	d001      	beq.n	2000559e <__wrap_putchar+0x5a>
2000559a:	429c      	cmp	r4, r3
2000559c:	d1f4      	bne.n	20005588 <__wrap_putchar+0x44>
2000559e:	0020      	movs	r0, r4
200055a0:	2201      	movs	r2, #1
200055a2:	0029      	movs	r1, r5
200055a4:	f7ff ff04 	bl	200053b0 <stdio_out_chars_crlf>
200055a8:	6924      	ldr	r4, [r4, #16]
200055aa:	2c00      	cmp	r4, #0
200055ac:	d1ef      	bne.n	2000558e <__wrap_putchar+0x4a>
200055ae:	464b      	mov	r3, r9
200055b0:	2b00      	cmp	r3, #0
200055b2:	d105      	bne.n	200055c0 <__wrap_putchar+0x7c>
200055b4:	0030      	movs	r0, r6
200055b6:	b003      	add	sp, #12
200055b8:	bcc0      	pop	{r6, r7}
200055ba:	46b9      	mov	r9, r7
200055bc:	46b0      	mov	r8, r6
200055be:	bdf0      	pop	{r4, r5, r6, r7, pc}
200055c0:	4640      	mov	r0, r8
200055c2:	f003 fa71 	bl	20008aa8 <mutex_exit>
200055c6:	e7f5      	b.n	200055b4 <__wrap_putchar+0x70>
200055c8:	000f4240 	.word	0x000f4240
200055cc:	7fffffff 	.word	0x7fffffff
200055d0:	2000a948 	.word	0x2000a948
200055d4:	2000aeb0 	.word	0x2000aeb0
200055d8:	2000aeb4 	.word	0x2000aeb4

200055dc <__wrap_puts>:
200055dc:	b570      	push	{r4, r5, r6, lr}
200055de:	0004      	movs	r4, r0
200055e0:	f002 fafe 	bl	20007be0 <strlen>
200055e4:	2301      	movs	r3, #1
200055e6:	0001      	movs	r1, r0
200055e8:	0005      	movs	r5, r0
200055ea:	2201      	movs	r2, #1
200055ec:	0020      	movs	r0, r4
200055ee:	f7ff ff29 	bl	20005444 <stdio_put_string>
200055f2:	4b08      	ldr	r3, [pc, #32]	@ (20005614 <__wrap_puts+0x38>)
200055f4:	681c      	ldr	r4, [r3, #0]
200055f6:	2c00      	cmp	r4, #0
200055f8:	d006      	beq.n	20005608 <__wrap_puts+0x2c>
200055fa:	6863      	ldr	r3, [r4, #4]
200055fc:	2b00      	cmp	r3, #0
200055fe:	d005      	beq.n	2000560c <__wrap_puts+0x30>
20005600:	4798      	blx	r3
20005602:	6924      	ldr	r4, [r4, #16]
20005604:	2c00      	cmp	r4, #0
20005606:	d1f8      	bne.n	200055fa <__wrap_puts+0x1e>
20005608:	0028      	movs	r0, r5
2000560a:	bd70      	pop	{r4, r5, r6, pc}
2000560c:	6924      	ldr	r4, [r4, #16]
2000560e:	2c00      	cmp	r4, #0
20005610:	d1f3      	bne.n	200055fa <__wrap_puts+0x1e>
20005612:	e7f9      	b.n	20005608 <__wrap_puts+0x2c>
20005614:	2000aeb0 	.word	0x2000aeb0

20005618 <i2c_read_blocking_internal.constprop.0>:
20005618:	b5f0      	push	{r4, r5, r6, r7, lr}
2000561a:	46de      	mov	lr, fp
2000561c:	4657      	mov	r7, sl
2000561e:	464e      	mov	r6, r9
20005620:	4645      	mov	r5, r8
20005622:	b5e0      	push	{r5, r6, r7, lr}
20005624:	0007      	movs	r7, r0
20005626:	b083      	sub	sp, #12
20005628:	a80c      	add	r0, sp, #48	@ 0x30
2000562a:	9201      	str	r2, [sp, #4]
2000562c:	7802      	ldrb	r2, [r0, #0]
2000562e:	2000      	movs	r0, #0
20005630:	683c      	ldr	r4, [r7, #0]
20005632:	469b      	mov	fp, r3
20005634:	66e0      	str	r0, [r4, #108]	@ 0x6c
20005636:	6061      	str	r1, [r4, #4]
20005638:	2101      	movs	r1, #1
2000563a:	4691      	mov	r9, r2
2000563c:	66e1      	str	r1, [r4, #108]	@ 0x6c
2000563e:	2b00      	cmp	r3, #0
20005640:	dd34      	ble.n	200056ac <i2c_read_blocking_internal.constprop.0+0x94>
20005642:	1e5a      	subs	r2, r3, #1
20005644:	4690      	mov	r8, r2
20005646:	2280      	movs	r2, #128	@ 0x80
20005648:	0052      	lsls	r2, r2, #1
2000564a:	4694      	mov	ip, r2
2000564c:	2680      	movs	r6, #128	@ 0x80
2000564e:	2540      	movs	r5, #64	@ 0x40
20005650:	6f61      	ldr	r1, [r4, #116]	@ 0x74
20005652:	2910      	cmp	r1, #16
20005654:	d0fc      	beq.n	20005650 <i2c_read_blocking_internal.constprop.0+0x38>
20005656:	2100      	movs	r1, #0
20005658:	2800      	cmp	r0, #0
2000565a:	d101      	bne.n	20005660 <i2c_read_blocking_internal.constprop.0+0x48>
2000565c:	7939      	ldrb	r1, [r7, #4]
2000565e:	0289      	lsls	r1, r1, #10
20005660:	4540      	cmp	r0, r8
20005662:	d01d      	beq.n	200056a0 <i2c_read_blocking_internal.constprop.0+0x88>
20005664:	4662      	mov	r2, ip
20005666:	4311      	orrs	r1, r2
20005668:	6121      	str	r1, [r4, #16]
2000566a:	59a1      	ldr	r1, [r4, r6]
2000566c:	6b61      	ldr	r1, [r4, #52]	@ 0x34
2000566e:	420d      	tst	r5, r1
20005670:	d00b      	beq.n	2000568a <i2c_read_blocking_internal.constprop.0+0x72>
20005672:	2001      	movs	r0, #1
20005674:	6d63      	ldr	r3, [r4, #84]	@ 0x54
20005676:	4240      	negs	r0, r0
20005678:	464b      	mov	r3, r9
2000567a:	713b      	strb	r3, [r7, #4]
2000567c:	b003      	add	sp, #12
2000567e:	bcf0      	pop	{r4, r5, r6, r7}
20005680:	46bb      	mov	fp, r7
20005682:	46b2      	mov	sl, r6
20005684:	46a9      	mov	r9, r5
20005686:	46a0      	mov	r8, r4
20005688:	bdf0      	pop	{r4, r5, r6, r7, pc}
2000568a:	6fa1      	ldr	r1, [r4, #120]	@ 0x78
2000568c:	2900      	cmp	r1, #0
2000568e:	d0ec      	beq.n	2000566a <i2c_read_blocking_internal.constprop.0+0x52>
20005690:	6921      	ldr	r1, [r4, #16]
20005692:	9b01      	ldr	r3, [sp, #4]
20005694:	5419      	strb	r1, [r3, r0]
20005696:	3001      	adds	r0, #1
20005698:	4583      	cmp	fp, r0
2000569a:	d0ed      	beq.n	20005678 <i2c_read_blocking_internal.constprop.0+0x60>
2000569c:	683c      	ldr	r4, [r7, #0]
2000569e:	e7d7      	b.n	20005650 <i2c_read_blocking_internal.constprop.0+0x38>
200056a0:	464b      	mov	r3, r9
200056a2:	2201      	movs	r2, #1
200056a4:	405a      	eors	r2, r3
200056a6:	0253      	lsls	r3, r2, #9
200056a8:	4319      	orrs	r1, r3
200056aa:	e7db      	b.n	20005664 <i2c_read_blocking_internal.constprop.0+0x4c>
200056ac:	2000      	movs	r0, #0
200056ae:	e7e3      	b.n	20005678 <i2c_read_blocking_internal.constprop.0+0x60>

200056b0 <i2c_write_blocking_internal.constprop.0>:
200056b0:	b5f0      	push	{r4, r5, r6, r7, lr}
200056b2:	4657      	mov	r7, sl
200056b4:	464e      	mov	r6, r9
200056b6:	46de      	mov	lr, fp
200056b8:	4645      	mov	r5, r8
200056ba:	4684      	mov	ip, r0
200056bc:	b5e0      	push	{r5, r6, r7, lr}
200056be:	b083      	sub	sp, #12
200056c0:	001f      	movs	r7, r3
200056c2:	ab0c      	add	r3, sp, #48	@ 0x30
200056c4:	7818      	ldrb	r0, [r3, #0]
200056c6:	4663      	mov	r3, ip
200056c8:	4691      	mov	r9, r2
200056ca:	2200      	movs	r2, #0
200056cc:	681b      	ldr	r3, [r3, #0]
200056ce:	9001      	str	r0, [sp, #4]
200056d0:	66da      	str	r2, [r3, #108]	@ 0x6c
200056d2:	3201      	adds	r2, #1
200056d4:	6059      	str	r1, [r3, #4]
200056d6:	66da      	str	r2, [r3, #108]	@ 0x6c
200056d8:	2f00      	cmp	r7, #0
200056da:	dd4f      	ble.n	2000577c <i2c_write_blocking_internal.constprop.0+0xcc>
200056dc:	1e7a      	subs	r2, r7, #1
200056de:	4690      	mov	r8, r2
200056e0:	4662      	mov	r2, ip
200056e2:	7912      	ldrb	r2, [r2, #4]
200056e4:	2601      	movs	r6, #1
200056e6:	0292      	lsls	r2, r2, #10
200056e8:	2480      	movs	r4, #128	@ 0x80
200056ea:	4693      	mov	fp, r2
200056ec:	003a      	movs	r2, r7
200056ee:	4046      	eors	r6, r0
200056f0:	0276      	lsls	r6, r6, #9
200056f2:	2580      	movs	r5, #128	@ 0x80
200056f4:	0037      	movs	r7, r6
200056f6:	2000      	movs	r0, #0
200056f8:	4646      	mov	r6, r8
200056fa:	2110      	movs	r1, #16
200056fc:	46a2      	mov	sl, r4
200056fe:	4690      	mov	r8, r2
20005700:	00ad      	lsls	r5, r5, #2
20005702:	1b84      	subs	r4, r0, r6
20005704:	4262      	negs	r2, r4
20005706:	4154      	adcs	r4, r2
20005708:	464a      	mov	r2, r9
2000570a:	4264      	negs	r4, r4
2000570c:	403c      	ands	r4, r7
2000570e:	9400      	str	r4, [sp, #0]
20005710:	465c      	mov	r4, fp
20005712:	5c12      	ldrb	r2, [r2, r0]
20005714:	4322      	orrs	r2, r4
20005716:	9c00      	ldr	r4, [sp, #0]
20005718:	4322      	orrs	r2, r4
2000571a:	611a      	str	r2, [r3, #16]
2000571c:	6b5a      	ldr	r2, [r3, #52]	@ 0x34
2000571e:	4211      	tst	r1, r2
20005720:	d0fc      	beq.n	2000571c <i2c_write_blocking_internal.constprop.0+0x6c>
20005722:	4652      	mov	r2, sl
20005724:	589c      	ldr	r4, [r3, r2]
20005726:	2c00      	cmp	r4, #0
20005728:	d110      	bne.n	2000574c <i2c_write_blocking_internal.constprop.0+0x9c>
2000572a:	42b0      	cmp	r0, r6
2000572c:	d021      	beq.n	20005772 <i2c_write_blocking_internal.constprop.0+0xc2>
2000572e:	2200      	movs	r2, #0
20005730:	3001      	adds	r0, #1
20005732:	4693      	mov	fp, r2
20005734:	4580      	cmp	r8, r0
20005736:	d1e4      	bne.n	20005702 <i2c_write_blocking_internal.constprop.0+0x52>
20005738:	4663      	mov	r3, ip
2000573a:	9a01      	ldr	r2, [sp, #4]
2000573c:	711a      	strb	r2, [r3, #4]
2000573e:	b003      	add	sp, #12
20005740:	bcf0      	pop	{r4, r5, r6, r7}
20005742:	46bb      	mov	fp, r7
20005744:	46b2      	mov	sl, r6
20005746:	46a9      	mov	r9, r5
20005748:	46a0      	mov	r8, r4
2000574a:	bdf0      	pop	{r4, r5, r6, r7, pc}
2000574c:	6d5a      	ldr	r2, [r3, #84]	@ 0x54
2000574e:	2201      	movs	r2, #1
20005750:	4693      	mov	fp, r2
20005752:	6b5a      	ldr	r2, [r3, #52]	@ 0x34
20005754:	422a      	tst	r2, r5
20005756:	d0fc      	beq.n	20005752 <i2c_write_blocking_internal.constprop.0+0xa2>
20005758:	6e1a      	ldr	r2, [r3, #96]	@ 0x60
2000575a:	465a      	mov	r2, fp
2000575c:	2a00      	cmp	r2, #0
2000575e:	d0e6      	beq.n	2000572e <i2c_write_blocking_internal.constprop.0+0x7e>
20005760:	2c00      	cmp	r4, #0
20005762:	d003      	beq.n	2000576c <i2c_write_blocking_internal.constprop.0+0xbc>
20005764:	07e3      	lsls	r3, r4, #31
20005766:	d401      	bmi.n	2000576c <i2c_write_blocking_internal.constprop.0+0xbc>
20005768:	0724      	lsls	r4, r4, #28
2000576a:	d4e5      	bmi.n	20005738 <i2c_write_blocking_internal.constprop.0+0x88>
2000576c:	2001      	movs	r0, #1
2000576e:	4240      	negs	r0, r0
20005770:	e7e2      	b.n	20005738 <i2c_write_blocking_internal.constprop.0+0x88>
20005772:	9a01      	ldr	r2, [sp, #4]
20005774:	2a00      	cmp	r2, #0
20005776:	d1da      	bne.n	2000572e <i2c_write_blocking_internal.constprop.0+0x7e>
20005778:	4693      	mov	fp, r2
2000577a:	e7ea      	b.n	20005752 <i2c_write_blocking_internal.constprop.0+0xa2>
2000577c:	2000      	movs	r0, #0
2000577e:	e7db      	b.n	20005738 <i2c_write_blocking_internal.constprop.0+0x88>

20005780 <i2c_set_baudrate>:
20005780:	b5f8      	push	{r3, r4, r5, r6, r7, lr}
20005782:	46de      	mov	lr, fp
20005784:	4657      	mov	r7, sl
20005786:	464e      	mov	r6, r9
20005788:	4645      	mov	r5, r8
2000578a:	4683      	mov	fp, r0
2000578c:	b5e0      	push	{r5, r6, r7, lr}
2000578e:	2005      	movs	r0, #5
20005790:	000c      	movs	r4, r1
20005792:	f7fd f84b 	bl	2000282c <clock_get_hz>
20005796:	0006      	movs	r6, r0
20005798:	0860      	lsrs	r0, r4, #1
2000579a:	0021      	movs	r1, r4
2000579c:	1980      	adds	r0, r0, r6
2000579e:	f7fd fa3f 	bl	20002c20 <__wrap___aeabi_uidiv>
200057a2:	0043      	lsls	r3, r0, #1
200057a4:	4698      	mov	r8, r3
200057a6:	4480      	add	r8, r0
200057a8:	0007      	movs	r7, r0
200057aa:	2105      	movs	r1, #5
200057ac:	4640      	mov	r0, r8
200057ae:	f7fd fa37 	bl	20002c20 <__wrap___aeabi_uidiv>
200057b2:	1a3b      	subs	r3, r7, r0
200057b4:	469a      	mov	sl, r3
200057b6:	4b1e      	ldr	r3, [pc, #120]	@ (20005830 <i2c_set_baudrate+0xb0>)
200057b8:	4681      	mov	r9, r0
200057ba:	0070      	lsls	r0, r6, #1
200057bc:	1980      	adds	r0, r0, r6
200057be:	429c      	cmp	r4, r3
200057c0:	d831      	bhi.n	20005826 <i2c_set_baudrate+0xa6>
200057c2:	491c      	ldr	r1, [pc, #112]	@ (20005834 <i2c_set_baudrate+0xb4>)
200057c4:	f7fd fa2c 	bl	20002c20 <__wrap___aeabi_uidiv>
200057c8:	1c45      	adds	r5, r0, #1
200057ca:	465b      	mov	r3, fp
200057cc:	681c      	ldr	r4, [r3, #0]
200057ce:	2300      	movs	r3, #0
200057d0:	66e3      	str	r3, [r4, #108]	@ 0x6c
200057d2:	6822      	ldr	r2, [r4, #0]
200057d4:	3304      	adds	r3, #4
200057d6:	405a      	eors	r2, r3
200057d8:	3302      	adds	r3, #2
200057da:	4013      	ands	r3, r2
200057dc:	2280      	movs	r2, #128	@ 0x80
200057de:	0152      	lsls	r2, r2, #5
200057e0:	18a2      	adds	r2, r4, r2
200057e2:	6013      	str	r3, [r2, #0]
200057e4:	4653      	mov	r3, sl
200057e6:	61e3      	str	r3, [r4, #28]
200057e8:	464b      	mov	r3, r9
200057ea:	6223      	str	r3, [r4, #32]
200057ec:	4643      	mov	r3, r8
200057ee:	2001      	movs	r0, #1
200057f0:	2b4f      	cmp	r3, #79	@ 0x4f
200057f2:	d903      	bls.n	200057fc <i2c_set_baudrate+0x7c>
200057f4:	2150      	movs	r1, #80	@ 0x50
200057f6:	4640      	mov	r0, r8
200057f8:	f7fd fa12 	bl	20002c20 <__wrap___aeabi_uidiv>
200057fc:	23a0      	movs	r3, #160	@ 0xa0
200057fe:	50e0      	str	r0, [r4, r3]
20005800:	6fe3      	ldr	r3, [r4, #124]	@ 0x7c
20005802:	0039      	movs	r1, r7
20005804:	405d      	eors	r5, r3
20005806:	4b0c      	ldr	r3, [pc, #48]	@ (20005838 <i2c_set_baudrate+0xb8>)
20005808:	042d      	lsls	r5, r5, #16
2000580a:	0c2d      	lsrs	r5, r5, #16
2000580c:	18e3      	adds	r3, r4, r3
2000580e:	601d      	str	r5, [r3, #0]
20005810:	2301      	movs	r3, #1
20005812:	0030      	movs	r0, r6
20005814:	66e3      	str	r3, [r4, #108]	@ 0x6c
20005816:	f7fd fa03 	bl	20002c20 <__wrap___aeabi_uidiv>
2000581a:	bcf0      	pop	{r4, r5, r6, r7}
2000581c:	46bb      	mov	fp, r7
2000581e:	46b2      	mov	sl, r6
20005820:	46a9      	mov	r9, r5
20005822:	46a0      	mov	r8, r4
20005824:	bdf8      	pop	{r3, r4, r5, r6, r7, pc}
20005826:	4905      	ldr	r1, [pc, #20]	@ (2000583c <i2c_set_baudrate+0xbc>)
20005828:	f7fd f9fa 	bl	20002c20 <__wrap___aeabi_uidiv>
2000582c:	1c45      	adds	r5, r0, #1
2000582e:	e7cc      	b.n	200057ca <i2c_set_baudrate+0x4a>
20005830:	000f423f 	.word	0x000f423f
20005834:	00989680 	.word	0x00989680
20005838:	0000107c 	.word	0x0000107c
2000583c:	017d7840 	.word	0x017d7840

20005840 <i2c_init>:
20005840:	4a10      	ldr	r2, [pc, #64]	@ (20005884 <i2c_init+0x44>)
20005842:	b570      	push	{r4, r5, r6, lr}
20005844:	1a82      	subs	r2, r0, r2
20005846:	1e53      	subs	r3, r2, #1
20005848:	419a      	sbcs	r2, r3
2000584a:	2307      	movs	r3, #7
2000584c:	4252      	negs	r2, r2
2000584e:	439a      	bics	r2, r3
20005850:	4b0d      	ldr	r3, [pc, #52]	@ (20005888 <i2c_init+0x48>)
20005852:	3210      	adds	r2, #16
20005854:	601a      	str	r2, [r3, #0]
20005856:	4b0d      	ldr	r3, [pc, #52]	@ (2000588c <i2c_init+0x4c>)
20005858:	4c0d      	ldr	r4, [pc, #52]	@ (20005890 <i2c_init+0x50>)
2000585a:	601a      	str	r2, [r3, #0]
2000585c:	0015      	movs	r5, r2
2000585e:	6823      	ldr	r3, [r4, #0]
20005860:	439d      	bics	r5, r3
20005862:	1e2b      	subs	r3, r5, #0
20005864:	d1fa      	bne.n	2000585c <i2c_init+0x1c>
20005866:	2466      	movs	r4, #102	@ 0x66
20005868:	6802      	ldr	r2, [r0, #0]
2000586a:	34ff      	adds	r4, #255	@ 0xff
2000586c:	7105      	strb	r5, [r0, #4]
2000586e:	66d5      	str	r5, [r2, #108]	@ 0x6c
20005870:	6014      	str	r4, [r2, #0]
20005872:	3c63      	subs	r4, #99	@ 0x63
20005874:	3388      	adds	r3, #136	@ 0x88
20005876:	3cff      	subs	r4, #255	@ 0xff
20005878:	63d5      	str	r5, [r2, #60]	@ 0x3c
2000587a:	6395      	str	r5, [r2, #56]	@ 0x38
2000587c:	50d4      	str	r4, [r2, r3]
2000587e:	f7ff ff7f 	bl	20005780 <i2c_set_baudrate>
20005882:	bd70      	pop	{r4, r5, r6, pc}
20005884:	2000a290 	.word	0x2000a290
20005888:	4000e000 	.word	0x4000e000
2000588c:	4000f000 	.word	0x4000f000
20005890:	4000c008 	.word	0x4000c008

20005894 <i2c_write_blocking>:
20005894:	b510      	push	{r4, lr}
20005896:	b082      	sub	sp, #8
20005898:	ac04      	add	r4, sp, #16
2000589a:	7824      	ldrb	r4, [r4, #0]
2000589c:	9400      	str	r4, [sp, #0]
2000589e:	f7ff ff07 	bl	200056b0 <i2c_write_blocking_internal.constprop.0>
200058a2:	b002      	add	sp, #8
200058a4:	bd10      	pop	{r4, pc}
200058a6:	46c0      	nop			@ (mov r8, r8)

200058a8 <i2c_read_blocking>:
200058a8:	b510      	push	{r4, lr}
200058aa:	b082      	sub	sp, #8
200058ac:	ac04      	add	r4, sp, #16
200058ae:	7824      	ldrb	r4, [r4, #0]
200058b0:	9400      	str	r4, [sp, #0]
200058b2:	f7ff feb1 	bl	20005618 <i2c_read_blocking_internal.constprop.0>
200058b6:	b002      	add	sp, #8
200058b8:	bd10      	pop	{r4, pc}
200058ba:	46c0      	nop			@ (mov r8, r8)

200058bc <__aeabi_idiv0>:
200058bc:	4770      	bx	lr
200058be:	46c0      	nop			@ (mov r8, r8)

200058c0 <sulp>:
200058c0:	b570      	push	{r4, r5, r6, lr}
200058c2:	0016      	movs	r6, r2
200058c4:	000d      	movs	r5, r1
200058c6:	f002 ff03 	bl	200086d0 <__ulp>
200058ca:	2e00      	cmp	r6, #0
200058cc:	d00d      	beq.n	200058ea <sulp+0x2a>
200058ce:	236b      	movs	r3, #107	@ 0x6b
200058d0:	006a      	lsls	r2, r5, #1
200058d2:	0d52      	lsrs	r2, r2, #21
200058d4:	1a9b      	subs	r3, r3, r2
200058d6:	2b00      	cmp	r3, #0
200058d8:	dd07      	ble.n	200058ea <sulp+0x2a>
200058da:	2400      	movs	r4, #0
200058dc:	4a03      	ldr	r2, [pc, #12]	@ (200058ec <sulp+0x2c>)
200058de:	051b      	lsls	r3, r3, #20
200058e0:	189d      	adds	r5, r3, r2
200058e2:	002b      	movs	r3, r5
200058e4:	0022      	movs	r2, r4
200058e6:	f7fd fc06 	bl	200030f6 <__wrap___aeabi_dmul>
200058ea:	bd70      	pop	{r4, r5, r6, pc}
200058ec:	3ff00000 	.word	0x3ff00000

200058f0 <_strtod_l>:
200058f0:	b5f0      	push	{r4, r5, r6, r7, lr}
200058f2:	4645      	mov	r5, r8
200058f4:	46de      	mov	lr, fp
200058f6:	4657      	mov	r7, sl
200058f8:	464e      	mov	r6, r9
200058fa:	b5e0      	push	{r5, r6, r7, lr}
200058fc:	b09f      	sub	sp, #124	@ 0x7c
200058fe:	9207      	str	r2, [sp, #28]
20005900:	2200      	movs	r2, #0
20005902:	000c      	movs	r4, r1
20005904:	921a      	str	r2, [sp, #104]	@ 0x68
20005906:	2100      	movs	r1, #0
20005908:	2200      	movs	r2, #0
2000590a:	4680      	mov	r8, r0
2000590c:	9104      	str	r1, [sp, #16]
2000590e:	9205      	str	r2, [sp, #20]
20005910:	0021      	movs	r1, r4
20005912:	9119      	str	r1, [sp, #100]	@ 0x64
20005914:	780a      	ldrb	r2, [r1, #0]
20005916:	000f      	movs	r7, r1
20005918:	2a2d      	cmp	r2, #45	@ 0x2d
2000591a:	d803      	bhi.n	20005924 <_strtod_l+0x34>
2000591c:	4db4      	ldr	r5, [pc, #720]	@ (20005bf0 <_strtod_l+0x300>)
2000591e:	0090      	lsls	r0, r2, #2
20005920:	5828      	ldr	r0, [r5, r0]
20005922:	4687      	mov	pc, r0
20005924:	2100      	movs	r1, #0
20005926:	9108      	str	r1, [sp, #32]
20005928:	2100      	movs	r1, #0
2000592a:	9109      	str	r1, [sp, #36]	@ 0x24
2000592c:	2a30      	cmp	r2, #48	@ 0x30
2000592e:	d100      	bne.n	20005932 <_strtod_l+0x42>
20005930:	e0b2      	b.n	20005a98 <_strtod_l+0x1a8>
20005932:	0015      	movs	r5, r2
20005934:	2a2f      	cmp	r2, #47	@ 0x2f
20005936:	d801      	bhi.n	2000593c <_strtod_l+0x4c>
20005938:	f000 fd44 	bl	200063c4 <_strtod_l+0xad4>
2000593c:	2300      	movs	r3, #0
2000593e:	46a4      	mov	ip, r4
20005940:	0038      	movs	r0, r7
20005942:	2600      	movs	r6, #0
20005944:	0019      	movs	r1, r3
20005946:	001c      	movs	r4, r3
20005948:	e00b      	b.n	20005962 <_strtod_l+0x72>
2000594a:	008b      	lsls	r3, r1, #2
2000594c:	3001      	adds	r0, #1
2000594e:	185b      	adds	r3, r3, r1
20005950:	9019      	str	r0, [sp, #100]	@ 0x64
20005952:	7805      	ldrb	r5, [r0, #0]
20005954:	005b      	lsls	r3, r3, #1
20005956:	1899      	adds	r1, r3, r2
20005958:	3930      	subs	r1, #48	@ 0x30
2000595a:	002a      	movs	r2, r5
2000595c:	3601      	adds	r6, #1
2000595e:	2d2f      	cmp	r5, #47	@ 0x2f
20005960:	dd0f      	ble.n	20005982 <_strtod_l+0x92>
20005962:	2d39      	cmp	r5, #57	@ 0x39
20005964:	dc37      	bgt.n	200059d6 <_strtod_l+0xe6>
20005966:	2e08      	cmp	r6, #8
20005968:	ddef      	ble.n	2000594a <_strtod_l+0x5a>
2000596a:	00a3      	lsls	r3, r4, #2
2000596c:	3001      	adds	r0, #1
2000596e:	191b      	adds	r3, r3, r4
20005970:	9019      	str	r0, [sp, #100]	@ 0x64
20005972:	7805      	ldrb	r5, [r0, #0]
20005974:	005b      	lsls	r3, r3, #1
20005976:	189c      	adds	r4, r3, r2
20005978:	3c30      	subs	r4, #48	@ 0x30
2000597a:	002a      	movs	r2, r5
2000597c:	3601      	adds	r6, #1
2000597e:	2d2f      	cmp	r5, #47	@ 0x2f
20005980:	dcef      	bgt.n	20005962 <_strtod_l+0x72>
20005982:	4689      	mov	r9, r1
20005984:	2201      	movs	r2, #1
20005986:	499b      	ldr	r1, [pc, #620]	@ (20005bf4 <_strtod_l+0x304>)
20005988:	46a2      	mov	sl, r4
2000598a:	4664      	mov	r4, ip
2000598c:	f001 fb86 	bl	2000709c <strncmp>
20005990:	2800      	cmp	r0, #0
20005992:	d000      	beq.n	20005996 <_strtod_l+0xa6>
20005994:	e094      	b.n	20005ac0 <_strtod_l+0x1d0>
20005996:	9b19      	ldr	r3, [sp, #100]	@ 0x64
20005998:	960d      	str	r6, [sp, #52]	@ 0x34
2000599a:	1c5a      	adds	r2, r3, #1
2000599c:	9219      	str	r2, [sp, #100]	@ 0x64
2000599e:	785d      	ldrb	r5, [r3, #1]
200059a0:	2300      	movs	r3, #0
200059a2:	9312      	str	r3, [sp, #72]	@ 0x48
200059a4:	e050      	b.n	20005a48 <_strtod_l+0x158>
200059a6:	3101      	adds	r1, #1
200059a8:	e7b3      	b.n	20005912 <_strtod_l+0x22>
200059aa:	2200      	movs	r2, #0
200059ac:	9208      	str	r2, [sp, #32]
200059ae:	1c4f      	adds	r7, r1, #1
200059b0:	9719      	str	r7, [sp, #100]	@ 0x64
200059b2:	784a      	ldrb	r2, [r1, #1]
200059b4:	2a00      	cmp	r2, #0
200059b6:	d1b7      	bne.n	20005928 <_strtod_l+0x38>
200059b8:	9b07      	ldr	r3, [sp, #28]
200059ba:	2600      	movs	r6, #0
200059bc:	2700      	movs	r7, #0
200059be:	2b00      	cmp	r3, #0
200059c0:	d000      	beq.n	200059c4 <_strtod_l+0xd4>
200059c2:	601c      	str	r4, [r3, #0]
200059c4:	0030      	movs	r0, r6
200059c6:	0039      	movs	r1, r7
200059c8:	b01f      	add	sp, #124	@ 0x7c
200059ca:	bcf0      	pop	{r4, r5, r6, r7}
200059cc:	46bb      	mov	fp, r7
200059ce:	46b2      	mov	sl, r6
200059d0:	46a9      	mov	r9, r5
200059d2:	46a0      	mov	r8, r4
200059d4:	bdf0      	pop	{r4, r5, r6, r7, pc}
200059d6:	4689      	mov	r9, r1
200059d8:	2201      	movs	r2, #1
200059da:	4986      	ldr	r1, [pc, #536]	@ (20005bf4 <_strtod_l+0x304>)
200059dc:	46a2      	mov	sl, r4
200059de:	4664      	mov	r4, ip
200059e0:	f001 fb5c 	bl	2000709c <strncmp>
200059e4:	2800      	cmp	r0, #0
200059e6:	d16b      	bne.n	20005ac0 <_strtod_l+0x1d0>
200059e8:	9a19      	ldr	r2, [sp, #100]	@ 0x64
200059ea:	0013      	movs	r3, r2
200059ec:	3201      	adds	r2, #1
200059ee:	9219      	str	r2, [sp, #100]	@ 0x64
200059f0:	785d      	ldrb	r5, [r3, #1]
200059f2:	2e00      	cmp	r6, #0
200059f4:	d001      	beq.n	200059fa <_strtod_l+0x10a>
200059f6:	f000 fd75 	bl	200064e4 <_strtod_l+0xbf4>
200059fa:	2d30      	cmp	r5, #48	@ 0x30
200059fc:	d001      	beq.n	20005a02 <_strtod_l+0x112>
200059fe:	f000 fd1d 	bl	2000643c <_strtod_l+0xb4c>
20005a02:	0013      	movs	r3, r2
20005a04:	0018      	movs	r0, r3
20005a06:	3301      	adds	r3, #1
20005a08:	9319      	str	r3, [sp, #100]	@ 0x64
20005a0a:	781d      	ldrb	r5, [r3, #0]
20005a0c:	2d30      	cmp	r5, #48	@ 0x30
20005a0e:	d0f9      	beq.n	20005a04 <_strtod_l+0x114>
20005a10:	1a80      	subs	r0, r0, r2
20005a12:	3001      	adds	r0, #1
20005a14:	002b      	movs	r3, r5
20005a16:	3b31      	subs	r3, #49	@ 0x31
20005a18:	2b08      	cmp	r3, #8
20005a1a:	d900      	bls.n	20005a1e <_strtod_l+0x12e>
20005a1c:	e2fc      	b.n	20006018 <_strtod_l+0x728>
20005a1e:	2230      	movs	r2, #48	@ 0x30
20005a20:	4252      	negs	r2, r2
20005a22:	4694      	mov	ip, r2
20005a24:	9b19      	ldr	r3, [sp, #100]	@ 0x64
20005a26:	1c42      	adds	r2, r0, #1
20005a28:	9212      	str	r2, [sp, #72]	@ 0x48
20005a2a:	2200      	movs	r2, #0
20005a2c:	001f      	movs	r7, r3
20005a2e:	2601      	movs	r6, #1
20005a30:	44ac      	add	ip, r5
20005a32:	920d      	str	r2, [sp, #52]	@ 0x34
20005a34:	464a      	mov	r2, r9
20005a36:	0092      	lsls	r2, r2, #2
20005a38:	444a      	add	r2, r9
20005a3a:	0052      	lsls	r2, r2, #1
20005a3c:	4462      	add	r2, ip
20005a3e:	4691      	mov	r9, r2
20005a40:	2000      	movs	r0, #0
20005a42:	1c5a      	adds	r2, r3, #1
20005a44:	9219      	str	r2, [sp, #100]	@ 0x64
20005a46:	785d      	ldrb	r5, [r3, #1]
20005a48:	002a      	movs	r2, r5
20005a4a:	3a30      	subs	r2, #48	@ 0x30
20005a4c:	2a09      	cmp	r2, #9
20005a4e:	d900      	bls.n	20005a52 <_strtod_l+0x162>
20005a50:	e2e6      	b.n	20006020 <_strtod_l+0x730>
20005a52:	4694      	mov	ip, r2
20005a54:	9b19      	ldr	r3, [sp, #100]	@ 0x64
20005a56:	3001      	adds	r0, #1
20005a58:	2a00      	cmp	r2, #0
20005a5a:	d0f2      	beq.n	20005a42 <_strtod_l+0x152>
20005a5c:	1831      	adds	r1, r6, r0
20005a5e:	468b      	mov	fp, r1
20005a60:	3901      	subs	r1, #1
20005a62:	2801      	cmp	r0, #1
20005a64:	dc01      	bgt.n	20005a6a <_strtod_l+0x17a>
20005a66:	f000 fe89 	bl	2000677c <_strtod_l+0xe8c>
20005a6a:	4655      	mov	r5, sl
20005a6c:	464a      	mov	r2, r9
20005a6e:	469a      	mov	sl, r3
20005a70:	46e1      	mov	r9, ip
20005a72:	002b      	movs	r3, r5
20005a74:	e006      	b.n	20005a84 <_strtod_l+0x194>
20005a76:	0095      	lsls	r5, r2, #2
20005a78:	18aa      	adds	r2, r5, r2
20005a7a:	0052      	lsls	r2, r2, #1
20005a7c:	42b1      	cmp	r1, r6
20005a7e:	d101      	bne.n	20005a84 <_strtod_l+0x194>
20005a80:	f000 fc8f 	bl	200063a2 <_strtod_l+0xab2>
20005a84:	0035      	movs	r5, r6
20005a86:	3601      	adds	r6, #1
20005a88:	2d08      	cmp	r5, #8
20005a8a:	ddf4      	ble.n	20005a76 <_strtod_l+0x186>
20005a8c:	2e10      	cmp	r6, #16
20005a8e:	dcf5      	bgt.n	20005a7c <_strtod_l+0x18c>
20005a90:	009d      	lsls	r5, r3, #2
20005a92:	18eb      	adds	r3, r5, r3
20005a94:	005b      	lsls	r3, r3, #1
20005a96:	e7f1      	b.n	20005a7c <_strtod_l+0x18c>
20005a98:	787a      	ldrb	r2, [r7, #1]
20005a9a:	3120      	adds	r1, #32
20005a9c:	438a      	bics	r2, r1
20005a9e:	1c7d      	adds	r5, r7, #1
20005aa0:	2a58      	cmp	r2, #88	@ 0x58
20005aa2:	d101      	bne.n	20005aa8 <_strtod_l+0x1b8>
20005aa4:	f000 fc23 	bl	200062ee <_strtod_l+0x9fe>
20005aa8:	002f      	movs	r7, r5
20005aaa:	9519      	str	r5, [sp, #100]	@ 0x64
20005aac:	783a      	ldrb	r2, [r7, #0]
20005aae:	3501      	adds	r5, #1
20005ab0:	2a30      	cmp	r2, #48	@ 0x30
20005ab2:	d0f9      	beq.n	20005aa8 <_strtod_l+0x1b8>
20005ab4:	2a00      	cmp	r2, #0
20005ab6:	d100      	bne.n	20005aba <_strtod_l+0x1ca>
20005ab8:	e2b4      	b.n	20006024 <_strtod_l+0x734>
20005aba:	2301      	movs	r3, #1
20005abc:	9309      	str	r3, [sp, #36]	@ 0x24
20005abe:	e738      	b.n	20005932 <_strtod_l+0x42>
20005ac0:	2300      	movs	r3, #0
20005ac2:	2000      	movs	r0, #0
20005ac4:	2200      	movs	r2, #0
20005ac6:	960d      	str	r6, [sp, #52]	@ 0x34
20005ac8:	9312      	str	r3, [sp, #72]	@ 0x48
20005aca:	2320      	movs	r3, #32
20005acc:	0029      	movs	r1, r5
20005ace:	4399      	bics	r1, r3
20005ad0:	000b      	movs	r3, r1
20005ad2:	2100      	movs	r1, #0
20005ad4:	910c      	str	r1, [sp, #48]	@ 0x30
20005ad6:	2b45      	cmp	r3, #69	@ 0x45
20005ad8:	d028      	beq.n	20005b2c <_strtod_l+0x23c>
20005ada:	2e00      	cmp	r6, #0
20005adc:	d000      	beq.n	20005ae0 <_strtod_l+0x1f0>
20005ade:	e091      	b.n	20005c04 <_strtod_l+0x314>
20005ae0:	9b09      	ldr	r3, [sp, #36]	@ 0x24
20005ae2:	4303      	orrs	r3, r0
20005ae4:	d000      	beq.n	20005ae8 <_strtod_l+0x1f8>
20005ae6:	e29d      	b.n	20006024 <_strtod_l+0x734>
20005ae8:	2a00      	cmp	r2, #0
20005aea:	d000      	beq.n	20005aee <_strtod_l+0x1fe>
20005aec:	e764      	b.n	200059b8 <_strtod_l+0xc8>
20005aee:	2d69      	cmp	r5, #105	@ 0x69
20005af0:	d100      	bne.n	20005af4 <_strtod_l+0x204>
20005af2:	e31f      	b.n	20006134 <_strtod_l+0x844>
20005af4:	dd01      	ble.n	20005afa <_strtod_l+0x20a>
20005af6:	f000 fc75 	bl	200063e4 <_strtod_l+0xaf4>
20005afa:	2d49      	cmp	r5, #73	@ 0x49
20005afc:	d100      	bne.n	20005b00 <_strtod_l+0x210>
20005afe:	e319      	b.n	20006134 <_strtod_l+0x844>
20005b00:	2d4e      	cmp	r5, #78	@ 0x4e
20005b02:	d000      	beq.n	20005b06 <_strtod_l+0x216>
20005b04:	e758      	b.n	200059b8 <_strtod_l+0xc8>
20005b06:	493c      	ldr	r1, [pc, #240]	@ (20005bf8 <_strtod_l+0x308>)
20005b08:	a819      	add	r0, sp, #100	@ 0x64
20005b0a:	f002 f8a9 	bl	20007c60 <__match>
20005b0e:	2800      	cmp	r0, #0
20005b10:	d100      	bne.n	20005b14 <_strtod_l+0x224>
20005b12:	e751      	b.n	200059b8 <_strtod_l+0xc8>
20005b14:	9b19      	ldr	r3, [sp, #100]	@ 0x64
20005b16:	781b      	ldrb	r3, [r3, #0]
20005b18:	2b28      	cmp	r3, #40	@ 0x28
20005b1a:	d101      	bne.n	20005b20 <_strtod_l+0x230>
20005b1c:	f000 fd2b 	bl	20006576 <_strtod_l+0xc86>
20005b20:	4836      	ldr	r0, [pc, #216]	@ (20005bfc <_strtod_l+0x30c>)
20005b22:	f002 f9b5 	bl	20007e90 <nan>
20005b26:	0006      	movs	r6, r0
20005b28:	000f      	movs	r7, r1
20005b2a:	e27d      	b.n	20006028 <_strtod_l+0x738>
20005b2c:	0033      	movs	r3, r6
20005b2e:	9909      	ldr	r1, [sp, #36]	@ 0x24
20005b30:	4303      	orrs	r3, r0
20005b32:	430b      	orrs	r3, r1
20005b34:	d100      	bne.n	20005b38 <_strtod_l+0x248>
20005b36:	e73f      	b.n	200059b8 <_strtod_l+0xc8>
20005b38:	9c19      	ldr	r4, [sp, #100]	@ 0x64
20005b3a:	1c63      	adds	r3, r4, #1
20005b3c:	9319      	str	r3, [sp, #100]	@ 0x64
20005b3e:	7865      	ldrb	r5, [r4, #1]
20005b40:	2d2b      	cmp	r5, #43	@ 0x2b
20005b42:	d100      	bne.n	20005b46 <_strtod_l+0x256>
20005b44:	e3c4      	b.n	200062d0 <_strtod_l+0x9e0>
20005b46:	2d2d      	cmp	r5, #45	@ 0x2d
20005b48:	d000      	beq.n	20005b4c <_strtod_l+0x25c>
20005b4a:	e27b      	b.n	20006044 <_strtod_l+0x754>
20005b4c:	2301      	movs	r3, #1
20005b4e:	930a      	str	r3, [sp, #40]	@ 0x28
20005b50:	1ca3      	adds	r3, r4, #2
20005b52:	9319      	str	r3, [sp, #100]	@ 0x64
20005b54:	78a5      	ldrb	r5, [r4, #2]
20005b56:	002b      	movs	r3, r5
20005b58:	3b30      	subs	r3, #48	@ 0x30
20005b5a:	2b09      	cmp	r3, #9
20005b5c:	d900      	bls.n	20005b60 <_strtod_l+0x270>
20005b5e:	e379      	b.n	20006254 <_strtod_l+0x964>
20005b60:	9919      	ldr	r1, [sp, #100]	@ 0x64
20005b62:	2d30      	cmp	r5, #48	@ 0x30
20005b64:	d10d      	bne.n	20005b82 <_strtod_l+0x292>
20005b66:	1c4b      	adds	r3, r1, #1
20005b68:	9319      	str	r3, [sp, #100]	@ 0x64
20005b6a:	781d      	ldrb	r5, [r3, #0]
20005b6c:	0019      	movs	r1, r3
20005b6e:	3301      	adds	r3, #1
20005b70:	2d30      	cmp	r5, #48	@ 0x30
20005b72:	d0f9      	beq.n	20005b68 <_strtod_l+0x278>
20005b74:	2300      	movs	r3, #0
20005b76:	930c      	str	r3, [sp, #48]	@ 0x30
20005b78:	002b      	movs	r3, r5
20005b7a:	3b31      	subs	r3, #49	@ 0x31
20005b7c:	2b08      	cmp	r3, #8
20005b7e:	d8ac      	bhi.n	20005ada <_strtod_l+0x1ea>
20005b80:	3301      	adds	r3, #1
20005b82:	1c4d      	adds	r5, r1, #1
20005b84:	9519      	str	r5, [sp, #100]	@ 0x64
20005b86:	46ac      	mov	ip, r5
20005b88:	784d      	ldrb	r5, [r1, #1]
20005b8a:	930b      	str	r3, [sp, #44]	@ 0x2c
20005b8c:	2d2f      	cmp	r5, #47	@ 0x2f
20005b8e:	dc01      	bgt.n	20005b94 <_strtod_l+0x2a4>
20005b90:	f000 fc2e 	bl	200063f0 <_strtod_l+0xb00>
20005b94:	920c      	str	r2, [sp, #48]	@ 0x30
20005b96:	4662      	mov	r2, ip
20005b98:	9110      	str	r1, [sp, #64]	@ 0x40
20005b9a:	990c      	ldr	r1, [sp, #48]	@ 0x30
20005b9c:	4683      	mov	fp, r0
20005b9e:	468c      	mov	ip, r1
20005ba0:	0010      	movs	r0, r2
20005ba2:	9b0b      	ldr	r3, [sp, #44]	@ 0x2c
20005ba4:	e00a      	b.n	20005bbc <_strtod_l+0x2cc>
20005ba6:	0099      	lsls	r1, r3, #2
20005ba8:	18c9      	adds	r1, r1, r3
20005baa:	3201      	adds	r2, #1
20005bac:	0049      	lsls	r1, r1, #1
20005bae:	9219      	str	r2, [sp, #100]	@ 0x64
20005bb0:	194b      	adds	r3, r1, r5
20005bb2:	7845      	ldrb	r5, [r0, #1]
20005bb4:	3b30      	subs	r3, #48	@ 0x30
20005bb6:	2d2f      	cmp	r5, #47	@ 0x2f
20005bb8:	dd02      	ble.n	20005bc0 <_strtod_l+0x2d0>
20005bba:	0010      	movs	r0, r2
20005bbc:	2d39      	cmp	r5, #57	@ 0x39
20005bbe:	ddf2      	ble.n	20005ba6 <_strtod_l+0x2b6>
20005bc0:	4660      	mov	r0, ip
20005bc2:	4694      	mov	ip, r2
20005bc4:	930b      	str	r3, [sp, #44]	@ 0x2c
20005bc6:	4663      	mov	r3, ip
20005bc8:	9910      	ldr	r1, [sp, #64]	@ 0x40
20005bca:	900c      	str	r0, [sp, #48]	@ 0x30
20005bcc:	9a0c      	ldr	r2, [sp, #48]	@ 0x30
20005bce:	4658      	mov	r0, fp
20005bd0:	1a59      	subs	r1, r3, r1
20005bd2:	2908      	cmp	r1, #8
20005bd4:	dc01      	bgt.n	20005bda <_strtod_l+0x2ea>
20005bd6:	f000 fc0b 	bl	200063f0 <_strtod_l+0xb00>
20005bda:	4b09      	ldr	r3, [pc, #36]	@ (20005c00 <_strtod_l+0x310>)
20005bdc:	930c      	str	r3, [sp, #48]	@ 0x30
20005bde:	9b0a      	ldr	r3, [sp, #40]	@ 0x28
20005be0:	2b00      	cmp	r3, #0
20005be2:	d100      	bne.n	20005be6 <_strtod_l+0x2f6>
20005be4:	e779      	b.n	20005ada <_strtod_l+0x1ea>
20005be6:	9b0c      	ldr	r3, [sp, #48]	@ 0x30
20005be8:	425b      	negs	r3, r3
20005bea:	930c      	str	r3, [sp, #48]	@ 0x30
20005bec:	e775      	b.n	20005ada <_strtod_l+0x1ea>
20005bee:	46c0      	nop			@ (mov r8, r8)
20005bf0:	20009df8 	.word	0x20009df8
20005bf4:	20009894 	.word	0x20009894
20005bf8:	200098a4 	.word	0x200098a4
20005bfc:	20009330 	.word	0x20009330
20005c00:	00004e1f 	.word	0x00004e1f
20005c04:	9b0c      	ldr	r3, [sp, #48]	@ 0x30
20005c06:	9a12      	ldr	r2, [sp, #72]	@ 0x48
20005c08:	1a9b      	subs	r3, r3, r2
20005c0a:	930b      	str	r3, [sp, #44]	@ 0x2c
20005c0c:	9b0d      	ldr	r3, [sp, #52]	@ 0x34
20005c0e:	2b00      	cmp	r3, #0
20005c10:	d100      	bne.n	20005c14 <_strtod_l+0x324>
20005c12:	960d      	str	r6, [sp, #52]	@ 0x34
20005c14:	0034      	movs	r4, r6
20005c16:	2e10      	cmp	r6, #16
20005c18:	dd00      	ble.n	20005c1c <_strtod_l+0x32c>
20005c1a:	2410      	movs	r4, #16
20005c1c:	4648      	mov	r0, r9
20005c1e:	f7fd fadd 	bl	200031dc <__wrap___aeabi_ui2d>
20005c22:	9004      	str	r0, [sp, #16]
20005c24:	9105      	str	r1, [sp, #20]
20005c26:	2e09      	cmp	r6, #9
20005c28:	dd17      	ble.n	20005c5a <_strtod_l+0x36a>
20005c2a:	0022      	movs	r2, r4
20005c2c:	4b62      	ldr	r3, [pc, #392]	@ (20005db8 <_strtod_l+0x4c8>)
20005c2e:	3a09      	subs	r2, #9
20005c30:	00d2      	lsls	r2, r2, #3
20005c32:	189b      	adds	r3, r3, r2
20005c34:	681a      	ldr	r2, [r3, #0]
20005c36:	685b      	ldr	r3, [r3, #4]
20005c38:	f7fd fa5d 	bl	200030f6 <__wrap___aeabi_dmul>
20005c3c:	9004      	str	r0, [sp, #16]
20005c3e:	9105      	str	r1, [sp, #20]
20005c40:	4650      	mov	r0, sl
20005c42:	f7fd facb 	bl	200031dc <__wrap___aeabi_ui2d>
20005c46:	0002      	movs	r2, r0
20005c48:	000b      	movs	r3, r1
20005c4a:	9804      	ldr	r0, [sp, #16]
20005c4c:	9905      	ldr	r1, [sp, #20]
20005c4e:	f7fd fa2b 	bl	200030a8 <__wrap___aeabi_dadd>
20005c52:	9004      	str	r0, [sp, #16]
20005c54:	9105      	str	r1, [sp, #20]
20005c56:	2e0f      	cmp	r6, #15
20005c58:	dc25      	bgt.n	20005ca6 <_strtod_l+0x3b6>
20005c5a:	9b0b      	ldr	r3, [sp, #44]	@ 0x2c
20005c5c:	2b00      	cmp	r3, #0
20005c5e:	d100      	bne.n	20005c62 <_strtod_l+0x372>
20005c60:	e339      	b.n	200062d6 <_strtod_l+0x9e6>
20005c62:	9b0b      	ldr	r3, [sp, #44]	@ 0x2c
20005c64:	2b00      	cmp	r3, #0
20005c66:	dc00      	bgt.n	20005c6a <_strtod_l+0x37a>
20005c68:	e24e      	b.n	20006108 <_strtod_l+0x818>
20005c6a:	2b16      	cmp	r3, #22
20005c6c:	dc00      	bgt.n	20005c70 <_strtod_l+0x380>
20005c6e:	e3c8      	b.n	20006402 <_strtod_l+0xb12>
20005c70:	2325      	movs	r3, #37	@ 0x25
20005c72:	9a0b      	ldr	r2, [sp, #44]	@ 0x2c
20005c74:	1b9b      	subs	r3, r3, r6
20005c76:	4293      	cmp	r3, r2
20005c78:	db15      	blt.n	20005ca6 <_strtod_l+0x3b6>
20005c7a:	9a04      	ldr	r2, [sp, #16]
20005c7c:	9b05      	ldr	r3, [sp, #20]
20005c7e:	240f      	movs	r4, #15
20005c80:	4d4d      	ldr	r5, [pc, #308]	@ (20005db8 <_strtod_l+0x4c8>)
20005c82:	1ba4      	subs	r4, r4, r6
20005c84:	00e1      	lsls	r1, r4, #3
20005c86:	1869      	adds	r1, r5, r1
20005c88:	6808      	ldr	r0, [r1, #0]
20005c8a:	6849      	ldr	r1, [r1, #4]
20005c8c:	f7fd fa33 	bl	200030f6 <__wrap___aeabi_dmul>
20005c90:	9b0b      	ldr	r3, [sp, #44]	@ 0x2c
20005c92:	1b1c      	subs	r4, r3, r4
20005c94:	00e4      	lsls	r4, r4, #3
20005c96:	192d      	adds	r5, r5, r4
20005c98:	682a      	ldr	r2, [r5, #0]
20005c9a:	686b      	ldr	r3, [r5, #4]
20005c9c:	f7fd fa2b 	bl	200030f6 <__wrap___aeabi_dmul>
20005ca0:	0006      	movs	r6, r0
20005ca2:	000f      	movs	r7, r1
20005ca4:	e1c0      	b.n	20006028 <_strtod_l+0x738>
20005ca6:	9b0b      	ldr	r3, [sp, #44]	@ 0x2c
20005ca8:	1b34      	subs	r4, r6, r4
20005caa:	469c      	mov	ip, r3
20005cac:	4464      	add	r4, ip
20005cae:	2c00      	cmp	r4, #0
20005cb0:	dc00      	bgt.n	20005cb4 <_strtod_l+0x3c4>
20005cb2:	e1ca      	b.n	2000604a <_strtod_l+0x75a>
20005cb4:	230f      	movs	r3, #15
20005cb6:	001a      	movs	r2, r3
20005cb8:	4022      	ands	r2, r4
20005cba:	4223      	tst	r3, r4
20005cbc:	d00a      	beq.n	20005cd4 <_strtod_l+0x3e4>
20005cbe:	4b3e      	ldr	r3, [pc, #248]	@ (20005db8 <_strtod_l+0x4c8>)
20005cc0:	00d2      	lsls	r2, r2, #3
20005cc2:	1899      	adds	r1, r3, r2
20005cc4:	6808      	ldr	r0, [r1, #0]
20005cc6:	6849      	ldr	r1, [r1, #4]
20005cc8:	9a04      	ldr	r2, [sp, #16]
20005cca:	9b05      	ldr	r3, [sp, #20]
20005ccc:	f7fd fa13 	bl	200030f6 <__wrap___aeabi_dmul>
20005cd0:	9004      	str	r0, [sp, #16]
20005cd2:	9105      	str	r1, [sp, #20]
20005cd4:	230f      	movs	r3, #15
20005cd6:	439c      	bics	r4, r3
20005cd8:	1e23      	subs	r3, r4, #0
20005cda:	d04f      	beq.n	20005d7c <_strtod_l+0x48c>
20005cdc:	229a      	movs	r2, #154	@ 0x9a
20005cde:	0052      	lsls	r2, r2, #1
20005ce0:	4294      	cmp	r4, r2
20005ce2:	dd00      	ble.n	20005ce6 <_strtod_l+0x3f6>
20005ce4:	e3a6      	b.n	20006434 <_strtod_l+0xb44>
20005ce6:	1124      	asrs	r4, r4, #4
20005ce8:	2b1f      	cmp	r3, #31
20005cea:	dc01      	bgt.n	20005cf0 <_strtod_l+0x400>
20005cec:	f000 fccb 	bl	20006686 <_strtod_l+0xd96>
20005cf0:	9804      	ldr	r0, [sp, #16]
20005cf2:	9905      	ldr	r1, [sp, #20]
20005cf4:	2200      	movs	r2, #0
20005cf6:	4692      	mov	sl, r2
20005cf8:	3201      	adds	r2, #1
20005cfa:	4693      	mov	fp, r2
20005cfc:	4652      	mov	r2, sl
20005cfe:	4b2f      	ldr	r3, [pc, #188]	@ (20005dbc <_strtod_l+0x4cc>)
20005d00:	46b2      	mov	sl, r6
20005d02:	001d      	movs	r5, r3
20005d04:	9309      	str	r3, [sp, #36]	@ 0x24
20005d06:	0016      	movs	r6, r2
20005d08:	2300      	movs	r3, #0
20005d0a:	465a      	mov	r2, fp
20005d0c:	4222      	tst	r2, r4
20005d0e:	d004      	beq.n	20005d1a <_strtod_l+0x42a>
20005d10:	682a      	ldr	r2, [r5, #0]
20005d12:	686b      	ldr	r3, [r5, #4]
20005d14:	f7fd f9ef 	bl	200030f6 <__wrap___aeabi_dmul>
20005d18:	2301      	movs	r3, #1
20005d1a:	3601      	adds	r6, #1
20005d1c:	1064      	asrs	r4, r4, #1
20005d1e:	3508      	adds	r5, #8
20005d20:	2c01      	cmp	r4, #1
20005d22:	d1f2      	bne.n	20005d0a <_strtod_l+0x41a>
20005d24:	0032      	movs	r2, r6
20005d26:	4656      	mov	r6, sl
20005d28:	4692      	mov	sl, r2
20005d2a:	2b00      	cmp	r3, #0
20005d2c:	d001      	beq.n	20005d32 <_strtod_l+0x442>
20005d2e:	9004      	str	r0, [sp, #16]
20005d30:	9105      	str	r1, [sp, #20]
20005d32:	4a23      	ldr	r2, [pc, #140]	@ (20005dc0 <_strtod_l+0x4d0>)
20005d34:	9b05      	ldr	r3, [sp, #20]
20005d36:	4694      	mov	ip, r2
20005d38:	4463      	add	r3, ip
20005d3a:	9305      	str	r3, [sp, #20]
20005d3c:	4653      	mov	r3, sl
20005d3e:	00d9      	lsls	r1, r3, #3
20005d40:	9b09      	ldr	r3, [sp, #36]	@ 0x24
20005d42:	469c      	mov	ip, r3
20005d44:	9a04      	ldr	r2, [sp, #16]
20005d46:	9b05      	ldr	r3, [sp, #20]
20005d48:	4461      	add	r1, ip
20005d4a:	6808      	ldr	r0, [r1, #0]
20005d4c:	6849      	ldr	r1, [r1, #4]
20005d4e:	f7fd f9d2 	bl	200030f6 <__wrap___aeabi_dmul>
20005d52:	4b1c      	ldr	r3, [pc, #112]	@ (20005dc4 <_strtod_l+0x4d4>)
20005d54:	4a1c      	ldr	r2, [pc, #112]	@ (20005dc8 <_strtod_l+0x4d8>)
20005d56:	9004      	str	r0, [sp, #16]
20005d58:	9105      	str	r1, [sp, #20]
20005d5a:	400b      	ands	r3, r1
20005d5c:	4293      	cmp	r3, r2
20005d5e:	d900      	bls.n	20005d62 <_strtod_l+0x472>
20005d60:	e368      	b.n	20006434 <_strtod_l+0xb44>
20005d62:	20d4      	movs	r0, #212	@ 0xd4
20005d64:	0480      	lsls	r0, r0, #18
20005d66:	4684      	mov	ip, r0
20005d68:	4a18      	ldr	r2, [pc, #96]	@ (20005dcc <_strtod_l+0x4dc>)
20005d6a:	4461      	add	r1, ip
20005d6c:	9105      	str	r1, [sp, #20]
20005d6e:	4293      	cmp	r3, r2
20005d70:	d904      	bls.n	20005d7c <_strtod_l+0x48c>
20005d72:	2301      	movs	r3, #1
20005d74:	4c16      	ldr	r4, [pc, #88]	@ (20005dd0 <_strtod_l+0x4e0>)
20005d76:	425b      	negs	r3, r3
20005d78:	9304      	str	r3, [sp, #16]
20005d7a:	9405      	str	r4, [sp, #20]
20005d7c:	2300      	movs	r3, #0
20005d7e:	930a      	str	r3, [sp, #40]	@ 0x28
20005d80:	464b      	mov	r3, r9
20005d82:	0039      	movs	r1, r7
20005d84:	9300      	str	r3, [sp, #0]
20005d86:	4640      	mov	r0, r8
20005d88:	0033      	movs	r3, r6
20005d8a:	9a0d      	ldr	r2, [sp, #52]	@ 0x34
20005d8c:	f002 f910 	bl	20007fb0 <__s2b>
20005d90:	9013      	str	r0, [sp, #76]	@ 0x4c
20005d92:	2800      	cmp	r0, #0
20005d94:	d100      	bne.n	20005d98 <_strtod_l+0x4a8>
20005d96:	e34d      	b.n	20006434 <_strtod_l+0xb44>
20005d98:	990b      	ldr	r1, [sp, #44]	@ 0x2c
20005d9a:	9a12      	ldr	r2, [sp, #72]	@ 0x48
20005d9c:	43cb      	mvns	r3, r1
20005d9e:	980c      	ldr	r0, [sp, #48]	@ 0x30
20005da0:	17db      	asrs	r3, r3, #31
20005da2:	1a10      	subs	r0, r2, r0
20005da4:	17ca      	asrs	r2, r1, #31
20005da6:	4019      	ands	r1, r3
20005da8:	2300      	movs	r3, #0
20005daa:	4010      	ands	r0, r2
20005dac:	4699      	mov	r9, r3
20005dae:	469b      	mov	fp, r3
20005db0:	900c      	str	r0, [sp, #48]	@ 0x30
20005db2:	9114      	str	r1, [sp, #80]	@ 0x50
20005db4:	e0f0      	b.n	20005f98 <_strtod_l+0x6a8>
20005db6:	46c0      	nop			@ (mov r8, r8)
20005db8:	2000a180 	.word	0x2000a180
20005dbc:	2000a158 	.word	0x2000a158
20005dc0:	fcb00000 	.word	0xfcb00000
20005dc4:	7ff00000 	.word	0x7ff00000
20005dc8:	7ca00000 	.word	0x7ca00000
20005dcc:	7c900000 	.word	0x7c900000
20005dd0:	7fefffff 	.word	0x7fefffff
20005dd4:	1ac9      	subs	r1, r1, r3
20005dd6:	1a52      	subs	r2, r2, r1
20005dd8:	291f      	cmp	r1, #31
20005dda:	dd00      	ble.n	20005dde <_strtod_l+0x4ee>
20005ddc:	e23e      	b.n	2000625c <_strtod_l+0x96c>
20005dde:	2301      	movs	r3, #1
20005de0:	408b      	lsls	r3, r1
20005de2:	9310      	str	r3, [sp, #64]	@ 0x40
20005de4:	2300      	movs	r3, #0
20005de6:	9315      	str	r3, [sp, #84]	@ 0x54
20005de8:	18ab      	adds	r3, r5, r2
20005dea:	469a      	mov	sl, r3
20005dec:	9b0a      	ldr	r3, [sp, #40]	@ 0x28
20005dee:	18a4      	adds	r4, r4, r2
20005df0:	469c      	mov	ip, r3
20005df2:	002b      	movs	r3, r5
20005df4:	4464      	add	r4, ip
20005df6:	4555      	cmp	r5, sl
20005df8:	dd00      	ble.n	20005dfc <_strtod_l+0x50c>
20005dfa:	4653      	mov	r3, sl
20005dfc:	42a3      	cmp	r3, r4
20005dfe:	dd00      	ble.n	20005e02 <_strtod_l+0x512>
20005e00:	0023      	movs	r3, r4
20005e02:	2b00      	cmp	r3, #0
20005e04:	dd04      	ble.n	20005e10 <_strtod_l+0x520>
20005e06:	4652      	mov	r2, sl
20005e08:	1ad2      	subs	r2, r2, r3
20005e0a:	4692      	mov	sl, r2
20005e0c:	1ae4      	subs	r4, r4, r3
20005e0e:	1aed      	subs	r5, r5, r3
20005e10:	9b0c      	ldr	r3, [sp, #48]	@ 0x30
20005e12:	2b00      	cmp	r3, #0
20005e14:	dd00      	ble.n	20005e18 <_strtod_l+0x528>
20005e16:	e1b1      	b.n	2000617c <_strtod_l+0x88c>
20005e18:	4653      	mov	r3, sl
20005e1a:	2b00      	cmp	r3, #0
20005e1c:	dd00      	ble.n	20005e20 <_strtod_l+0x530>
20005e1e:	e1c8      	b.n	200061b2 <_strtod_l+0x8c2>
20005e20:	9b0b      	ldr	r3, [sp, #44]	@ 0x2c
20005e22:	2b00      	cmp	r3, #0
20005e24:	dd00      	ble.n	20005e28 <_strtod_l+0x538>
20005e26:	e20b      	b.n	20006240 <_strtod_l+0x950>
20005e28:	2c00      	cmp	r4, #0
20005e2a:	dd00      	ble.n	20005e2e <_strtod_l+0x53e>
20005e2c:	e1fc      	b.n	20006228 <_strtod_l+0x938>
20005e2e:	2d00      	cmp	r5, #0
20005e30:	dd08      	ble.n	20005e44 <_strtod_l+0x554>
20005e32:	4649      	mov	r1, r9
20005e34:	002a      	movs	r2, r5
20005e36:	4640      	mov	r0, r8
20005e38:	f002 fad4 	bl	200083e4 <__lshift>
20005e3c:	4681      	mov	r9, r0
20005e3e:	2800      	cmp	r0, #0
20005e40:	d100      	bne.n	20005e44 <_strtod_l+0x554>
20005e42:	e1fa      	b.n	2000623a <_strtod_l+0x94a>
20005e44:	4640      	mov	r0, r8
20005e46:	991a      	ldr	r1, [sp, #104]	@ 0x68
20005e48:	9a09      	ldr	r2, [sp, #36]	@ 0x24
20005e4a:	f002 fb67 	bl	2000851c <__mdiff>
20005e4e:	4683      	mov	fp, r0
20005e50:	2800      	cmp	r0, #0
20005e52:	d100      	bne.n	20005e56 <_strtod_l+0x566>
20005e54:	e1f1      	b.n	2000623a <_strtod_l+0x94a>
20005e56:	68c3      	ldr	r3, [r0, #12]
20005e58:	4649      	mov	r1, r9
20005e5a:	9312      	str	r3, [sp, #72]	@ 0x48
20005e5c:	2300      	movs	r3, #0
20005e5e:	60c3      	str	r3, [r0, #12]
20005e60:	f002 fb3e 	bl	200084e0 <__mcmp>
20005e64:	2800      	cmp	r0, #0
20005e66:	da00      	bge.n	20005e6a <_strtod_l+0x57a>
20005e68:	e3c8      	b.n	200065fc <_strtod_l+0xd0c>
20005e6a:	9b05      	ldr	r3, [sp, #20]
20005e6c:	930d      	str	r3, [sp, #52]	@ 0x34
20005e6e:	d100      	bne.n	20005e72 <_strtod_l+0x582>
20005e70:	e34a      	b.n	20006508 <_strtod_l+0xc18>
20005e72:	4649      	mov	r1, r9
20005e74:	4658      	mov	r0, fp
20005e76:	f002 fd0d 	bl	20008894 <__ratio>
20005e7a:	2380      	movs	r3, #128	@ 0x80
20005e7c:	2200      	movs	r2, #0
20005e7e:	05db      	lsls	r3, r3, #23
20005e80:	0004      	movs	r4, r0
20005e82:	000d      	movs	r5, r1
20005e84:	f7fd f988 	bl	20003198 <__wrap___aeabi_dcmple>
20005e88:	2800      	cmp	r0, #0
20005e8a:	d100      	bne.n	20005e8e <_strtod_l+0x59e>
20005e8c:	e168      	b.n	20006160 <_strtod_l+0x870>
20005e8e:	9b12      	ldr	r3, [sp, #72]	@ 0x48
20005e90:	2b00      	cmp	r3, #0
20005e92:	d000      	beq.n	20005e96 <_strtod_l+0x5a6>
20005e94:	e1ef      	b.n	20006276 <_strtod_l+0x986>
20005e96:	9b04      	ldr	r3, [sp, #16]
20005e98:	2b00      	cmp	r3, #0
20005e9a:	d000      	beq.n	20005e9e <_strtod_l+0x5ae>
20005e9c:	e274      	b.n	20006388 <_strtod_l+0xa98>
20005e9e:	9b0d      	ldr	r3, [sp, #52]	@ 0x34
20005ea0:	031b      	lsls	r3, r3, #12
20005ea2:	d000      	beq.n	20005ea6 <_strtod_l+0x5b6>
20005ea4:	e21a      	b.n	200062dc <_strtod_l+0x9ec>
20005ea6:	2200      	movs	r2, #0
20005ea8:	0020      	movs	r0, r4
20005eaa:	0029      	movs	r1, r5
20005eac:	4bd3      	ldr	r3, [pc, #844]	@ (200061fc <_strtod_l+0x90c>)
20005eae:	f7fd f96d 	bl	2000318c <__wrap___aeabi_dcmplt>
20005eb2:	2800      	cmp	r0, #0
20005eb4:	d000      	beq.n	20005eb8 <_strtod_l+0x5c8>
20005eb6:	e31e      	b.n	200064f6 <_strtod_l+0xc06>
20005eb8:	2200      	movs	r2, #0
20005eba:	4bd1      	ldr	r3, [pc, #836]	@ (20006200 <_strtod_l+0x910>)
20005ebc:	0020      	movs	r0, r4
20005ebe:	0029      	movs	r1, r5
20005ec0:	f7fd f919 	bl	200030f6 <__wrap___aeabi_dmul>
20005ec4:	000a      	movs	r2, r1
20005ec6:	0001      	movs	r1, r0
20005ec8:	0013      	movs	r3, r2
20005eca:	9110      	str	r1, [sp, #64]	@ 0x40
20005ecc:	9211      	str	r2, [sp, #68]	@ 0x44
20005ece:	900e      	str	r0, [sp, #56]	@ 0x38
20005ed0:	2280      	movs	r2, #128	@ 0x80
20005ed2:	0612      	lsls	r2, r2, #24
20005ed4:	4694      	mov	ip, r2
20005ed6:	4463      	add	r3, ip
20005ed8:	930f      	str	r3, [sp, #60]	@ 0x3c
20005eda:	9b0d      	ldr	r3, [sp, #52]	@ 0x34
20005edc:	4ac9      	ldr	r2, [pc, #804]	@ (20006204 <_strtod_l+0x914>)
20005ede:	9c0e      	ldr	r4, [sp, #56]	@ 0x38
20005ee0:	9d0f      	ldr	r5, [sp, #60]	@ 0x3c
20005ee2:	4013      	ands	r3, r2
20005ee4:	469a      	mov	sl, r3
20005ee6:	4bc8      	ldr	r3, [pc, #800]	@ (20006208 <_strtod_l+0x918>)
20005ee8:	459a      	cmp	sl, r3
20005eea:	d100      	bne.n	20005eee <_strtod_l+0x5fe>
20005eec:	e1ca      	b.n	20006284 <_strtod_l+0x994>
20005eee:	9b0a      	ldr	r3, [sp, #40]	@ 0x28
20005ef0:	2b00      	cmp	r3, #0
20005ef2:	d028      	beq.n	20005f46 <_strtod_l+0x656>
20005ef4:	23d4      	movs	r3, #212	@ 0xd4
20005ef6:	04db      	lsls	r3, r3, #19
20005ef8:	459a      	cmp	sl, r3
20005efa:	d824      	bhi.n	20005f46 <_strtod_l+0x656>
20005efc:	9810      	ldr	r0, [sp, #64]	@ 0x40
20005efe:	9911      	ldr	r1, [sp, #68]	@ 0x44
20005f00:	4ac2      	ldr	r2, [pc, #776]	@ (2000620c <_strtod_l+0x91c>)
20005f02:	4bc3      	ldr	r3, [pc, #780]	@ (20006210 <_strtod_l+0x920>)
20005f04:	f7fd f948 	bl	20003198 <__wrap___aeabi_dcmple>
20005f08:	2800      	cmp	r0, #0
20005f0a:	d017      	beq.n	20005f3c <_strtod_l+0x64c>
20005f0c:	9810      	ldr	r0, [sp, #64]	@ 0x40
20005f0e:	9911      	ldr	r1, [sp, #68]	@ 0x44
20005f10:	f7fd f9a4 	bl	2000325c <__wrap___aeabi_d2uiz>
20005f14:	2800      	cmp	r0, #0
20005f16:	d100      	bne.n	20005f1a <_strtod_l+0x62a>
20005f18:	3001      	adds	r0, #1
20005f1a:	f7fd f95f 	bl	200031dc <__wrap___aeabi_ui2d>
20005f1e:	9b12      	ldr	r3, [sp, #72]	@ 0x48
20005f20:	9010      	str	r0, [sp, #64]	@ 0x40
20005f22:	9111      	str	r1, [sp, #68]	@ 0x44
20005f24:	2b00      	cmp	r3, #0
20005f26:	d000      	beq.n	20005f2a <_strtod_l+0x63a>
20005f28:	e2d7      	b.n	200064da <_strtod_l+0xbea>
20005f2a:	2280      	movs	r2, #128	@ 0x80
20005f2c:	0612      	lsls	r2, r2, #24
20005f2e:	000b      	movs	r3, r1
20005f30:	4694      	mov	ip, r2
20005f32:	4463      	add	r3, ip
20005f34:	9016      	str	r0, [sp, #88]	@ 0x58
20005f36:	9317      	str	r3, [sp, #92]	@ 0x5c
20005f38:	9c16      	ldr	r4, [sp, #88]	@ 0x58
20005f3a:	9d17      	ldr	r5, [sp, #92]	@ 0x5c
20005f3c:	23d6      	movs	r3, #214	@ 0xd6
20005f3e:	4652      	mov	r2, sl
20005f40:	04db      	lsls	r3, r3, #19
20005f42:	18eb      	adds	r3, r5, r3
20005f44:	1a9d      	subs	r5, r3, r2
20005f46:	0030      	movs	r0, r6
20005f48:	0039      	movs	r1, r7
20005f4a:	f002 fbc1 	bl	200086d0 <__ulp>
20005f4e:	0002      	movs	r2, r0
20005f50:	000b      	movs	r3, r1
20005f52:	0020      	movs	r0, r4
20005f54:	0029      	movs	r1, r5
20005f56:	f7fd f8ce 	bl	200030f6 <__wrap___aeabi_dmul>
20005f5a:	0032      	movs	r2, r6
20005f5c:	003b      	movs	r3, r7
20005f5e:	f7fd f8a3 	bl	200030a8 <__wrap___aeabi_dadd>
20005f62:	000e      	movs	r6, r1
20005f64:	9004      	str	r0, [sp, #16]
20005f66:	9105      	str	r1, [sp, #20]
20005f68:	9b0a      	ldr	r3, [sp, #40]	@ 0x28
20005f6a:	2b00      	cmp	r3, #0
20005f6c:	d104      	bne.n	20005f78 <_strtod_l+0x688>
20005f6e:	4ba5      	ldr	r3, [pc, #660]	@ (20006204 <_strtod_l+0x914>)
20005f70:	4033      	ands	r3, r6
20005f72:	459a      	cmp	sl, r3
20005f74:	d100      	bne.n	20005f78 <_strtod_l+0x688>
20005f76:	e1d5      	b.n	20006324 <_strtod_l+0xa34>
20005f78:	4640      	mov	r0, r8
20005f7a:	991a      	ldr	r1, [sp, #104]	@ 0x68
20005f7c:	f001 ffba 	bl	20007ef4 <_Bfree>
20005f80:	4640      	mov	r0, r8
20005f82:	9909      	ldr	r1, [sp, #36]	@ 0x24
20005f84:	f001 ffb6 	bl	20007ef4 <_Bfree>
20005f88:	4649      	mov	r1, r9
20005f8a:	4640      	mov	r0, r8
20005f8c:	f001 ffb2 	bl	20007ef4 <_Bfree>
20005f90:	4659      	mov	r1, fp
20005f92:	4640      	mov	r0, r8
20005f94:	f001 ffae 	bl	20007ef4 <_Bfree>
20005f98:	9c13      	ldr	r4, [sp, #76]	@ 0x4c
20005f9a:	4640      	mov	r0, r8
20005f9c:	6861      	ldr	r1, [r4, #4]
20005f9e:	f001 ff81 	bl	20007ea4 <_Balloc>
20005fa2:	1e03      	subs	r3, r0, #0
20005fa4:	9009      	str	r0, [sp, #36]	@ 0x24
20005fa6:	d100      	bne.n	20005faa <_strtod_l+0x6ba>
20005fa8:	e147      	b.n	2000623a <_strtod_l+0x94a>
20005faa:	6922      	ldr	r2, [r4, #16]
20005fac:	330c      	adds	r3, #12
20005fae:	3202      	adds	r2, #2
20005fb0:	340c      	adds	r4, #12
20005fb2:	0021      	movs	r1, r4
20005fb4:	0018      	movs	r0, r3
20005fb6:	0092      	lsls	r2, r2, #2
20005fb8:	f7fd fdd0 	bl	20003b5c <__wrap___aeabi_memcpy>
20005fbc:	9e04      	ldr	r6, [sp, #16]
20005fbe:	9f05      	ldr	r7, [sp, #20]
20005fc0:	ab1c      	add	r3, sp, #112	@ 0x70
20005fc2:	9301      	str	r3, [sp, #4]
20005fc4:	ab1b      	add	r3, sp, #108	@ 0x6c
20005fc6:	9300      	str	r3, [sp, #0]
20005fc8:	0032      	movs	r2, r6
20005fca:	003b      	movs	r3, r7
20005fcc:	4640      	mov	r0, r8
20005fce:	f002 fbfb 	bl	200087c8 <__d2b>
20005fd2:	901a      	str	r0, [sp, #104]	@ 0x68
20005fd4:	2800      	cmp	r0, #0
20005fd6:	d100      	bne.n	20005fda <_strtod_l+0x6ea>
20005fd8:	e0f4      	b.n	200061c4 <_strtod_l+0x8d4>
20005fda:	2101      	movs	r1, #1
20005fdc:	4640      	mov	r0, r8
20005fde:	f002 f893 	bl	20008108 <__i2b>
20005fe2:	4681      	mov	r9, r0
20005fe4:	2800      	cmp	r0, #0
20005fe6:	d100      	bne.n	20005fea <_strtod_l+0x6fa>
20005fe8:	e127      	b.n	2000623a <_strtod_l+0x94a>
20005fea:	9b1b      	ldr	r3, [sp, #108]	@ 0x6c
20005fec:	2b00      	cmp	r3, #0
20005fee:	da00      	bge.n	20005ff2 <_strtod_l+0x702>
20005ff0:	e0db      	b.n	200061aa <_strtod_l+0x8ba>
20005ff2:	9a0c      	ldr	r2, [sp, #48]	@ 0x30
20005ff4:	9c14      	ldr	r4, [sp, #80]	@ 0x50
20005ff6:	189d      	adds	r5, r3, r2
20005ff8:	990a      	ldr	r1, [sp, #40]	@ 0x28
20005ffa:	9a1c      	ldr	r2, [sp, #112]	@ 0x70
20005ffc:	1a5b      	subs	r3, r3, r1
20005ffe:	2136      	movs	r1, #54	@ 0x36
20006000:	189b      	adds	r3, r3, r2
20006002:	1a8a      	subs	r2, r1, r2
20006004:	4983      	ldr	r1, [pc, #524]	@ (20006214 <_strtod_l+0x924>)
20006006:	3b01      	subs	r3, #1
20006008:	428b      	cmp	r3, r1
2000600a:	da00      	bge.n	2000600e <_strtod_l+0x71e>
2000600c:	e6e2      	b.n	20005dd4 <_strtod_l+0x4e4>
2000600e:	2300      	movs	r3, #0
20006010:	9315      	str	r3, [sp, #84]	@ 0x54
20006012:	3301      	adds	r3, #1
20006014:	9310      	str	r3, [sp, #64]	@ 0x40
20006016:	e6e7      	b.n	20005de8 <_strtod_l+0x4f8>
20006018:	2300      	movs	r3, #0
2000601a:	2600      	movs	r6, #0
2000601c:	930d      	str	r3, [sp, #52]	@ 0x34
2000601e:	9312      	str	r3, [sp, #72]	@ 0x48
20006020:	2201      	movs	r2, #1
20006022:	e552      	b.n	20005aca <_strtod_l+0x1da>
20006024:	2600      	movs	r6, #0
20006026:	2700      	movs	r7, #0
20006028:	9a07      	ldr	r2, [sp, #28]
2000602a:	2a00      	cmp	r2, #0
2000602c:	d001      	beq.n	20006032 <_strtod_l+0x742>
2000602e:	9b19      	ldr	r3, [sp, #100]	@ 0x64
20006030:	6013      	str	r3, [r2, #0]
20006032:	9b08      	ldr	r3, [sp, #32]
20006034:	2b00      	cmp	r3, #0
20006036:	d100      	bne.n	2000603a <_strtod_l+0x74a>
20006038:	e4c4      	b.n	200059c4 <_strtod_l+0xd4>
2000603a:	2180      	movs	r1, #128	@ 0x80
2000603c:	0609      	lsls	r1, r1, #24
2000603e:	187b      	adds	r3, r7, r1
20006040:	001f      	movs	r7, r3
20006042:	e4bf      	b.n	200059c4 <_strtod_l+0xd4>
20006044:	2300      	movs	r3, #0
20006046:	930a      	str	r3, [sp, #40]	@ 0x28
20006048:	e585      	b.n	20005b56 <_strtod_l+0x266>
2000604a:	2c00      	cmp	r4, #0
2000604c:	d100      	bne.n	20006050 <_strtod_l+0x760>
2000604e:	e695      	b.n	20005d7c <_strtod_l+0x48c>
20006050:	230f      	movs	r3, #15
20006052:	001a      	movs	r2, r3
20006054:	4264      	negs	r4, r4
20006056:	4022      	ands	r2, r4
20006058:	4223      	tst	r3, r4
2000605a:	d00a      	beq.n	20006072 <_strtod_l+0x782>
2000605c:	9804      	ldr	r0, [sp, #16]
2000605e:	9905      	ldr	r1, [sp, #20]
20006060:	4b6d      	ldr	r3, [pc, #436]	@ (20006218 <_strtod_l+0x928>)
20006062:	00d2      	lsls	r2, r2, #3
20006064:	189b      	adds	r3, r3, r2
20006066:	681a      	ldr	r2, [r3, #0]
20006068:	685b      	ldr	r3, [r3, #4]
2000606a:	f7fd f826 	bl	200030ba <__wrap___aeabi_ddiv>
2000606e:	9004      	str	r0, [sp, #16]
20006070:	9105      	str	r1, [sp, #20]
20006072:	1124      	asrs	r4, r4, #4
20006074:	d100      	bne.n	20006078 <_strtod_l+0x788>
20006076:	e681      	b.n	20005d7c <_strtod_l+0x48c>
20006078:	2c1f      	cmp	r4, #31
2000607a:	dc3f      	bgt.n	200060fc <_strtod_l+0x80c>
2000607c:	2310      	movs	r3, #16
2000607e:	001a      	movs	r2, r3
20006080:	4022      	ands	r2, r4
20006082:	920a      	str	r2, [sp, #40]	@ 0x28
20006084:	4223      	tst	r3, r4
20006086:	d001      	beq.n	2000608c <_strtod_l+0x79c>
20006088:	335a      	adds	r3, #90	@ 0x5a
2000608a:	930a      	str	r3, [sp, #40]	@ 0x28
2000608c:	2201      	movs	r2, #1
2000608e:	9804      	ldr	r0, [sp, #16]
20006090:	9905      	ldr	r1, [sp, #20]
20006092:	2300      	movs	r3, #0
20006094:	4692      	mov	sl, r2
20006096:	4d61      	ldr	r5, [pc, #388]	@ (2000621c <_strtod_l+0x92c>)
20006098:	4652      	mov	r2, sl
2000609a:	4222      	tst	r2, r4
2000609c:	d004      	beq.n	200060a8 <_strtod_l+0x7b8>
2000609e:	682a      	ldr	r2, [r5, #0]
200060a0:	686b      	ldr	r3, [r5, #4]
200060a2:	f7fd f828 	bl	200030f6 <__wrap___aeabi_dmul>
200060a6:	2301      	movs	r3, #1
200060a8:	1064      	asrs	r4, r4, #1
200060aa:	3508      	adds	r5, #8
200060ac:	2c00      	cmp	r4, #0
200060ae:	d1f3      	bne.n	20006098 <_strtod_l+0x7a8>
200060b0:	2b00      	cmp	r3, #0
200060b2:	d001      	beq.n	200060b8 <_strtod_l+0x7c8>
200060b4:	9004      	str	r0, [sp, #16]
200060b6:	9105      	str	r1, [sp, #20]
200060b8:	9b0a      	ldr	r3, [sp, #40]	@ 0x28
200060ba:	2b00      	cmp	r3, #0
200060bc:	d015      	beq.n	200060ea <_strtod_l+0x7fa>
200060be:	9b04      	ldr	r3, [sp, #16]
200060c0:	9c05      	ldr	r4, [sp, #20]
200060c2:	236b      	movs	r3, #107	@ 0x6b
200060c4:	0062      	lsls	r2, r4, #1
200060c6:	0d52      	lsrs	r2, r2, #21
200060c8:	0021      	movs	r1, r4
200060ca:	1a9b      	subs	r3, r3, r2
200060cc:	2b00      	cmp	r3, #0
200060ce:	dd0a      	ble.n	200060e6 <_strtod_l+0x7f6>
200060d0:	2b1f      	cmp	r3, #31
200060d2:	dc00      	bgt.n	200060d6 <_strtod_l+0x7e6>
200060d4:	e314      	b.n	20006700 <_strtod_l+0xe10>
200060d6:	2000      	movs	r0, #0
200060d8:	9004      	str	r0, [sp, #16]
200060da:	2b34      	cmp	r3, #52	@ 0x34
200060dc:	dc00      	bgt.n	200060e0 <_strtod_l+0x7f0>
200060de:	e316      	b.n	2000670e <_strtod_l+0xe1e>
200060e0:	23dc      	movs	r3, #220	@ 0xdc
200060e2:	049b      	lsls	r3, r3, #18
200060e4:	9305      	str	r3, [sp, #20]
200060e6:	236a      	movs	r3, #106	@ 0x6a
200060e8:	930a      	str	r3, [sp, #40]	@ 0x28
200060ea:	2200      	movs	r2, #0
200060ec:	9804      	ldr	r0, [sp, #16]
200060ee:	9905      	ldr	r1, [sp, #20]
200060f0:	2300      	movs	r3, #0
200060f2:	f7fd f843 	bl	2000317c <__wrap___aeabi_dcmpeq>
200060f6:	2800      	cmp	r0, #0
200060f8:	d100      	bne.n	200060fc <_strtod_l+0x80c>
200060fa:	e641      	b.n	20005d80 <_strtod_l+0x490>
200060fc:	2322      	movs	r3, #34	@ 0x22
200060fe:	4642      	mov	r2, r8
20006100:	2600      	movs	r6, #0
20006102:	2700      	movs	r7, #0
20006104:	6013      	str	r3, [r2, #0]
20006106:	e78f      	b.n	20006028 <_strtod_l+0x738>
20006108:	9b0b      	ldr	r3, [sp, #44]	@ 0x2c
2000610a:	3316      	adds	r3, #22
2000610c:	da00      	bge.n	20006110 <_strtod_l+0x820>
2000610e:	e5ca      	b.n	20005ca6 <_strtod_l+0x3b6>
20006110:	990c      	ldr	r1, [sp, #48]	@ 0x30
20006112:	9a12      	ldr	r2, [sp, #72]	@ 0x48
20006114:	4b40      	ldr	r3, [pc, #256]	@ (20006218 <_strtod_l+0x928>)
20006116:	1a52      	subs	r2, r2, r1
20006118:	00d2      	lsls	r2, r2, #3
2000611a:	189b      	adds	r3, r3, r2
2000611c:	681a      	ldr	r2, [r3, #0]
2000611e:	685b      	ldr	r3, [r3, #4]
20006120:	9804      	ldr	r0, [sp, #16]
20006122:	9905      	ldr	r1, [sp, #20]
20006124:	f7fc ffc9 	bl	200030ba <__wrap___aeabi_ddiv>
20006128:	0006      	movs	r6, r0
2000612a:	000f      	movs	r7, r1
2000612c:	e77c      	b.n	20006028 <_strtod_l+0x738>
2000612e:	2201      	movs	r2, #1
20006130:	9208      	str	r2, [sp, #32]
20006132:	e43c      	b.n	200059ae <_strtod_l+0xbe>
20006134:	493a      	ldr	r1, [pc, #232]	@ (20006220 <_strtod_l+0x930>)
20006136:	a819      	add	r0, sp, #100	@ 0x64
20006138:	f001 fd92 	bl	20007c60 <__match>
2000613c:	2800      	cmp	r0, #0
2000613e:	d100      	bne.n	20006142 <_strtod_l+0x852>
20006140:	e43a      	b.n	200059b8 <_strtod_l+0xc8>
20006142:	9b19      	ldr	r3, [sp, #100]	@ 0x64
20006144:	4937      	ldr	r1, [pc, #220]	@ (20006224 <_strtod_l+0x934>)
20006146:	3b01      	subs	r3, #1
20006148:	a819      	add	r0, sp, #100	@ 0x64
2000614a:	9319      	str	r3, [sp, #100]	@ 0x64
2000614c:	f001 fd88 	bl	20007c60 <__match>
20006150:	2800      	cmp	r0, #0
20006152:	d102      	bne.n	2000615a <_strtod_l+0x86a>
20006154:	9b19      	ldr	r3, [sp, #100]	@ 0x64
20006156:	3301      	adds	r3, #1
20006158:	9319      	str	r3, [sp, #100]	@ 0x64
2000615a:	2600      	movs	r6, #0
2000615c:	4f29      	ldr	r7, [pc, #164]	@ (20006204 <_strtod_l+0x914>)
2000615e:	e763      	b.n	20006028 <_strtod_l+0x738>
20006160:	4b27      	ldr	r3, [pc, #156]	@ (20006200 <_strtod_l+0x910>)
20006162:	2200      	movs	r2, #0
20006164:	0020      	movs	r0, r4
20006166:	0029      	movs	r1, r5
20006168:	f7fc ffc5 	bl	200030f6 <__wrap___aeabi_dmul>
2000616c:	9b12      	ldr	r3, [sp, #72]	@ 0x48
2000616e:	9010      	str	r0, [sp, #64]	@ 0x40
20006170:	9111      	str	r1, [sp, #68]	@ 0x44
20006172:	2b00      	cmp	r3, #0
20006174:	d17a      	bne.n	2000626c <_strtod_l+0x97c>
20006176:	000b      	movs	r3, r1
20006178:	900e      	str	r0, [sp, #56]	@ 0x38
2000617a:	e6a9      	b.n	20005ed0 <_strtod_l+0x5e0>
2000617c:	4649      	mov	r1, r9
2000617e:	001a      	movs	r2, r3
20006180:	4640      	mov	r0, r8
20006182:	f002 f8c7 	bl	20008314 <__pow5mult>
20006186:	4681      	mov	r9, r0
20006188:	2800      	cmp	r0, #0
2000618a:	d056      	beq.n	2000623a <_strtod_l+0x94a>
2000618c:	0001      	movs	r1, r0
2000618e:	9a1a      	ldr	r2, [sp, #104]	@ 0x68
20006190:	4640      	mov	r0, r8
20006192:	f001 ffe9 	bl	20008168 <__multiply>
20006196:	900d      	str	r0, [sp, #52]	@ 0x34
20006198:	2800      	cmp	r0, #0
2000619a:	d04e      	beq.n	2000623a <_strtod_l+0x94a>
2000619c:	4640      	mov	r0, r8
2000619e:	991a      	ldr	r1, [sp, #104]	@ 0x68
200061a0:	f001 fea8 	bl	20007ef4 <_Bfree>
200061a4:	9b0d      	ldr	r3, [sp, #52]	@ 0x34
200061a6:	931a      	str	r3, [sp, #104]	@ 0x68
200061a8:	e636      	b.n	20005e18 <_strtod_l+0x528>
200061aa:	9a14      	ldr	r2, [sp, #80]	@ 0x50
200061ac:	9d0c      	ldr	r5, [sp, #48]	@ 0x30
200061ae:	1ad4      	subs	r4, r2, r3
200061b0:	e722      	b.n	20005ff8 <_strtod_l+0x708>
200061b2:	4652      	mov	r2, sl
200061b4:	4640      	mov	r0, r8
200061b6:	991a      	ldr	r1, [sp, #104]	@ 0x68
200061b8:	f002 f914 	bl	200083e4 <__lshift>
200061bc:	901a      	str	r0, [sp, #104]	@ 0x68
200061be:	2800      	cmp	r0, #0
200061c0:	d000      	beq.n	200061c4 <_strtod_l+0x8d4>
200061c2:	e62d      	b.n	20005e20 <_strtod_l+0x530>
200061c4:	46da      	mov	sl, fp
200061c6:	2322      	movs	r3, #34	@ 0x22
200061c8:	4642      	mov	r2, r8
200061ca:	2600      	movs	r6, #0
200061cc:	4f0d      	ldr	r7, [pc, #52]	@ (20006204 <_strtod_l+0x914>)
200061ce:	6013      	str	r3, [r2, #0]
200061d0:	0001      	movs	r1, r0
200061d2:	4640      	mov	r0, r8
200061d4:	f001 fe8e 	bl	20007ef4 <_Bfree>
200061d8:	4640      	mov	r0, r8
200061da:	9909      	ldr	r1, [sp, #36]	@ 0x24
200061dc:	f001 fe8a 	bl	20007ef4 <_Bfree>
200061e0:	4649      	mov	r1, r9
200061e2:	4640      	mov	r0, r8
200061e4:	f001 fe86 	bl	20007ef4 <_Bfree>
200061e8:	4640      	mov	r0, r8
200061ea:	9913      	ldr	r1, [sp, #76]	@ 0x4c
200061ec:	f001 fe82 	bl	20007ef4 <_Bfree>
200061f0:	4651      	mov	r1, sl
200061f2:	4640      	mov	r0, r8
200061f4:	f001 fe7e 	bl	20007ef4 <_Bfree>
200061f8:	e716      	b.n	20006028 <_strtod_l+0x738>
200061fa:	46c0      	nop			@ (mov r8, r8)
200061fc:	3ff00000 	.word	0x3ff00000
20006200:	3fe00000 	.word	0x3fe00000
20006204:	7ff00000 	.word	0x7ff00000
20006208:	7fe00000 	.word	0x7fe00000
2000620c:	ffc00000 	.word	0xffc00000
20006210:	41dfffff 	.word	0x41dfffff
20006214:	fffffc02 	.word	0xfffffc02
20006218:	2000a180 	.word	0x2000a180
2000621c:	20009ef0 	.word	0x20009ef0
20006220:	20009898 	.word	0x20009898
20006224:	2000989c 	.word	0x2000989c
20006228:	0022      	movs	r2, r4
2000622a:	4640      	mov	r0, r8
2000622c:	9909      	ldr	r1, [sp, #36]	@ 0x24
2000622e:	f002 f8d9 	bl	200083e4 <__lshift>
20006232:	9009      	str	r0, [sp, #36]	@ 0x24
20006234:	2800      	cmp	r0, #0
20006236:	d000      	beq.n	2000623a <_strtod_l+0x94a>
20006238:	e5f9      	b.n	20005e2e <_strtod_l+0x53e>
2000623a:	46da      	mov	sl, fp
2000623c:	981a      	ldr	r0, [sp, #104]	@ 0x68
2000623e:	e7c2      	b.n	200061c6 <_strtod_l+0x8d6>
20006240:	4640      	mov	r0, r8
20006242:	9a14      	ldr	r2, [sp, #80]	@ 0x50
20006244:	9909      	ldr	r1, [sp, #36]	@ 0x24
20006246:	f002 f865 	bl	20008314 <__pow5mult>
2000624a:	9009      	str	r0, [sp, #36]	@ 0x24
2000624c:	2800      	cmp	r0, #0
2000624e:	d000      	beq.n	20006252 <_strtod_l+0x962>
20006250:	e5ea      	b.n	20005e28 <_strtod_l+0x538>
20006252:	e7f2      	b.n	2000623a <_strtod_l+0x94a>
20006254:	2300      	movs	r3, #0
20006256:	9419      	str	r4, [sp, #100]	@ 0x64
20006258:	930c      	str	r3, [sp, #48]	@ 0x30
2000625a:	e43e      	b.n	20005ada <_strtod_l+0x1ea>
2000625c:	49cf      	ldr	r1, [pc, #828]	@ (2000659c <_strtod_l+0xcac>)
2000625e:	1acb      	subs	r3, r1, r3
20006260:	2101      	movs	r1, #1
20006262:	4099      	lsls	r1, r3
20006264:	2301      	movs	r3, #1
20006266:	9115      	str	r1, [sp, #84]	@ 0x54
20006268:	9310      	str	r3, [sp, #64]	@ 0x40
2000626a:	e5bd      	b.n	20005de8 <_strtod_l+0x4f8>
2000626c:	9b10      	ldr	r3, [sp, #64]	@ 0x40
2000626e:	9c11      	ldr	r4, [sp, #68]	@ 0x44
20006270:	930e      	str	r3, [sp, #56]	@ 0x38
20006272:	940f      	str	r4, [sp, #60]	@ 0x3c
20006274:	e631      	b.n	20005eda <_strtod_l+0x5ea>
20006276:	2300      	movs	r3, #0
20006278:	4cc9      	ldr	r4, [pc, #804]	@ (200065a0 <_strtod_l+0xcb0>)
2000627a:	930e      	str	r3, [sp, #56]	@ 0x38
2000627c:	940f      	str	r4, [sp, #60]	@ 0x3c
2000627e:	9310      	str	r3, [sp, #64]	@ 0x40
20006280:	9411      	str	r4, [sp, #68]	@ 0x44
20006282:	e62a      	b.n	20005eda <_strtod_l+0x5ea>
20006284:	4ac7      	ldr	r2, [pc, #796]	@ (200065a4 <_strtod_l+0xcb4>)
20006286:	9b0d      	ldr	r3, [sp, #52]	@ 0x34
20006288:	4694      	mov	ip, r2
2000628a:	4463      	add	r3, ip
2000628c:	9305      	str	r3, [sp, #20]
2000628e:	9c04      	ldr	r4, [sp, #16]
20006290:	9d05      	ldr	r5, [sp, #20]
20006292:	0020      	movs	r0, r4
20006294:	0029      	movs	r1, r5
20006296:	f002 fa1b 	bl	200086d0 <__ulp>
2000629a:	9a0e      	ldr	r2, [sp, #56]	@ 0x38
2000629c:	9b0f      	ldr	r3, [sp, #60]	@ 0x3c
2000629e:	f7fc ff2a 	bl	200030f6 <__wrap___aeabi_dmul>
200062a2:	0022      	movs	r2, r4
200062a4:	002b      	movs	r3, r5
200062a6:	f7fc feff 	bl	200030a8 <__wrap___aeabi_dadd>
200062aa:	4bbf      	ldr	r3, [pc, #764]	@ (200065a8 <_strtod_l+0xcb8>)
200062ac:	4abf      	ldr	r2, [pc, #764]	@ (200065ac <_strtod_l+0xcbc>)
200062ae:	9004      	str	r0, [sp, #16]
200062b0:	9105      	str	r1, [sp, #20]
200062b2:	400b      	ands	r3, r1
200062b4:	4293      	cmp	r3, r2
200062b6:	d800      	bhi.n	200062ba <_strtod_l+0x9ca>
200062b8:	e08f      	b.n	200063da <_strtod_l+0xaea>
200062ba:	4abd      	ldr	r2, [pc, #756]	@ (200065b0 <_strtod_l+0xcc0>)
200062bc:	4297      	cmp	r7, r2
200062be:	d101      	bne.n	200062c4 <_strtod_l+0x9d4>
200062c0:	3601      	adds	r6, #1
200062c2:	d0ba      	beq.n	2000623a <_strtod_l+0x94a>
200062c4:	2301      	movs	r3, #1
200062c6:	4cba      	ldr	r4, [pc, #744]	@ (200065b0 <_strtod_l+0xcc0>)
200062c8:	425b      	negs	r3, r3
200062ca:	9304      	str	r3, [sp, #16]
200062cc:	9405      	str	r4, [sp, #20]
200062ce:	e653      	b.n	20005f78 <_strtod_l+0x688>
200062d0:	2300      	movs	r3, #0
200062d2:	930a      	str	r3, [sp, #40]	@ 0x28
200062d4:	e43c      	b.n	20005b50 <_strtod_l+0x260>
200062d6:	9e04      	ldr	r6, [sp, #16]
200062d8:	9f05      	ldr	r7, [sp, #20]
200062da:	e6a5      	b.n	20006028 <_strtod_l+0x738>
200062dc:	2300      	movs	r3, #0
200062de:	4cb5      	ldr	r4, [pc, #724]	@ (200065b4 <_strtod_l+0xcc4>)
200062e0:	930e      	str	r3, [sp, #56]	@ 0x38
200062e2:	940f      	str	r4, [sp, #60]	@ 0x3c
200062e4:	2300      	movs	r3, #0
200062e6:	4cae      	ldr	r4, [pc, #696]	@ (200065a0 <_strtod_l+0xcb0>)
200062e8:	9310      	str	r3, [sp, #64]	@ 0x40
200062ea:	9411      	str	r4, [sp, #68]	@ 0x44
200062ec:	e5f5      	b.n	20005eda <_strtod_l+0x5ea>
200062ee:	9302      	str	r3, [sp, #8]
200062f0:	9b08      	ldr	r3, [sp, #32]
200062f2:	4640      	mov	r0, r8
200062f4:	9301      	str	r3, [sp, #4]
200062f6:	ab1a      	add	r3, sp, #104	@ 0x68
200062f8:	9300      	str	r3, [sp, #0]
200062fa:	4aaf      	ldr	r2, [pc, #700]	@ (200065b8 <_strtod_l+0xcc8>)
200062fc:	ab1b      	add	r3, sp, #108	@ 0x6c
200062fe:	a919      	add	r1, sp, #100	@ 0x64
20006300:	f000 fbd6 	bl	20006ab0 <__gethex>
20006304:	230f      	movs	r3, #15
20006306:	001e      	movs	r6, r3
20006308:	0004      	movs	r4, r0
2000630a:	4006      	ands	r6, r0
2000630c:	4203      	tst	r3, r0
2000630e:	d100      	bne.n	20006312 <_strtod_l+0xa22>
20006310:	e688      	b.n	20006024 <_strtod_l+0x734>
20006312:	2e06      	cmp	r6, #6
20006314:	d000      	beq.n	20006318 <_strtod_l+0xa28>
20006316:	e09e      	b.n	20006456 <_strtod_l+0xb66>
20006318:	2300      	movs	r3, #0
2000631a:	2600      	movs	r6, #0
2000631c:	2700      	movs	r7, #0
2000631e:	9519      	str	r5, [sp, #100]	@ 0x64
20006320:	9308      	str	r3, [sp, #32]
20006322:	e681      	b.n	20006028 <_strtod_l+0x738>
20006324:	9c10      	ldr	r4, [sp, #64]	@ 0x40
20006326:	9d11      	ldr	r5, [sp, #68]	@ 0x44
20006328:	0020      	movs	r0, r4
2000632a:	0029      	movs	r1, r5
2000632c:	f7fc ffae 	bl	2000328c <__wrap___aeabi_d2lz>
20006330:	f7fc ffa0 	bl	20003274 <__wrap___aeabi_l2d>
20006334:	0002      	movs	r2, r0
20006336:	000b      	movs	r3, r1
20006338:	0020      	movs	r0, r4
2000633a:	0029      	movs	r1, r5
2000633c:	f7fc feab 	bl	20003096 <__wrap___aeabi_dsub>
20006340:	9a04      	ldr	r2, [sp, #16]
20006342:	9b12      	ldr	r3, [sp, #72]	@ 0x48
20006344:	0336      	lsls	r6, r6, #12
20006346:	4313      	orrs	r3, r2
20006348:	0b36      	lsrs	r6, r6, #12
2000634a:	0004      	movs	r4, r0
2000634c:	000d      	movs	r5, r1
2000634e:	4a9b      	ldr	r2, [pc, #620]	@ (200065bc <_strtod_l+0xccc>)
20006350:	4333      	orrs	r3, r6
20006352:	d10a      	bne.n	2000636a <_strtod_l+0xa7a>
20006354:	4b9a      	ldr	r3, [pc, #616]	@ (200065c0 <_strtod_l+0xcd0>)
20006356:	f7fc ff19 	bl	2000318c <__wrap___aeabi_dcmplt>
2000635a:	2800      	cmp	r0, #0
2000635c:	d100      	bne.n	20006360 <_strtod_l+0xa70>
2000635e:	e60b      	b.n	20005f78 <_strtod_l+0x688>
20006360:	46da      	mov	sl, fp
20006362:	9e04      	ldr	r6, [sp, #16]
20006364:	9f05      	ldr	r7, [sp, #20]
20006366:	981a      	ldr	r0, [sp, #104]	@ 0x68
20006368:	e732      	b.n	200061d0 <_strtod_l+0x8e0>
2000636a:	4b96      	ldr	r3, [pc, #600]	@ (200065c4 <_strtod_l+0xcd4>)
2000636c:	f7fc ff0e 	bl	2000318c <__wrap___aeabi_dcmplt>
20006370:	2800      	cmp	r0, #0
20006372:	d1f5      	bne.n	20006360 <_strtod_l+0xa70>
20006374:	0020      	movs	r0, r4
20006376:	0029      	movs	r1, r5
20006378:	4a93      	ldr	r2, [pc, #588]	@ (200065c8 <_strtod_l+0xcd8>)
2000637a:	4b94      	ldr	r3, [pc, #592]	@ (200065cc <_strtod_l+0xcdc>)
2000637c:	f7fc ff1c 	bl	200031b8 <__wrap___aeabi_dcmpgt>
20006380:	2800      	cmp	r0, #0
20006382:	d100      	bne.n	20006386 <_strtod_l+0xa96>
20006384:	e5f8      	b.n	20005f78 <_strtod_l+0x688>
20006386:	e7eb      	b.n	20006360 <_strtod_l+0xa70>
20006388:	2b01      	cmp	r3, #1
2000638a:	d1a7      	bne.n	200062dc <_strtod_l+0x9ec>
2000638c:	9b0d      	ldr	r3, [sp, #52]	@ 0x34
2000638e:	2b00      	cmp	r3, #0
20006390:	d1a4      	bne.n	200062dc <_strtod_l+0x9ec>
20006392:	46da      	mov	sl, fp
20006394:	2322      	movs	r3, #34	@ 0x22
20006396:	4642      	mov	r2, r8
20006398:	2600      	movs	r6, #0
2000639a:	2700      	movs	r7, #0
2000639c:	981a      	ldr	r0, [sp, #104]	@ 0x68
2000639e:	6013      	str	r3, [r2, #0]
200063a0:	e716      	b.n	200061d0 <_strtod_l+0x8e0>
200063a2:	4649      	mov	r1, r9
200063a4:	001d      	movs	r5, r3
200063a6:	4691      	mov	r9, r2
200063a8:	4653      	mov	r3, sl
200063aa:	000a      	movs	r2, r1
200063ac:	46aa      	mov	sl, r5
200063ae:	4659      	mov	r1, fp
200063b0:	9d12      	ldr	r5, [sp, #72]	@ 0x48
200063b2:	46ab      	mov	fp, r5
200063b4:	4483      	add	fp, r0
200063b6:	4658      	mov	r0, fp
200063b8:	9012      	str	r0, [sp, #72]	@ 0x48
200063ba:	2e08      	cmp	r6, #8
200063bc:	dc2e      	bgt.n	2000641c <_strtod_l+0xb2c>
200063be:	000e      	movs	r6, r1
200063c0:	f7ff fb38 	bl	20005a34 <_strtod_l+0x144>
200063c4:	2201      	movs	r2, #1
200063c6:	0038      	movs	r0, r7
200063c8:	4981      	ldr	r1, [pc, #516]	@ (200065d0 <_strtod_l+0xce0>)
200063ca:	f000 fe67 	bl	2000709c <strncmp>
200063ce:	2800      	cmp	r0, #0
200063d0:	d037      	beq.n	20006442 <_strtod_l+0xb52>
200063d2:	2000      	movs	r0, #0
200063d4:	2200      	movs	r2, #0
200063d6:	f7ff fb83 	bl	20005ae0 <_strtod_l+0x1f0>
200063da:	23d4      	movs	r3, #212	@ 0xd4
200063dc:	049b      	lsls	r3, r3, #18
200063de:	18ce      	adds	r6, r1, r3
200063e0:	9605      	str	r6, [sp, #20]
200063e2:	e5c1      	b.n	20005f68 <_strtod_l+0x678>
200063e4:	2d6e      	cmp	r5, #110	@ 0x6e
200063e6:	d101      	bne.n	200063ec <_strtod_l+0xafc>
200063e8:	f7ff fb8d 	bl	20005b06 <_strtod_l+0x216>
200063ec:	f7ff fae4 	bl	200059b8 <_strtod_l+0xc8>
200063f0:	990b      	ldr	r1, [sp, #44]	@ 0x2c
200063f2:	4b78      	ldr	r3, [pc, #480]	@ (200065d4 <_strtod_l+0xce4>)
200063f4:	910c      	str	r1, [sp, #48]	@ 0x30
200063f6:	4299      	cmp	r1, r3
200063f8:	dc01      	bgt.n	200063fe <_strtod_l+0xb0e>
200063fa:	f7ff fbf0 	bl	20005bde <_strtod_l+0x2ee>
200063fe:	f7ff fbed 	bl	20005bdc <_strtod_l+0x2ec>
20006402:	9a0b      	ldr	r2, [sp, #44]	@ 0x2c
20006404:	4b74      	ldr	r3, [pc, #464]	@ (200065d8 <_strtod_l+0xce8>)
20006406:	00d1      	lsls	r1, r2, #3
20006408:	1859      	adds	r1, r3, r1
2000640a:	6808      	ldr	r0, [r1, #0]
2000640c:	6849      	ldr	r1, [r1, #4]
2000640e:	9a04      	ldr	r2, [sp, #16]
20006410:	9b05      	ldr	r3, [sp, #20]
20006412:	f7fc fe70 	bl	200030f6 <__wrap___aeabi_dmul>
20006416:	0006      	movs	r6, r0
20006418:	000f      	movs	r7, r1
2000641a:	e605      	b.n	20006028 <_strtod_l+0x738>
2000641c:	2910      	cmp	r1, #16
2000641e:	dc66      	bgt.n	200064ee <_strtod_l+0xbfe>
20006420:	4650      	mov	r0, sl
20006422:	0080      	lsls	r0, r0, #2
20006424:	4450      	add	r0, sl
20006426:	4692      	mov	sl, r2
20006428:	0040      	lsls	r0, r0, #1
2000642a:	4482      	add	sl, r0
2000642c:	000e      	movs	r6, r1
2000642e:	2000      	movs	r0, #0
20006430:	f7ff fb07 	bl	20005a42 <_strtod_l+0x152>
20006434:	2322      	movs	r3, #34	@ 0x22
20006436:	4642      	mov	r2, r8
20006438:	6013      	str	r3, [r2, #0]
2000643a:	e68e      	b.n	2000615a <_strtod_l+0x86a>
2000643c:	2000      	movs	r0, #0
2000643e:	f7ff fae9 	bl	20005a14 <_strtod_l+0x124>
20006442:	9a19      	ldr	r2, [sp, #100]	@ 0x64
20006444:	0013      	movs	r3, r2
20006446:	3201      	adds	r2, #1
20006448:	9219      	str	r2, [sp, #100]	@ 0x64
2000644a:	785d      	ldrb	r5, [r3, #1]
2000644c:	2300      	movs	r3, #0
2000644e:	4699      	mov	r9, r3
20006450:	469a      	mov	sl, r3
20006452:	f7ff fad2 	bl	200059fa <_strtod_l+0x10a>
20006456:	9a1a      	ldr	r2, [sp, #104]	@ 0x68
20006458:	2a00      	cmp	r2, #0
2000645a:	d007      	beq.n	2000646c <_strtod_l+0xb7c>
2000645c:	2135      	movs	r1, #53	@ 0x35
2000645e:	a81c      	add	r0, sp, #112	@ 0x70
20006460:	f002 fa66 	bl	20008930 <__copybits>
20006464:	4640      	mov	r0, r8
20006466:	991a      	ldr	r1, [sp, #104]	@ 0x68
20006468:	f001 fd44 	bl	20007ef4 <_Bfree>
2000646c:	9a1b      	ldr	r2, [sp, #108]	@ 0x6c
2000646e:	2e05      	cmp	r6, #5
20006470:	d900      	bls.n	20006474 <_strtod_l+0xb84>
20006472:	e181      	b.n	20006778 <_strtod_l+0xe88>
20006474:	4b59      	ldr	r3, [pc, #356]	@ (200065dc <_strtod_l+0xcec>)
20006476:	00b6      	lsls	r6, r6, #2
20006478:	599b      	ldr	r3, [r3, r6]
2000647a:	469f      	mov	pc, r3
2000647c:	9b1c      	ldr	r3, [sp, #112]	@ 0x70
2000647e:	4958      	ldr	r1, [pc, #352]	@ (200065e0 <_strtod_l+0xcf0>)
20006480:	9304      	str	r3, [sp, #16]
20006482:	9b1d      	ldr	r3, [sp, #116]	@ 0x74
20006484:	400b      	ands	r3, r1
20006486:	4957      	ldr	r1, [pc, #348]	@ (200065e4 <_strtod_l+0xcf4>)
20006488:	468c      	mov	ip, r1
2000648a:	4462      	add	r2, ip
2000648c:	0512      	lsls	r2, r2, #20
2000648e:	4313      	orrs	r3, r2
20006490:	9305      	str	r3, [sp, #20]
20006492:	05e4      	lsls	r4, r4, #23
20006494:	d503      	bpl.n	2000649e <_strtod_l+0xbae>
20006496:	2280      	movs	r2, #128	@ 0x80
20006498:	0612      	lsls	r2, r2, #24
2000649a:	4313      	orrs	r3, r2
2000649c:	9305      	str	r3, [sp, #20]
2000649e:	4a42      	ldr	r2, [pc, #264]	@ (200065a8 <_strtod_l+0xcb8>)
200064a0:	9e04      	ldr	r6, [sp, #16]
200064a2:	9f05      	ldr	r7, [sp, #20]
200064a4:	4213      	tst	r3, r2
200064a6:	d000      	beq.n	200064aa <_strtod_l+0xbba>
200064a8:	e5be      	b.n	20006028 <_strtod_l+0x738>
200064aa:	f000 fe31 	bl	20007110 <__errno>
200064ae:	2322      	movs	r3, #34	@ 0x22
200064b0:	6003      	str	r3, [r0, #0]
200064b2:	e5b9      	b.n	20006028 <_strtod_l+0x738>
200064b4:	2201      	movs	r2, #1
200064b6:	4b4c      	ldr	r3, [pc, #304]	@ (200065e8 <_strtod_l+0xcf8>)
200064b8:	4252      	negs	r2, r2
200064ba:	9204      	str	r2, [sp, #16]
200064bc:	9305      	str	r3, [sp, #20]
200064be:	05e4      	lsls	r4, r4, #23
200064c0:	d400      	bmi.n	200064c4 <_strtod_l+0xbd4>
200064c2:	e708      	b.n	200062d6 <_strtod_l+0x9e6>
200064c4:	9b05      	ldr	r3, [sp, #20]
200064c6:	e7e6      	b.n	20006496 <_strtod_l+0xba6>
200064c8:	4b37      	ldr	r3, [pc, #220]	@ (200065a8 <_strtod_l+0xcb8>)
200064ca:	9305      	str	r3, [sp, #20]
200064cc:	e7f7      	b.n	200064be <_strtod_l+0xbce>
200064ce:	991c      	ldr	r1, [sp, #112]	@ 0x70
200064d0:	9a1d      	ldr	r2, [sp, #116]	@ 0x74
200064d2:	9b1d      	ldr	r3, [sp, #116]	@ 0x74
200064d4:	9104      	str	r1, [sp, #16]
200064d6:	9205      	str	r2, [sp, #20]
200064d8:	e7db      	b.n	20006492 <_strtod_l+0xba2>
200064da:	9b10      	ldr	r3, [sp, #64]	@ 0x40
200064dc:	9c11      	ldr	r4, [sp, #68]	@ 0x44
200064de:	9316      	str	r3, [sp, #88]	@ 0x58
200064e0:	9417      	str	r4, [sp, #92]	@ 0x5c
200064e2:	e529      	b.n	20005f38 <_strtod_l+0x648>
200064e4:	2300      	movs	r3, #0
200064e6:	960d      	str	r6, [sp, #52]	@ 0x34
200064e8:	9312      	str	r3, [sp, #72]	@ 0x48
200064ea:	f7ff faad 	bl	20005a48 <_strtod_l+0x158>
200064ee:	000e      	movs	r6, r1
200064f0:	2000      	movs	r0, #0
200064f2:	f7ff faa6 	bl	20005a42 <_strtod_l+0x152>
200064f6:	2300      	movs	r3, #0
200064f8:	4c3c      	ldr	r4, [pc, #240]	@ (200065ec <_strtod_l+0xcfc>)
200064fa:	930e      	str	r3, [sp, #56]	@ 0x38
200064fc:	940f      	str	r4, [sp, #60]	@ 0x3c
200064fe:	2300      	movs	r3, #0
20006500:	4c32      	ldr	r4, [pc, #200]	@ (200065cc <_strtod_l+0xcdc>)
20006502:	9310      	str	r3, [sp, #64]	@ 0x40
20006504:	9411      	str	r4, [sp, #68]	@ 0x44
20006506:	e4e8      	b.n	20005eda <_strtod_l+0x5ea>
20006508:	9b15      	ldr	r3, [sp, #84]	@ 0x54
2000650a:	9912      	ldr	r1, [sp, #72]	@ 0x48
2000650c:	469c      	mov	ip, r3
2000650e:	9b0d      	ldr	r3, [sp, #52]	@ 0x34
20006510:	46da      	mov	sl, fp
20006512:	031a      	lsls	r2, r3, #12
20006514:	0b12      	lsrs	r2, r2, #12
20006516:	2900      	cmp	r1, #0
20006518:	d100      	bne.n	2000651c <_strtod_l+0xc2c>
2000651a:	e0a0      	b.n	2000665e <_strtod_l+0xd6e>
2000651c:	4934      	ldr	r1, [pc, #208]	@ (200065f0 <_strtod_l+0xd00>)
2000651e:	428a      	cmp	r2, r1
20006520:	d100      	bne.n	20006524 <_strtod_l+0xc34>
20006522:	e0d3      	b.n	200066cc <_strtod_l+0xddc>
20006524:	4662      	mov	r2, ip
20006526:	2a00      	cmp	r2, #0
20006528:	d101      	bne.n	2000652e <_strtod_l+0xc3e>
2000652a:	9b10      	ldr	r3, [sp, #64]	@ 0x40
2000652c:	9a04      	ldr	r2, [sp, #16]
2000652e:	4213      	tst	r3, r2
20006530:	d00c      	beq.n	2000654c <_strtod_l+0xc5c>
20006532:	9804      	ldr	r0, [sp, #16]
20006534:	9905      	ldr	r1, [sp, #20]
20006536:	9a0a      	ldr	r2, [sp, #40]	@ 0x28
20006538:	f7ff f9c2 	bl	200058c0 <sulp>
2000653c:	0002      	movs	r2, r0
2000653e:	000b      	movs	r3, r1
20006540:	0030      	movs	r0, r6
20006542:	0039      	movs	r1, r7
20006544:	f7fc fdb0 	bl	200030a8 <__wrap___aeabi_dadd>
20006548:	0006      	movs	r6, r0
2000654a:	000f      	movs	r7, r1
2000654c:	9b0a      	ldr	r3, [sp, #40]	@ 0x28
2000654e:	2b00      	cmp	r3, #0
20006550:	d100      	bne.n	20006554 <_strtod_l+0xc64>
20006552:	e708      	b.n	20006366 <_strtod_l+0xa76>
20006554:	0030      	movs	r0, r6
20006556:	0039      	movs	r1, r7
20006558:	4b26      	ldr	r3, [pc, #152]	@ (200065f4 <_strtod_l+0xd04>)
2000655a:	2200      	movs	r2, #0
2000655c:	f7fc fdcb 	bl	200030f6 <__wrap___aeabi_dmul>
20006560:	4b11      	ldr	r3, [pc, #68]	@ (200065a8 <_strtod_l+0xcb8>)
20006562:	0006      	movs	r6, r0
20006564:	000f      	movs	r7, r1
20006566:	420b      	tst	r3, r1
20006568:	d000      	beq.n	2000656c <_strtod_l+0xc7c>
2000656a:	e6fc      	b.n	20006366 <_strtod_l+0xa76>
2000656c:	2322      	movs	r3, #34	@ 0x22
2000656e:	4642      	mov	r2, r8
20006570:	981a      	ldr	r0, [sp, #104]	@ 0x68
20006572:	6013      	str	r3, [r2, #0]
20006574:	e62c      	b.n	200061d0 <_strtod_l+0x8e0>
20006576:	4920      	ldr	r1, [pc, #128]	@ (200065f8 <_strtod_l+0xd08>)
20006578:	aa1c      	add	r2, sp, #112	@ 0x70
2000657a:	a819      	add	r0, sp, #100	@ 0x64
2000657c:	f001 fb86 	bl	20007c8c <__hexnan>
20006580:	2805      	cmp	r0, #5
20006582:	d001      	beq.n	20006588 <_strtod_l+0xc98>
20006584:	f7ff facc 	bl	20005b20 <_strtod_l+0x230>
20006588:	9b1d      	ldr	r3, [sp, #116]	@ 0x74
2000658a:	4a07      	ldr	r2, [pc, #28]	@ (200065a8 <_strtod_l+0xcb8>)
2000658c:	431a      	orrs	r2, r3
2000658e:	9b1c      	ldr	r3, [sp, #112]	@ 0x70
20006590:	9205      	str	r2, [sp, #20]
20006592:	9304      	str	r3, [sp, #16]
20006594:	9e04      	ldr	r6, [sp, #16]
20006596:	9f05      	ldr	r7, [sp, #20]
20006598:	e546      	b.n	20006028 <_strtod_l+0x738>
2000659a:	46c0      	nop			@ (mov r8, r8)
2000659c:	fffffbe2 	.word	0xfffffbe2
200065a0:	3ff00000 	.word	0x3ff00000
200065a4:	fcb00000 	.word	0xfcb00000
200065a8:	7ff00000 	.word	0x7ff00000
200065ac:	7c9fffff 	.word	0x7c9fffff
200065b0:	7fefffff 	.word	0x7fefffff
200065b4:	bff00000 	.word	0xbff00000
200065b8:	20009ec8 	.word	0x20009ec8
200065bc:	94a03595 	.word	0x94a03595
200065c0:	3fcfffff 	.word	0x3fcfffff
200065c4:	3fdfffff 	.word	0x3fdfffff
200065c8:	35afe535 	.word	0x35afe535
200065cc:	3fe00000 	.word	0x3fe00000
200065d0:	20009894 	.word	0x20009894
200065d4:	00004e1f 	.word	0x00004e1f
200065d8:	2000a180 	.word	0x2000a180
200065dc:	20009eb0 	.word	0x20009eb0
200065e0:	ffefffff 	.word	0xffefffff
200065e4:	00000433 	.word	0x00000433
200065e8:	7fffffff 	.word	0x7fffffff
200065ec:	bfe00000 	.word	0xbfe00000
200065f0:	000fffff 	.word	0x000fffff
200065f4:	39500000 	.word	0x39500000
200065f8:	20009edc 	.word	0x20009edc
200065fc:	9b12      	ldr	r3, [sp, #72]	@ 0x48
200065fe:	9904      	ldr	r1, [sp, #16]
20006600:	9a05      	ldr	r2, [sp, #20]
20006602:	46da      	mov	sl, fp
20006604:	430b      	orrs	r3, r1
20006606:	d1a1      	bne.n	2000654c <_strtod_l+0xc5c>
20006608:	0313      	lsls	r3, r2, #12
2000660a:	d19f      	bne.n	2000654c <_strtod_l+0xc5c>
2000660c:	23d6      	movs	r3, #214	@ 0xd6
2000660e:	4c61      	ldr	r4, [pc, #388]	@ (20006794 <_strtod_l+0xea4>)
20006610:	04db      	lsls	r3, r3, #19
20006612:	4014      	ands	r4, r2
20006614:	429c      	cmp	r4, r3
20006616:	d999      	bls.n	2000654c <_strtod_l+0xc5c>
20006618:	465b      	mov	r3, fp
2000661a:	695b      	ldr	r3, [r3, #20]
2000661c:	2b00      	cmp	r3, #0
2000661e:	d103      	bne.n	20006628 <_strtod_l+0xd38>
20006620:	465b      	mov	r3, fp
20006622:	691b      	ldr	r3, [r3, #16]
20006624:	2b01      	cmp	r3, #1
20006626:	dd91      	ble.n	2000654c <_strtod_l+0xc5c>
20006628:	4651      	mov	r1, sl
2000662a:	2201      	movs	r2, #1
2000662c:	4640      	mov	r0, r8
2000662e:	f001 fed9 	bl	200083e4 <__lshift>
20006632:	4649      	mov	r1, r9
20006634:	4682      	mov	sl, r0
20006636:	f001 ff53 	bl	200084e0 <__mcmp>
2000663a:	2800      	cmp	r0, #0
2000663c:	dc00      	bgt.n	20006640 <_strtod_l+0xd50>
2000663e:	e785      	b.n	2000654c <_strtod_l+0xc5c>
20006640:	9b0a      	ldr	r3, [sp, #40]	@ 0x28
20006642:	2b00      	cmp	r3, #0
20006644:	d071      	beq.n	2000672a <_strtod_l+0xe3a>
20006646:	4b54      	ldr	r3, [pc, #336]	@ (20006798 <_strtod_l+0xea8>)
20006648:	4a54      	ldr	r2, [pc, #336]	@ (2000679c <_strtod_l+0xeac>)
2000664a:	469c      	mov	ip, r3
2000664c:	2301      	movs	r3, #1
2000664e:	4464      	add	r4, ip
20006650:	4322      	orrs	r2, r4
20006652:	425b      	negs	r3, r3
20006654:	9205      	str	r2, [sp, #20]
20006656:	9304      	str	r3, [sp, #16]
20006658:	9e04      	ldr	r6, [sp, #16]
2000665a:	9f05      	ldr	r7, [sp, #20]
2000665c:	e77a      	b.n	20006554 <_strtod_l+0xc64>
2000665e:	2a00      	cmp	r2, #0
20006660:	d117      	bne.n	20006692 <_strtod_l+0xda2>
20006662:	9a04      	ldr	r2, [sp, #16]
20006664:	2a00      	cmp	r2, #0
20006666:	d159      	bne.n	2000671c <_strtod_l+0xe2c>
20006668:	9a0a      	ldr	r2, [sp, #40]	@ 0x28
2000666a:	2a00      	cmp	r2, #0
2000666c:	d05d      	beq.n	2000672a <_strtod_l+0xe3a>
2000666e:	4c49      	ldr	r4, [pc, #292]	@ (20006794 <_strtod_l+0xea4>)
20006670:	401c      	ands	r4, r3
20006672:	23d6      	movs	r3, #214	@ 0xd6
20006674:	04db      	lsls	r3, r3, #19
20006676:	429c      	cmp	r4, r3
20006678:	d8e5      	bhi.n	20006646 <_strtod_l+0xd56>
2000667a:	23dc      	movs	r3, #220	@ 0xdc
2000667c:	049b      	lsls	r3, r3, #18
2000667e:	429c      	cmp	r4, r3
20006680:	d900      	bls.n	20006684 <_strtod_l+0xd94>
20006682:	e767      	b.n	20006554 <_strtod_l+0xc64>
20006684:	e686      	b.n	20006394 <_strtod_l+0xaa4>
20006686:	2300      	movs	r3, #0
20006688:	469a      	mov	sl, r3
2000668a:	4b45      	ldr	r3, [pc, #276]	@ (200067a0 <_strtod_l+0xeb0>)
2000668c:	9309      	str	r3, [sp, #36]	@ 0x24
2000668e:	f7ff fb50 	bl	20005d32 <_strtod_l+0x442>
20006692:	4662      	mov	r2, ip
20006694:	2a00      	cmp	r2, #0
20006696:	d101      	bne.n	2000669c <_strtod_l+0xdac>
20006698:	9b10      	ldr	r3, [sp, #64]	@ 0x40
2000669a:	9a04      	ldr	r2, [sp, #16]
2000669c:	4213      	tst	r3, r2
2000669e:	d100      	bne.n	200066a2 <_strtod_l+0xdb2>
200066a0:	e754      	b.n	2000654c <_strtod_l+0xc5c>
200066a2:	9804      	ldr	r0, [sp, #16]
200066a4:	9905      	ldr	r1, [sp, #20]
200066a6:	9a0a      	ldr	r2, [sp, #40]	@ 0x28
200066a8:	f7ff f90a 	bl	200058c0 <sulp>
200066ac:	0002      	movs	r2, r0
200066ae:	000b      	movs	r3, r1
200066b0:	0030      	movs	r0, r6
200066b2:	0039      	movs	r1, r7
200066b4:	f7fc fcef 	bl	20003096 <__wrap___aeabi_dsub>
200066b8:	2200      	movs	r2, #0
200066ba:	2300      	movs	r3, #0
200066bc:	0006      	movs	r6, r0
200066be:	000f      	movs	r7, r1
200066c0:	f7fc fd5c 	bl	2000317c <__wrap___aeabi_dcmpeq>
200066c4:	2800      	cmp	r0, #0
200066c6:	d100      	bne.n	200066ca <_strtod_l+0xdda>
200066c8:	e740      	b.n	2000654c <_strtod_l+0xc5c>
200066ca:	e663      	b.n	20006394 <_strtod_l+0xaa4>
200066cc:	9a0a      	ldr	r2, [sp, #40]	@ 0x28
200066ce:	9804      	ldr	r0, [sp, #16]
200066d0:	2a00      	cmp	r2, #0
200066d2:	d049      	beq.n	20006768 <_strtod_l+0xe78>
200066d4:	21d4      	movs	r1, #212	@ 0xd4
200066d6:	4a2f      	ldr	r2, [pc, #188]	@ (20006794 <_strtod_l+0xea4>)
200066d8:	04c9      	lsls	r1, r1, #19
200066da:	401a      	ands	r2, r3
200066dc:	428a      	cmp	r2, r1
200066de:	d843      	bhi.n	20006768 <_strtod_l+0xe78>
200066e0:	216b      	movs	r1, #107	@ 0x6b
200066e2:	0d12      	lsrs	r2, r2, #20
200066e4:	1a8a      	subs	r2, r1, r2
200066e6:	396c      	subs	r1, #108	@ 0x6c
200066e8:	4091      	lsls	r1, r2
200066ea:	4288      	cmp	r0, r1
200066ec:	d02d      	beq.n	2000674a <_strtod_l+0xe5a>
200066ee:	4662      	mov	r2, ip
200066f0:	2a00      	cmp	r2, #0
200066f2:	d000      	beq.n	200066f6 <_strtod_l+0xe06>
200066f4:	e71b      	b.n	2000652e <_strtod_l+0xc3e>
200066f6:	9b10      	ldr	r3, [sp, #64]	@ 0x40
200066f8:	4203      	tst	r3, r0
200066fa:	d100      	bne.n	200066fe <_strtod_l+0xe0e>
200066fc:	e726      	b.n	2000654c <_strtod_l+0xc5c>
200066fe:	e718      	b.n	20006532 <_strtod_l+0xc42>
20006700:	2201      	movs	r2, #1
20006702:	4252      	negs	r2, r2
20006704:	409a      	lsls	r2, r3
20006706:	9b04      	ldr	r3, [sp, #16]
20006708:	4013      	ands	r3, r2
2000670a:	9304      	str	r3, [sp, #16]
2000670c:	e4eb      	b.n	200060e6 <_strtod_l+0x7f6>
2000670e:	234b      	movs	r3, #75	@ 0x4b
20006710:	1a9a      	subs	r2, r3, r2
20006712:	3b4c      	subs	r3, #76	@ 0x4c
20006714:	4093      	lsls	r3, r2
20006716:	4019      	ands	r1, r3
20006718:	9105      	str	r1, [sp, #20]
2000671a:	e4e4      	b.n	200060e6 <_strtod_l+0x7f6>
2000671c:	4661      	mov	r1, ip
2000671e:	2900      	cmp	r1, #0
20006720:	d025      	beq.n	2000676e <_strtod_l+0xe7e>
20006722:	420b      	tst	r3, r1
20006724:	d100      	bne.n	20006728 <_strtod_l+0xe38>
20006726:	e711      	b.n	2000654c <_strtod_l+0xc5c>
20006728:	e7bb      	b.n	200066a2 <_strtod_l+0xdb2>
2000672a:	9a05      	ldr	r2, [sp, #20]
2000672c:	4b19      	ldr	r3, [pc, #100]	@ (20006794 <_strtod_l+0xea4>)
2000672e:	981a      	ldr	r0, [sp, #104]	@ 0x68
20006730:	4013      	ands	r3, r2
20006732:	4a19      	ldr	r2, [pc, #100]	@ (20006798 <_strtod_l+0xea8>)
20006734:	4694      	mov	ip, r2
20006736:	4a19      	ldr	r2, [pc, #100]	@ (2000679c <_strtod_l+0xeac>)
20006738:	4463      	add	r3, ip
2000673a:	431a      	orrs	r2, r3
2000673c:	2301      	movs	r3, #1
2000673e:	425b      	negs	r3, r3
20006740:	9205      	str	r2, [sp, #20]
20006742:	9304      	str	r3, [sp, #16]
20006744:	9e04      	ldr	r6, [sp, #16]
20006746:	9f05      	ldr	r7, [sp, #20]
20006748:	e542      	b.n	200061d0 <_strtod_l+0x8e0>
2000674a:	4a16      	ldr	r2, [pc, #88]	@ (200067a4 <_strtod_l+0xeb4>)
2000674c:	4293      	cmp	r3, r2
2000674e:	d017      	beq.n	20006780 <_strtod_l+0xe90>
20006750:	4a10      	ldr	r2, [pc, #64]	@ (20006794 <_strtod_l+0xea4>)
20006752:	4013      	ands	r3, r2
20006754:	2280      	movs	r2, #128	@ 0x80
20006756:	0352      	lsls	r2, r2, #13
20006758:	4694      	mov	ip, r2
2000675a:	4463      	add	r3, ip
2000675c:	9305      	str	r3, [sp, #20]
2000675e:	2300      	movs	r3, #0
20006760:	9304      	str	r3, [sp, #16]
20006762:	9e04      	ldr	r6, [sp, #16]
20006764:	9f05      	ldr	r7, [sp, #20]
20006766:	e6f1      	b.n	2000654c <_strtod_l+0xc5c>
20006768:	2101      	movs	r1, #1
2000676a:	4249      	negs	r1, r1
2000676c:	e7bd      	b.n	200066ea <_strtod_l+0xdfa>
2000676e:	9b10      	ldr	r3, [sp, #64]	@ 0x40
20006770:	4213      	tst	r3, r2
20006772:	d100      	bne.n	20006776 <_strtod_l+0xe86>
20006774:	e6ea      	b.n	2000654c <_strtod_l+0xc5c>
20006776:	e794      	b.n	200066a2 <_strtod_l+0xdb2>
20006778:	2300      	movs	r3, #0
2000677a:	e68a      	b.n	20006492 <_strtod_l+0xba2>
2000677c:	1c71      	adds	r1, r6, #1
2000677e:	e617      	b.n	200063b0 <_strtod_l+0xac0>
20006780:	3001      	adds	r0, #1
20006782:	d1e5      	bne.n	20006750 <_strtod_l+0xe60>
20006784:	2322      	movs	r3, #34	@ 0x22
20006786:	4642      	mov	r2, r8
20006788:	2600      	movs	r6, #0
2000678a:	981a      	ldr	r0, [sp, #104]	@ 0x68
2000678c:	4f01      	ldr	r7, [pc, #4]	@ (20006794 <_strtod_l+0xea4>)
2000678e:	6013      	str	r3, [r2, #0]
20006790:	e51e      	b.n	200061d0 <_strtod_l+0x8e0>
20006792:	46c0      	nop			@ (mov r8, r8)
20006794:	7ff00000 	.word	0x7ff00000
20006798:	fff00000 	.word	0xfff00000
2000679c:	000fffff 	.word	0x000fffff
200067a0:	2000a158 	.word	0x2000a158
200067a4:	7fefffff 	.word	0x7fefffff

200067a8 <_strtod_r>:
200067a8:	b510      	push	{r4, lr}
200067aa:	4b02      	ldr	r3, [pc, #8]	@ (200067b4 <_strtod_r+0xc>)
200067ac:	f7ff f8a0 	bl	200058f0 <_strtod_l>
200067b0:	bd10      	pop	{r4, pc}
200067b2:	46c0      	nop			@ (mov r8, r8)
200067b4:	2000a2a0 	.word	0x2000a2a0

200067b8 <strtod_l>:
200067b8:	b510      	push	{r4, lr}
200067ba:	0004      	movs	r4, r0
200067bc:	0013      	movs	r3, r2
200067be:	4a03      	ldr	r2, [pc, #12]	@ (200067cc <strtod_l+0x14>)
200067c0:	6810      	ldr	r0, [r2, #0]
200067c2:	000a      	movs	r2, r1
200067c4:	0021      	movs	r1, r4
200067c6:	f7ff f893 	bl	200058f0 <_strtod_l>
200067ca:	bd10      	pop	{r4, pc}
200067cc:	2000a410 	.word	0x2000a410

200067d0 <strtod>:
200067d0:	b510      	push	{r4, lr}
200067d2:	0004      	movs	r4, r0
200067d4:	000a      	movs	r2, r1
200067d6:	4903      	ldr	r1, [pc, #12]	@ (200067e4 <strtod+0x14>)
200067d8:	4b03      	ldr	r3, [pc, #12]	@ (200067e8 <strtod+0x18>)
200067da:	6808      	ldr	r0, [r1, #0]
200067dc:	0021      	movs	r1, r4
200067de:	f7ff f887 	bl	200058f0 <_strtod_l>
200067e2:	bd10      	pop	{r4, pc}
200067e4:	2000a410 	.word	0x2000a410
200067e8:	2000a2a0 	.word	0x2000a2a0

200067ec <strtof_l>:
200067ec:	b5f8      	push	{r3, r4, r5, r6, r7, lr}
200067ee:	46ce      	mov	lr, r9
200067f0:	0004      	movs	r4, r0
200067f2:	4647      	mov	r7, r8
200067f4:	0013      	movs	r3, r2
200067f6:	4a27      	ldr	r2, [pc, #156]	@ (20006894 <strtof_l+0xa8>)
200067f8:	b580      	push	{r7, lr}
200067fa:	6810      	ldr	r0, [r2, #0]
200067fc:	4691      	mov	r9, r2
200067fe:	000a      	movs	r2, r1
20006800:	0021      	movs	r1, r4
20006802:	f7ff f875 	bl	200058f0 <_strtod_l>
20006806:	0002      	movs	r2, r0
20006808:	000b      	movs	r3, r1
2000680a:	0004      	movs	r4, r0
2000680c:	000d      	movs	r5, r1
2000680e:	f7fc fcd8 	bl	200031c2 <__wrap___aeabi_dcmpun>
20006812:	2800      	cmp	r0, #0
20006814:	d12f      	bne.n	20006876 <strtof_l+0x8a>
20006816:	0029      	movs	r1, r5
20006818:	0020      	movs	r0, r4
2000681a:	f7fc fd63 	bl	200032e4 <__wrap___aeabi_d2f>
2000681e:	0046      	lsls	r6, r0, #1
20006820:	0876      	lsrs	r6, r6, #1
20006822:	4680      	mov	r8, r0
20006824:	491c      	ldr	r1, [pc, #112]	@ (20006898 <strtof_l+0xac>)
20006826:	1c30      	adds	r0, r6, #0
20006828:	f7fd f936 	bl	20003a98 <__wrap___aeabi_fcmpun>
2000682c:	2800      	cmp	r0, #0
2000682e:	d11d      	bne.n	2000686c <strtof_l+0x80>
20006830:	4919      	ldr	r1, [pc, #100]	@ (20006898 <strtof_l+0xac>)
20006832:	1c30      	adds	r0, r6, #0
20006834:	f7fd f928 	bl	20003a88 <__wrap___aeabi_fcmple>
20006838:	2800      	cmp	r0, #0
2000683a:	d117      	bne.n	2000686c <strtof_l+0x80>
2000683c:	2201      	movs	r2, #1
2000683e:	006b      	lsls	r3, r5, #1
20006840:	085f      	lsrs	r7, r3, #1
20006842:	0020      	movs	r0, r4
20006844:	0039      	movs	r1, r7
20006846:	4b15      	ldr	r3, [pc, #84]	@ (2000689c <strtof_l+0xb0>)
20006848:	4252      	negs	r2, r2
2000684a:	f7fc fcba 	bl	200031c2 <__wrap___aeabi_dcmpun>
2000684e:	2800      	cmp	r0, #0
20006850:	d108      	bne.n	20006864 <strtof_l+0x78>
20006852:	2201      	movs	r2, #1
20006854:	0020      	movs	r0, r4
20006856:	0039      	movs	r1, r7
20006858:	4b10      	ldr	r3, [pc, #64]	@ (2000689c <strtof_l+0xb0>)
2000685a:	4252      	negs	r2, r2
2000685c:	f7fc fc9c 	bl	20003198 <__wrap___aeabi_dcmple>
20006860:	2800      	cmp	r0, #0
20006862:	d003      	beq.n	2000686c <strtof_l+0x80>
20006864:	464b      	mov	r3, r9
20006866:	2222      	movs	r2, #34	@ 0x22
20006868:	681b      	ldr	r3, [r3, #0]
2000686a:	601a      	str	r2, [r3, #0]
2000686c:	4640      	mov	r0, r8
2000686e:	bcc0      	pop	{r6, r7}
20006870:	46b9      	mov	r9, r7
20006872:	46b0      	mov	r8, r6
20006874:	bdf8      	pop	{r3, r4, r5, r6, r7, pc}
20006876:	480a      	ldr	r0, [pc, #40]	@ (200068a0 <strtof_l+0xb4>)
20006878:	2d00      	cmp	r5, #0
2000687a:	da07      	bge.n	2000688c <strtof_l+0xa0>
2000687c:	f001 fb0e 	bl	20007e9c <nanf>
20006880:	2380      	movs	r3, #128	@ 0x80
20006882:	061b      	lsls	r3, r3, #24
20006884:	469c      	mov	ip, r3
20006886:	4484      	add	ip, r0
20006888:	46e0      	mov	r8, ip
2000688a:	e7ef      	b.n	2000686c <strtof_l+0x80>
2000688c:	f001 fb06 	bl	20007e9c <nanf>
20006890:	4680      	mov	r8, r0
20006892:	e7eb      	b.n	2000686c <strtof_l+0x80>
20006894:	2000a410 	.word	0x2000a410
20006898:	7f7fffff 	.word	0x7f7fffff
2000689c:	7fefffff 	.word	0x7fefffff
200068a0:	20009330 	.word	0x20009330

200068a4 <strtof>:
200068a4:	b5f8      	push	{r3, r4, r5, r6, r7, lr}
200068a6:	46ce      	mov	lr, r9
200068a8:	4647      	mov	r7, r8
200068aa:	0004      	movs	r4, r0
200068ac:	000a      	movs	r2, r1
200068ae:	492c      	ldr	r1, [pc, #176]	@ (20006960 <strtof+0xbc>)
200068b0:	b580      	push	{r7, lr}
200068b2:	4b2c      	ldr	r3, [pc, #176]	@ (20006964 <strtof+0xc0>)
200068b4:	6808      	ldr	r0, [r1, #0]
200068b6:	4689      	mov	r9, r1
200068b8:	0021      	movs	r1, r4
200068ba:	f7ff f819 	bl	200058f0 <_strtod_l>
200068be:	0002      	movs	r2, r0
200068c0:	000b      	movs	r3, r1
200068c2:	0006      	movs	r6, r0
200068c4:	000f      	movs	r7, r1
200068c6:	f7fc fc7c 	bl	200031c2 <__wrap___aeabi_dcmpun>
200068ca:	2800      	cmp	r0, #0
200068cc:	d138      	bne.n	20006940 <strtof+0x9c>
200068ce:	0039      	movs	r1, r7
200068d0:	0030      	movs	r0, r6
200068d2:	f7fc fd07 	bl	200032e4 <__wrap___aeabi_d2f>
200068d6:	0044      	lsls	r4, r0, #1
200068d8:	0864      	lsrs	r4, r4, #1
200068da:	4680      	mov	r8, r0
200068dc:	4922      	ldr	r1, [pc, #136]	@ (20006968 <strtof+0xc4>)
200068de:	1c20      	adds	r0, r4, #0
200068e0:	f7fd f8da 	bl	20003a98 <__wrap___aeabi_fcmpun>
200068e4:	2800      	cmp	r0, #0
200068e6:	d122      	bne.n	2000692e <strtof+0x8a>
200068e8:	491f      	ldr	r1, [pc, #124]	@ (20006968 <strtof+0xc4>)
200068ea:	1c20      	adds	r0, r4, #0
200068ec:	f7fd f8cc 	bl	20003a88 <__wrap___aeabi_fcmple>
200068f0:	2800      	cmp	r0, #0
200068f2:	d11c      	bne.n	2000692e <strtof+0x8a>
200068f4:	2201      	movs	r2, #1
200068f6:	007b      	lsls	r3, r7, #1
200068f8:	085d      	lsrs	r5, r3, #1
200068fa:	0030      	movs	r0, r6
200068fc:	0029      	movs	r1, r5
200068fe:	4b1b      	ldr	r3, [pc, #108]	@ (2000696c <strtof+0xc8>)
20006900:	4252      	negs	r2, r2
20006902:	f7fc fc5e 	bl	200031c2 <__wrap___aeabi_dcmpun>
20006906:	2800      	cmp	r0, #0
20006908:	d108      	bne.n	2000691c <strtof+0x78>
2000690a:	2201      	movs	r2, #1
2000690c:	0030      	movs	r0, r6
2000690e:	0029      	movs	r1, r5
20006910:	4b16      	ldr	r3, [pc, #88]	@ (2000696c <strtof+0xc8>)
20006912:	4252      	negs	r2, r2
20006914:	f7fc fc40 	bl	20003198 <__wrap___aeabi_dcmple>
20006918:	2800      	cmp	r0, #0
2000691a:	d008      	beq.n	2000692e <strtof+0x8a>
2000691c:	464b      	mov	r3, r9
2000691e:	2222      	movs	r2, #34	@ 0x22
20006920:	681b      	ldr	r3, [r3, #0]
20006922:	601a      	str	r2, [r3, #0]
20006924:	4640      	mov	r0, r8
20006926:	bcc0      	pop	{r6, r7}
20006928:	46b9      	mov	r9, r7
2000692a:	46b0      	mov	r8, r6
2000692c:	bdf8      	pop	{r3, r4, r5, r6, r7, pc}
2000692e:	23ff      	movs	r3, #255	@ 0xff
20006930:	4642      	mov	r2, r8
20006932:	05db      	lsls	r3, r3, #23
20006934:	4213      	tst	r3, r2
20006936:	d1f5      	bne.n	20006924 <strtof+0x80>
20006938:	4b0d      	ldr	r3, [pc, #52]	@ (20006970 <strtof+0xcc>)
2000693a:	423b      	tst	r3, r7
2000693c:	d0f2      	beq.n	20006924 <strtof+0x80>
2000693e:	e7ed      	b.n	2000691c <strtof+0x78>
20006940:	480c      	ldr	r0, [pc, #48]	@ (20006974 <strtof+0xd0>)
20006942:	2f00      	cmp	r7, #0
20006944:	da07      	bge.n	20006956 <strtof+0xb2>
20006946:	f001 faa9 	bl	20007e9c <nanf>
2000694a:	2380      	movs	r3, #128	@ 0x80
2000694c:	061b      	lsls	r3, r3, #24
2000694e:	469c      	mov	ip, r3
20006950:	4484      	add	ip, r0
20006952:	46e0      	mov	r8, ip
20006954:	e7e6      	b.n	20006924 <strtof+0x80>
20006956:	f001 faa1 	bl	20007e9c <nanf>
2000695a:	4680      	mov	r8, r0
2000695c:	e7e2      	b.n	20006924 <strtof+0x80>
2000695e:	46c0      	nop			@ (mov r8, r8)
20006960:	2000a410 	.word	0x2000a410
20006964:	2000a2a0 	.word	0x2000a2a0
20006968:	7f7fffff 	.word	0x7f7fffff
2000696c:	7fefffff 	.word	0x7fefffff
20006970:	7ff00000 	.word	0x7ff00000
20006974:	20009330 	.word	0x20009330

20006978 <strcmp>:
20006978:	4602      	mov	r2, r0
2000697a:	b570      	push	{r4, r5, r6, lr}
2000697c:	430a      	orrs	r2, r1
2000697e:	0792      	lsls	r2, r2, #30
20006980:	d12a      	bne.n	200069d8 <strcmp+0x60>
20006982:	4d1e      	ldr	r5, [pc, #120]	@ (200069fc <strcmp+0x84>)
20006984:	01ee      	lsls	r6, r5, #7
20006986:	c804      	ldmia	r0!, {r2}
20006988:	c908      	ldmia	r1!, {r3}
2000698a:	1b54      	subs	r4, r2, r5
2000698c:	4394      	bics	r4, r2
2000698e:	4034      	ands	r4, r6
20006990:	d017      	beq.n	200069c2 <strcmp+0x4a>
20006992:	b2d0      	uxtb	r0, r2
20006994:	b2d9      	uxtb	r1, r3
20006996:	1a40      	subs	r0, r0, r1
20006998:	0621      	lsls	r1, r4, #24
2000699a:	4301      	orrs	r1, r0
2000699c:	d110      	bne.n	200069c0 <strcmp+0x48>
2000699e:	b290      	uxth	r0, r2
200069a0:	b299      	uxth	r1, r3
200069a2:	1a40      	subs	r0, r0, r1
200069a4:	0421      	lsls	r1, r4, #16
200069a6:	4301      	orrs	r1, r0
200069a8:	d10a      	bne.n	200069c0 <strcmp+0x48>
200069aa:	0210      	lsls	r0, r2, #8
200069ac:	0219      	lsls	r1, r3, #8
200069ae:	0a00      	lsrs	r0, r0, #8
200069b0:	0a09      	lsrs	r1, r1, #8
200069b2:	1a40      	subs	r0, r0, r1
200069b4:	0221      	lsls	r1, r4, #8
200069b6:	4301      	orrs	r1, r0
200069b8:	d102      	bne.n	200069c0 <strcmp+0x48>
200069ba:	0e10      	lsrs	r0, r2, #24
200069bc:	0e19      	lsrs	r1, r3, #24
200069be:	1a40      	subs	r0, r0, r1
200069c0:	bd70      	pop	{r4, r5, r6, pc}
200069c2:	429a      	cmp	r2, r3
200069c4:	d0df      	beq.n	20006986 <strcmp+0xe>
200069c6:	ba10      	rev	r0, r2
200069c8:	ba19      	rev	r1, r3
200069ca:	4288      	cmp	r0, r1
200069cc:	d901      	bls.n	200069d2 <strcmp+0x5a>
200069ce:	2001      	movs	r0, #1
200069d0:	bd70      	pop	{r4, r5, r6, pc}
200069d2:	2000      	movs	r0, #0
200069d4:	43c0      	mvns	r0, r0
200069d6:	bd70      	pop	{r4, r5, r6, pc}
200069d8:	7802      	ldrb	r2, [r0, #0]
200069da:	780b      	ldrb	r3, [r1, #0]
200069dc:	3001      	adds	r0, #1
200069de:	3101      	adds	r1, #1
200069e0:	2a00      	cmp	r2, #0
200069e2:	d009      	beq.n	200069f8 <strcmp+0x80>
200069e4:	429a      	cmp	r2, r3
200069e6:	d107      	bne.n	200069f8 <strcmp+0x80>
200069e8:	7802      	ldrb	r2, [r0, #0]
200069ea:	780b      	ldrb	r3, [r1, #0]
200069ec:	3001      	adds	r0, #1
200069ee:	3101      	adds	r1, #1
200069f0:	2a00      	cmp	r2, #0
200069f2:	d001      	beq.n	200069f8 <strcmp+0x80>
200069f4:	429a      	cmp	r2, r3
200069f6:	d0ef      	beq.n	200069d8 <strcmp+0x60>
200069f8:	1ad0      	subs	r0, r2, r3
200069fa:	bd70      	pop	{r4, r5, r6, pc}
200069fc:	01010101 	.word	0x01010101

20006a00 <rshift>:
20006a00:	b5f0      	push	{r4, r5, r6, r7, lr}
20006a02:	46d6      	mov	lr, sl
20006a04:	464f      	mov	r7, r9
20006a06:	4646      	mov	r6, r8
20006a08:	6903      	ldr	r3, [r0, #16]
20006a0a:	b5c0      	push	{r6, r7, lr}
20006a0c:	000a      	movs	r2, r1
20006a0e:	469a      	mov	sl, r3
20006a10:	114f      	asrs	r7, r1, #5
20006a12:	42bb      	cmp	r3, r7
20006a14:	dc08      	bgt.n	20006a28 <rshift+0x28>
20006a16:	2300      	movs	r3, #0
20006a18:	6103      	str	r3, [r0, #16]
20006a1a:	2300      	movs	r3, #0
20006a1c:	6143      	str	r3, [r0, #20]
20006a1e:	bce0      	pop	{r5, r6, r7}
20006a20:	46ba      	mov	sl, r7
20006a22:	46b1      	mov	r9, r6
20006a24:	46a8      	mov	r8, r5
20006a26:	bdf0      	pop	{r4, r5, r6, r7, pc}
20006a28:	211f      	movs	r1, #31
20006a2a:	468c      	mov	ip, r1
20006a2c:	0006      	movs	r6, r0
20006a2e:	4664      	mov	r4, ip
20006a30:	3614      	adds	r6, #20
20006a32:	009d      	lsls	r5, r3, #2
20006a34:	00bb      	lsls	r3, r7, #2
20006a36:	1975      	adds	r5, r6, r5
20006a38:	18f3      	adds	r3, r6, r3
20006a3a:	4011      	ands	r1, r2
20006a3c:	4214      	tst	r4, r2
20006a3e:	d01f      	beq.n	20006a80 <rshift+0x80>
20006a40:	2220      	movs	r2, #32
20006a42:	1a52      	subs	r2, r2, r1
20006a44:	4694      	mov	ip, r2
20006a46:	cb04      	ldmia	r3!, {r2}
20006a48:	40ca      	lsrs	r2, r1
20006a4a:	4690      	mov	r8, r2
20006a4c:	429d      	cmp	r5, r3
20006a4e:	d928      	bls.n	20006aa2 <rshift+0xa2>
20006a50:	46b1      	mov	r9, r6
20006a52:	4664      	mov	r4, ip
20006a54:	681a      	ldr	r2, [r3, #0]
20006a56:	40a2      	lsls	r2, r4
20006a58:	4644      	mov	r4, r8
20006a5a:	4322      	orrs	r2, r4
20006a5c:	464c      	mov	r4, r9
20006a5e:	c404      	stmia	r4!, {r2}
20006a60:	cb04      	ldmia	r3!, {r2}
20006a62:	46a1      	mov	r9, r4
20006a64:	40ca      	lsrs	r2, r1
20006a66:	4690      	mov	r8, r2
20006a68:	429d      	cmp	r5, r3
20006a6a:	d8f2      	bhi.n	20006a52 <rshift+0x52>
20006a6c:	4653      	mov	r3, sl
20006a6e:	1bdc      	subs	r4, r3, r7
20006a70:	00a4      	lsls	r4, r4, #2
20006a72:	3c04      	subs	r4, #4
20006a74:	1934      	adds	r4, r6, r4
20006a76:	6022      	str	r2, [r4, #0]
20006a78:	2a00      	cmp	r2, #0
20006a7a:	d00c      	beq.n	20006a96 <rshift+0x96>
20006a7c:	3404      	adds	r4, #4
20006a7e:	e00a      	b.n	20006a96 <rshift+0x96>
20006a80:	0032      	movs	r2, r6
20006a82:	429d      	cmp	r5, r3
20006a84:	d9c7      	bls.n	20006a16 <rshift+0x16>
20006a86:	cb02      	ldmia	r3!, {r1}
20006a88:	c202      	stmia	r2!, {r1}
20006a8a:	429d      	cmp	r5, r3
20006a8c:	d8fb      	bhi.n	20006a86 <rshift+0x86>
20006a8e:	4653      	mov	r3, sl
20006a90:	1bdc      	subs	r4, r3, r7
20006a92:	00a4      	lsls	r4, r4, #2
20006a94:	1934      	adds	r4, r6, r4
20006a96:	1ba3      	subs	r3, r4, r6
20006a98:	109b      	asrs	r3, r3, #2
20006a9a:	6103      	str	r3, [r0, #16]
20006a9c:	42b4      	cmp	r4, r6
20006a9e:	d1be      	bne.n	20006a1e <rshift+0x1e>
20006aa0:	e7bb      	b.n	20006a1a <rshift+0x1a>
20006aa2:	6142      	str	r2, [r0, #20]
20006aa4:	2a00      	cmp	r2, #0
20006aa6:	d0b6      	beq.n	20006a16 <rshift+0x16>
20006aa8:	0034      	movs	r4, r6
20006aaa:	3404      	adds	r4, #4
20006aac:	e7f3      	b.n	20006a96 <rshift+0x96>
20006aae:	46c0      	nop			@ (mov r8, r8)

20006ab0 <__gethex>:
20006ab0:	b5f0      	push	{r4, r5, r6, r7, lr}
20006ab2:	46de      	mov	lr, fp
20006ab4:	4645      	mov	r5, r8
20006ab6:	4657      	mov	r7, sl
20006ab8:	464e      	mov	r6, r9
20006aba:	b5e0      	push	{r5, r6, r7, lr}
20006abc:	4688      	mov	r8, r1
20006abe:	6809      	ldr	r1, [r1, #0]
20006ac0:	4693      	mov	fp, r2
20006ac2:	788a      	ldrb	r2, [r1, #2]
20006ac4:	b087      	sub	sp, #28
20006ac6:	9003      	str	r0, [sp, #12]
20006ac8:	9305      	str	r3, [sp, #20]
20006aca:	2a30      	cmp	r2, #48	@ 0x30
20006acc:	d000      	beq.n	20006ad0 <__gethex+0x20>
20006ace:	e206      	b.n	20006ede <__gethex+0x42e>
20006ad0:	1ccb      	adds	r3, r1, #3
20006ad2:	001d      	movs	r5, r3
20006ad4:	3301      	adds	r3, #1
20006ad6:	1e5a      	subs	r2, r3, #1
20006ad8:	7812      	ldrb	r2, [r2, #0]
20006ada:	2a30      	cmp	r2, #48	@ 0x30
20006adc:	d0f9      	beq.n	20006ad2 <__gethex+0x22>
20006ade:	1a69      	subs	r1, r5, r1
20006ae0:	1e8b      	subs	r3, r1, #2
20006ae2:	469a      	mov	sl, r3
20006ae4:	4fc0      	ldr	r7, [pc, #768]	@ (20006de8 <__gethex+0x338>)
20006ae6:	5cbb      	ldrb	r3, [r7, r2]
20006ae8:	2b00      	cmp	r3, #0
20006aea:	d100      	bne.n	20006aee <__gethex+0x3e>
20006aec:	e100      	b.n	20006cf0 <__gethex+0x240>
20006aee:	2200      	movs	r2, #0
20006af0:	2400      	movs	r4, #0
20006af2:	782b      	ldrb	r3, [r5, #0]
20006af4:	4691      	mov	r9, r2
20006af6:	4abd      	ldr	r2, [pc, #756]	@ (20006dec <__gethex+0x33c>)
20006af8:	5cfb      	ldrb	r3, [r7, r3]
20006afa:	9202      	str	r2, [sp, #8]
20006afc:	2b00      	cmp	r3, #0
20006afe:	d100      	bne.n	20006b02 <__gethex+0x52>
20006b00:	e170      	b.n	20006de4 <__gethex+0x334>
20006b02:	002e      	movs	r6, r5
20006b04:	7873      	ldrb	r3, [r6, #1]
20006b06:	3601      	adds	r6, #1
20006b08:	5cfb      	ldrb	r3, [r7, r3]
20006b0a:	2b00      	cmp	r3, #0
20006b0c:	d1fa      	bne.n	20006b04 <__gethex+0x54>
20006b0e:	2201      	movs	r2, #1
20006b10:	0030      	movs	r0, r6
20006b12:	9902      	ldr	r1, [sp, #8]
20006b14:	f000 fac2 	bl	2000709c <strncmp>
20006b18:	9001      	str	r0, [sp, #4]
20006b1a:	2800      	cmp	r0, #0
20006b1c:	d052      	beq.n	20006bc4 <__gethex+0x114>
20006b1e:	2200      	movs	r2, #0
20006b20:	7833      	ldrb	r3, [r6, #0]
20006b22:	9201      	str	r2, [sp, #4]
20006b24:	2c00      	cmp	r4, #0
20006b26:	d002      	beq.n	20006b2e <__gethex+0x7e>
20006b28:	1ba4      	subs	r4, r4, r6
20006b2a:	00a2      	lsls	r2, r4, #2
20006b2c:	9201      	str	r2, [sp, #4]
20006b2e:	2220      	movs	r2, #32
20006b30:	0034      	movs	r4, r6
20006b32:	4393      	bics	r3, r2
20006b34:	2b50      	cmp	r3, #80	@ 0x50
20006b36:	d051      	beq.n	20006bdc <__gethex+0x12c>
20006b38:	4643      	mov	r3, r8
20006b3a:	601e      	str	r6, [r3, #0]
20006b3c:	464b      	mov	r3, r9
20006b3e:	2b00      	cmp	r3, #0
20006b40:	d17d      	bne.n	20006c3e <__gethex+0x18e>
20006b42:	1b63      	subs	r3, r4, r5
20006b44:	3b01      	subs	r3, #1
20006b46:	2100      	movs	r1, #0
20006b48:	2b07      	cmp	r3, #7
20006b4a:	dd03      	ble.n	20006b54 <__gethex+0xa4>
20006b4c:	3101      	adds	r1, #1
20006b4e:	105b      	asrs	r3, r3, #1
20006b50:	2b07      	cmp	r3, #7
20006b52:	dcfb      	bgt.n	20006b4c <__gethex+0x9c>
20006b54:	9803      	ldr	r0, [sp, #12]
20006b56:	f001 f9a5 	bl	20007ea4 <_Balloc>
20006b5a:	4682      	mov	sl, r0
20006b5c:	2800      	cmp	r0, #0
20006b5e:	d100      	bne.n	20006b62 <__gethex+0xb2>
20006b60:	e269      	b.n	20007036 <__gethex+0x586>
20006b62:	2314      	movs	r3, #20
20006b64:	4453      	add	r3, sl
20006b66:	9304      	str	r3, [sp, #16]
20006b68:	42ac      	cmp	r4, r5
20006b6a:	d800      	bhi.n	20006b6e <__gethex+0xbe>
20006b6c:	e1c6      	b.n	20006efc <__gethex+0x44c>
20006b6e:	4698      	mov	r8, r3
20006b70:	2300      	movs	r3, #0
20006b72:	4699      	mov	r9, r3
20006b74:	003b      	movs	r3, r7
20006b76:	2600      	movs	r6, #0
20006b78:	4647      	mov	r7, r8
20006b7a:	46a8      	mov	r8, r5
20006b7c:	464d      	mov	r5, r9
20006b7e:	4699      	mov	r9, r3
20006b80:	e00c      	b.n	20006b9c <__gethex+0xec>
20006b82:	2e20      	cmp	r6, #32
20006b84:	d019      	beq.n	20006bba <__gethex+0x10a>
20006b86:	0032      	movs	r2, r6
20006b88:	3604      	adds	r6, #4
20006b8a:	4649      	mov	r1, r9
20006b8c:	7823      	ldrb	r3, [r4, #0]
20006b8e:	5ccb      	ldrb	r3, [r1, r3]
20006b90:	210f      	movs	r1, #15
20006b92:	400b      	ands	r3, r1
20006b94:	4093      	lsls	r3, r2
20006b96:	431d      	orrs	r5, r3
20006b98:	4544      	cmp	r4, r8
20006b9a:	d05e      	beq.n	20006c5a <__gethex+0x1aa>
20006b9c:	3c01      	subs	r4, #1
20006b9e:	7823      	ldrb	r3, [r4, #0]
20006ba0:	2b2e      	cmp	r3, #46	@ 0x2e
20006ba2:	d1ee      	bne.n	20006b82 <__gethex+0xd2>
20006ba4:	4544      	cmp	r4, r8
20006ba6:	d3ec      	bcc.n	20006b82 <__gethex+0xd2>
20006ba8:	2201      	movs	r2, #1
20006baa:	0020      	movs	r0, r4
20006bac:	9902      	ldr	r1, [sp, #8]
20006bae:	f000 fa75 	bl	2000709c <strncmp>
20006bb2:	2800      	cmp	r0, #0
20006bb4:	d0f0      	beq.n	20006b98 <__gethex+0xe8>
20006bb6:	2e20      	cmp	r6, #32
20006bb8:	d1e5      	bne.n	20006b86 <__gethex+0xd6>
20006bba:	c720      	stmia	r7!, {r5}
20006bbc:	2200      	movs	r2, #0
20006bbe:	2604      	movs	r6, #4
20006bc0:	2500      	movs	r5, #0
20006bc2:	e7e2      	b.n	20006b8a <__gethex+0xda>
20006bc4:	2c00      	cmp	r4, #0
20006bc6:	d100      	bne.n	20006bca <__gethex+0x11a>
20006bc8:	e17c      	b.n	20006ec4 <__gethex+0x414>
20006bca:	2220      	movs	r2, #32
20006bcc:	1ba4      	subs	r4, r4, r6
20006bce:	00a3      	lsls	r3, r4, #2
20006bd0:	9301      	str	r3, [sp, #4]
20006bd2:	7833      	ldrb	r3, [r6, #0]
20006bd4:	0034      	movs	r4, r6
20006bd6:	4393      	bics	r3, r2
20006bd8:	2b50      	cmp	r3, #80	@ 0x50
20006bda:	d1ad      	bne.n	20006b38 <__gethex+0x88>
20006bdc:	7863      	ldrb	r3, [r4, #1]
20006bde:	2b2b      	cmp	r3, #43	@ 0x2b
20006be0:	d100      	bne.n	20006be4 <__gethex+0x134>
20006be2:	e15f      	b.n	20006ea4 <__gethex+0x3f4>
20006be4:	2b2d      	cmp	r3, #45	@ 0x2d
20006be6:	d000      	beq.n	20006bea <__gethex+0x13a>
20006be8:	e0dc      	b.n	20006da4 <__gethex+0x2f4>
20006bea:	2201      	movs	r2, #1
20006bec:	78a3      	ldrb	r3, [r4, #2]
20006bee:	1ca1      	adds	r1, r4, #2
20006bf0:	5cfb      	ldrb	r3, [r7, r3]
20006bf2:	0026      	movs	r6, r4
20006bf4:	1e58      	subs	r0, r3, #1
20006bf6:	2818      	cmp	r0, #24
20006bf8:	d89e      	bhi.n	20006b38 <__gethex+0x88>
20006bfa:	1c4e      	adds	r6, r1, #1
20006bfc:	7849      	ldrb	r1, [r1, #1]
20006bfe:	3b10      	subs	r3, #16
20006c00:	5c79      	ldrb	r1, [r7, r1]
20006c02:	0018      	movs	r0, r3
20006c04:	2900      	cmp	r1, #0
20006c06:	d10a      	bne.n	20006c1e <__gethex+0x16e>
20006c08:	e00c      	b.n	20006c24 <__gethex+0x174>
20006c0a:	0083      	lsls	r3, r0, #2
20006c0c:	181b      	adds	r3, r3, r0
20006c0e:	005b      	lsls	r3, r3, #1
20006c10:	3601      	adds	r6, #1
20006c12:	1858      	adds	r0, r3, r1
20006c14:	7833      	ldrb	r3, [r6, #0]
20006c16:	3810      	subs	r0, #16
20006c18:	5cf9      	ldrb	r1, [r7, r3]
20006c1a:	2900      	cmp	r1, #0
20006c1c:	d001      	beq.n	20006c22 <__gethex+0x172>
20006c1e:	2919      	cmp	r1, #25
20006c20:	ddf3      	ble.n	20006c0a <__gethex+0x15a>
20006c22:	0003      	movs	r3, r0
20006c24:	2a00      	cmp	r2, #0
20006c26:	d000      	beq.n	20006c2a <__gethex+0x17a>
20006c28:	425b      	negs	r3, r3
20006c2a:	9a01      	ldr	r2, [sp, #4]
20006c2c:	4694      	mov	ip, r2
20006c2e:	449c      	add	ip, r3
20006c30:	4663      	mov	r3, ip
20006c32:	9301      	str	r3, [sp, #4]
20006c34:	4643      	mov	r3, r8
20006c36:	601e      	str	r6, [r3, #0]
20006c38:	464b      	mov	r3, r9
20006c3a:	2b00      	cmp	r3, #0
20006c3c:	d081      	beq.n	20006b42 <__gethex+0x92>
20006c3e:	4653      	mov	r3, sl
20006c40:	425a      	negs	r2, r3
20006c42:	4153      	adcs	r3, r2
20006c44:	2406      	movs	r4, #6
20006c46:	425b      	negs	r3, r3
20006c48:	401c      	ands	r4, r3
20006c4a:	0020      	movs	r0, r4
20006c4c:	b007      	add	sp, #28
20006c4e:	bcf0      	pop	{r4, r5, r6, r7}
20006c50:	46bb      	mov	fp, r7
20006c52:	46b2      	mov	sl, r6
20006c54:	46a9      	mov	r9, r5
20006c56:	46a0      	mov	r8, r4
20006c58:	bdf0      	pop	{r4, r5, r6, r7, pc}
20006c5a:	46b8      	mov	r8, r7
20006c5c:	46a9      	mov	r9, r5
20006c5e:	4646      	mov	r6, r8
20006c60:	464b      	mov	r3, r9
20006c62:	c608      	stmia	r6!, {r3}
20006c64:	9b04      	ldr	r3, [sp, #16]
20006c66:	4648      	mov	r0, r9
20006c68:	1af6      	subs	r6, r6, r3
20006c6a:	4653      	mov	r3, sl
20006c6c:	10b6      	asrs	r6, r6, #2
20006c6e:	611e      	str	r6, [r3, #16]
20006c70:	f001 f9f6 	bl	20008060 <__hi0bits>
20006c74:	465b      	mov	r3, fp
20006c76:	681d      	ldr	r5, [r3, #0]
20006c78:	0176      	lsls	r6, r6, #5
20006c7a:	1a30      	subs	r0, r6, r0
20006c7c:	42a8      	cmp	r0, r5
20006c7e:	dc70      	bgt.n	20006d62 <__gethex+0x2b2>
20006c80:	2600      	movs	r6, #0
20006c82:	42a8      	cmp	r0, r5
20006c84:	da00      	bge.n	20006c88 <__gethex+0x1d8>
20006c86:	e10f      	b.n	20006ea8 <__gethex+0x3f8>
20006c88:	465b      	mov	r3, fp
20006c8a:	9a01      	ldr	r2, [sp, #4]
20006c8c:	689b      	ldr	r3, [r3, #8]
20006c8e:	4293      	cmp	r3, r2
20006c90:	da00      	bge.n	20006c94 <__gethex+0x1e4>
20006c92:	e128      	b.n	20006ee6 <__gethex+0x436>
20006c94:	465b      	mov	r3, fp
20006c96:	9a01      	ldr	r2, [sp, #4]
20006c98:	685b      	ldr	r3, [r3, #4]
20006c9a:	4293      	cmp	r3, r2
20006c9c:	dd46      	ble.n	20006d2c <__gethex+0x27c>
20006c9e:	1a9c      	subs	r4, r3, r2
20006ca0:	42a5      	cmp	r5, r4
20006ca2:	dd00      	ble.n	20006ca6 <__gethex+0x1f6>
20006ca4:	e081      	b.n	20006daa <__gethex+0x2fa>
20006ca6:	465a      	mov	r2, fp
20006ca8:	68d2      	ldr	r2, [r2, #12]
20006caa:	2a02      	cmp	r2, #2
20006cac:	d100      	bne.n	20006cb0 <__gethex+0x200>
20006cae:	e0ec      	b.n	20006e8a <__gethex+0x3da>
20006cb0:	2a03      	cmp	r2, #3
20006cb2:	d100      	bne.n	20006cb6 <__gethex+0x206>
20006cb4:	e13b      	b.n	20006f2e <__gethex+0x47e>
20006cb6:	2a01      	cmp	r2, #1
20006cb8:	d000      	beq.n	20006cbc <__gethex+0x20c>
20006cba:	e0ea      	b.n	20006e92 <__gethex+0x3e2>
20006cbc:	42a5      	cmp	r5, r4
20006cbe:	d000      	beq.n	20006cc2 <__gethex+0x212>
20006cc0:	e0e7      	b.n	20006e92 <__gethex+0x3e2>
20006cc2:	2d01      	cmp	r5, #1
20006cc4:	d008      	beq.n	20006cd8 <__gethex+0x228>
20006cc6:	4650      	mov	r0, sl
20006cc8:	1e69      	subs	r1, r5, #1
20006cca:	f001 fe51 	bl	20008970 <__any_on>
20006cce:	2800      	cmp	r0, #0
20006cd0:	d100      	bne.n	20006cd4 <__gethex+0x224>
20006cd2:	e0de      	b.n	20006e92 <__gethex+0x3e2>
20006cd4:	465b      	mov	r3, fp
20006cd6:	685b      	ldr	r3, [r3, #4]
20006cd8:	9a05      	ldr	r2, [sp, #20]
20006cda:	2462      	movs	r4, #98	@ 0x62
20006cdc:	6013      	str	r3, [r2, #0]
20006cde:	2301      	movs	r3, #1
20006ce0:	4652      	mov	r2, sl
20006ce2:	6113      	str	r3, [r2, #16]
20006ce4:	9a04      	ldr	r2, [sp, #16]
20006ce6:	6013      	str	r3, [r2, #0]
20006ce8:	4652      	mov	r2, sl
20006cea:	9b10      	ldr	r3, [sp, #64]	@ 0x40
20006cec:	601a      	str	r2, [r3, #0]
20006cee:	e7ac      	b.n	20006c4a <__gethex+0x19a>
20006cf0:	4b3e      	ldr	r3, [pc, #248]	@ (20006dec <__gethex+0x33c>)
20006cf2:	2201      	movs	r2, #1
20006cf4:	0019      	movs	r1, r3
20006cf6:	0028      	movs	r0, r5
20006cf8:	9302      	str	r3, [sp, #8]
20006cfa:	f000 f9cf 	bl	2000709c <strncmp>
20006cfe:	4681      	mov	r9, r0
20006d00:	2800      	cmp	r0, #0
20006d02:	d175      	bne.n	20006df0 <__gethex+0x340>
20006d04:	786b      	ldrb	r3, [r5, #1]
20006d06:	1c6c      	adds	r4, r5, #1
20006d08:	5cfa      	ldrb	r2, [r7, r3]
20006d0a:	2a00      	cmp	r2, #0
20006d0c:	d072      	beq.n	20006df4 <__gethex+0x344>
20006d0e:	0025      	movs	r5, r4
20006d10:	2b30      	cmp	r3, #48	@ 0x30
20006d12:	d000      	beq.n	20006d16 <__gethex+0x266>
20006d14:	e133      	b.n	20006f7e <__gethex+0x4ce>
20006d16:	786b      	ldrb	r3, [r5, #1]
20006d18:	3501      	adds	r5, #1
20006d1a:	2b30      	cmp	r3, #48	@ 0x30
20006d1c:	d0fb      	beq.n	20006d16 <__gethex+0x266>
20006d1e:	5cfb      	ldrb	r3, [r7, r3]
20006d20:	4259      	negs	r1, r3
20006d22:	4159      	adcs	r1, r3
20006d24:	2201      	movs	r2, #1
20006d26:	4689      	mov	r9, r1
20006d28:	4692      	mov	sl, r2
20006d2a:	e6e7      	b.n	20006afc <__gethex+0x4c>
20006d2c:	2401      	movs	r4, #1
20006d2e:	2e00      	cmp	r6, #0
20006d30:	d010      	beq.n	20006d54 <__gethex+0x2a4>
20006d32:	465b      	mov	r3, fp
20006d34:	68db      	ldr	r3, [r3, #12]
20006d36:	2b02      	cmp	r3, #2
20006d38:	d064      	beq.n	20006e04 <__gethex+0x354>
20006d3a:	2b03      	cmp	r3, #3
20006d3c:	d066      	beq.n	20006e0c <__gethex+0x35c>
20006d3e:	2b01      	cmp	r3, #1
20006d40:	d106      	bne.n	20006d50 <__gethex+0x2a0>
20006d42:	07b2      	lsls	r2, r6, #30
20006d44:	d504      	bpl.n	20006d50 <__gethex+0x2a0>
20006d46:	9a04      	ldr	r2, [sp, #16]
20006d48:	6812      	ldr	r2, [r2, #0]
20006d4a:	4316      	orrs	r6, r2
20006d4c:	4233      	tst	r3, r6
20006d4e:	d160      	bne.n	20006e12 <__gethex+0x362>
20006d50:	2310      	movs	r3, #16
20006d52:	431c      	orrs	r4, r3
20006d54:	4652      	mov	r2, sl
20006d56:	9b10      	ldr	r3, [sp, #64]	@ 0x40
20006d58:	601a      	str	r2, [r3, #0]
20006d5a:	9b05      	ldr	r3, [sp, #20]
20006d5c:	9a01      	ldr	r2, [sp, #4]
20006d5e:	601a      	str	r2, [r3, #0]
20006d60:	e773      	b.n	20006c4a <__gethex+0x19a>
20006d62:	1b44      	subs	r4, r0, r5
20006d64:	0021      	movs	r1, r4
20006d66:	4650      	mov	r0, sl
20006d68:	f001 fe02 	bl	20008970 <__any_on>
20006d6c:	1e06      	subs	r6, r0, #0
20006d6e:	d00f      	beq.n	20006d90 <__gethex+0x2e0>
20006d70:	211f      	movs	r1, #31
20006d72:	2301      	movs	r3, #1
20006d74:	1e60      	subs	r0, r4, #1
20006d76:	4001      	ands	r1, r0
20006d78:	408b      	lsls	r3, r1
20006d7a:	1142      	asrs	r2, r0, #5
20006d7c:	9904      	ldr	r1, [sp, #16]
20006d7e:	0092      	lsls	r2, r2, #2
20006d80:	588a      	ldr	r2, [r1, r2]
20006d82:	2601      	movs	r6, #1
20006d84:	421a      	tst	r2, r3
20006d86:	d003      	beq.n	20006d90 <__gethex+0x2e0>
20006d88:	2801      	cmp	r0, #1
20006d8a:	dd00      	ble.n	20006d8e <__gethex+0x2de>
20006d8c:	e0c1      	b.n	20006f12 <__gethex+0x462>
20006d8e:	2602      	movs	r6, #2
20006d90:	0021      	movs	r1, r4
20006d92:	4650      	mov	r0, sl
20006d94:	f7ff fe34 	bl	20006a00 <rshift>
20006d98:	9b01      	ldr	r3, [sp, #4]
20006d9a:	469c      	mov	ip, r3
20006d9c:	44a4      	add	ip, r4
20006d9e:	4663      	mov	r3, ip
20006da0:	9301      	str	r3, [sp, #4]
20006da2:	e771      	b.n	20006c88 <__gethex+0x1d8>
20006da4:	2200      	movs	r2, #0
20006da6:	1c61      	adds	r1, r4, #1
20006da8:	e722      	b.n	20006bf0 <__gethex+0x140>
20006daa:	1e67      	subs	r7, r4, #1
20006dac:	2e00      	cmp	r6, #0
20006dae:	d000      	beq.n	20006db2 <__gethex+0x302>
20006db0:	e0a2      	b.n	20006ef8 <__gethex+0x448>
20006db2:	2f00      	cmp	r7, #0
20006db4:	d000      	beq.n	20006db8 <__gethex+0x308>
20006db6:	e0a6      	b.n	20006f06 <__gethex+0x456>
20006db8:	211f      	movs	r1, #31
20006dba:	2301      	movs	r3, #1
20006dbc:	4039      	ands	r1, r7
20006dbe:	408b      	lsls	r3, r1
20006dc0:	117a      	asrs	r2, r7, #5
20006dc2:	9904      	ldr	r1, [sp, #16]
20006dc4:	0092      	lsls	r2, r2, #2
20006dc6:	588a      	ldr	r2, [r1, r2]
20006dc8:	421a      	tst	r2, r3
20006dca:	d001      	beq.n	20006dd0 <__gethex+0x320>
20006dcc:	2302      	movs	r3, #2
20006dce:	431e      	orrs	r6, r3
20006dd0:	0021      	movs	r1, r4
20006dd2:	4650      	mov	r0, sl
20006dd4:	f7ff fe14 	bl	20006a00 <rshift>
20006dd8:	465b      	mov	r3, fp
20006dda:	685b      	ldr	r3, [r3, #4]
20006ddc:	1b2d      	subs	r5, r5, r4
20006dde:	9301      	str	r3, [sp, #4]
20006de0:	2402      	movs	r4, #2
20006de2:	e7a4      	b.n	20006d2e <__gethex+0x27e>
20006de4:	002e      	movs	r6, r5
20006de6:	e692      	b.n	20006b0e <__gethex+0x5e>
20006de8:	20009f18 	.word	0x20009f18
20006dec:	20009894 	.word	0x20009894
20006df0:	002c      	movs	r4, r5
20006df2:	782b      	ldrb	r3, [r5, #0]
20006df4:	2220      	movs	r2, #32
20006df6:	4393      	bics	r3, r2
20006df8:	2b50      	cmp	r3, #80	@ 0x50
20006dfa:	d100      	bne.n	20006dfe <__gethex+0x34e>
20006dfc:	e092      	b.n	20006f24 <__gethex+0x474>
20006dfe:	4643      	mov	r3, r8
20006e00:	601c      	str	r4, [r3, #0]
20006e02:	e71c      	b.n	20006c3e <__gethex+0x18e>
20006e04:	2301      	movs	r3, #1
20006e06:	9a11      	ldr	r2, [sp, #68]	@ 0x44
20006e08:	1a9b      	subs	r3, r3, r2
20006e0a:	9311      	str	r3, [sp, #68]	@ 0x44
20006e0c:	9b11      	ldr	r3, [sp, #68]	@ 0x44
20006e0e:	2b00      	cmp	r3, #0
20006e10:	d09e      	beq.n	20006d50 <__gethex+0x2a0>
20006e12:	4653      	mov	r3, sl
20006e14:	691f      	ldr	r7, [r3, #16]
20006e16:	9b04      	ldr	r3, [sp, #16]
20006e18:	00ba      	lsls	r2, r7, #2
20006e1a:	4691      	mov	r9, r2
20006e1c:	0018      	movs	r0, r3
20006e1e:	4698      	mov	r8, r3
20006e20:	2100      	movs	r1, #0
20006e22:	4448      	add	r0, r9
20006e24:	e003      	b.n	20006e2e <__gethex+0x37e>
20006e26:	c302      	stmia	r3!, {r1}
20006e28:	4298      	cmp	r0, r3
20006e2a:	d800      	bhi.n	20006e2e <__gethex+0x37e>
20006e2c:	e083      	b.n	20006f36 <__gethex+0x486>
20006e2e:	681a      	ldr	r2, [r3, #0]
20006e30:	1c56      	adds	r6, r2, #1
20006e32:	d0f8      	beq.n	20006e26 <__gethex+0x376>
20006e34:	3201      	adds	r2, #1
20006e36:	601a      	str	r2, [r3, #0]
20006e38:	2c02      	cmp	r4, #2
20006e3a:	d100      	bne.n	20006e3e <__gethex+0x38e>
20006e3c:	e08b      	b.n	20006f56 <__gethex+0x4a6>
20006e3e:	231f      	movs	r3, #31
20006e40:	001e      	movs	r6, r3
20006e42:	2421      	movs	r4, #33	@ 0x21
20006e44:	402e      	ands	r6, r5
20006e46:	422b      	tst	r3, r5
20006e48:	d100      	bne.n	20006e4c <__gethex+0x39c>
20006e4a:	e783      	b.n	20006d54 <__gethex+0x2a4>
20006e4c:	464b      	mov	r3, r9
20006e4e:	4443      	add	r3, r8
20006e50:	3b04      	subs	r3, #4
20006e52:	6818      	ldr	r0, [r3, #0]
20006e54:	f001 f904 	bl	20008060 <__hi0bits>
20006e58:	2320      	movs	r3, #32
20006e5a:	1b9b      	subs	r3, r3, r6
20006e5c:	4298      	cmp	r0, r3
20006e5e:	db00      	blt.n	20006e62 <__gethex+0x3b2>
20006e60:	e778      	b.n	20006d54 <__gethex+0x2a4>
20006e62:	4653      	mov	r3, sl
20006e64:	691b      	ldr	r3, [r3, #16]
20006e66:	2b00      	cmp	r3, #0
20006e68:	dd00      	ble.n	20006e6c <__gethex+0x3bc>
20006e6a:	e0b2      	b.n	20006fd2 <__gethex+0x522>
20006e6c:	2300      	movs	r3, #0
20006e6e:	4652      	mov	r2, sl
20006e70:	6113      	str	r3, [r2, #16]
20006e72:	2300      	movs	r3, #0
20006e74:	4652      	mov	r2, sl
20006e76:	6153      	str	r3, [r2, #20]
20006e78:	465b      	mov	r3, fp
20006e7a:	9a01      	ldr	r2, [sp, #4]
20006e7c:	689b      	ldr	r3, [r3, #8]
20006e7e:	3201      	adds	r2, #1
20006e80:	9201      	str	r2, [sp, #4]
20006e82:	4293      	cmp	r3, r2
20006e84:	db2f      	blt.n	20006ee6 <__gethex+0x436>
20006e86:	2421      	movs	r4, #33	@ 0x21
20006e88:	e764      	b.n	20006d54 <__gethex+0x2a4>
20006e8a:	9a11      	ldr	r2, [sp, #68]	@ 0x44
20006e8c:	2a00      	cmp	r2, #0
20006e8e:	d100      	bne.n	20006e92 <__gethex+0x3e2>
20006e90:	e722      	b.n	20006cd8 <__gethex+0x228>
20006e92:	4651      	mov	r1, sl
20006e94:	9803      	ldr	r0, [sp, #12]
20006e96:	f001 f82d 	bl	20007ef4 <_Bfree>
20006e9a:	2300      	movs	r3, #0
20006e9c:	9a10      	ldr	r2, [sp, #64]	@ 0x40
20006e9e:	2450      	movs	r4, #80	@ 0x50
20006ea0:	6013      	str	r3, [r2, #0]
20006ea2:	e6d2      	b.n	20006c4a <__gethex+0x19a>
20006ea4:	2200      	movs	r2, #0
20006ea6:	e6a1      	b.n	20006bec <__gethex+0x13c>
20006ea8:	1a2c      	subs	r4, r5, r0
20006eaa:	4651      	mov	r1, sl
20006eac:	0022      	movs	r2, r4
20006eae:	9803      	ldr	r0, [sp, #12]
20006eb0:	f001 fa98 	bl	200083e4 <__lshift>
20006eb4:	9b01      	ldr	r3, [sp, #4]
20006eb6:	4682      	mov	sl, r0
20006eb8:	1b1b      	subs	r3, r3, r4
20006eba:	9301      	str	r3, [sp, #4]
20006ebc:	2314      	movs	r3, #20
20006ebe:	4453      	add	r3, sl
20006ec0:	9304      	str	r3, [sp, #16]
20006ec2:	e6e1      	b.n	20006c88 <__gethex+0x1d8>
20006ec4:	7873      	ldrb	r3, [r6, #1]
20006ec6:	1c74      	adds	r4, r6, #1
20006ec8:	5cfa      	ldrb	r2, [r7, r3]
20006eca:	0026      	movs	r6, r4
20006ecc:	2a00      	cmp	r2, #0
20006ece:	d100      	bne.n	20006ed2 <__gethex+0x422>
20006ed0:	e62d      	b.n	20006b2e <__gethex+0x7e>
20006ed2:	7873      	ldrb	r3, [r6, #1]
20006ed4:	3601      	adds	r6, #1
20006ed6:	5cfa      	ldrb	r2, [r7, r3]
20006ed8:	2a00      	cmp	r2, #0
20006eda:	d1fa      	bne.n	20006ed2 <__gethex+0x422>
20006edc:	e624      	b.n	20006b28 <__gethex+0x78>
20006ede:	2300      	movs	r3, #0
20006ee0:	1c8d      	adds	r5, r1, #2
20006ee2:	469a      	mov	sl, r3
20006ee4:	e5fe      	b.n	20006ae4 <__gethex+0x34>
20006ee6:	4651      	mov	r1, sl
20006ee8:	9803      	ldr	r0, [sp, #12]
20006eea:	f001 f803 	bl	20007ef4 <_Bfree>
20006eee:	2300      	movs	r3, #0
20006ef0:	9a10      	ldr	r2, [sp, #64]	@ 0x40
20006ef2:	24a3      	movs	r4, #163	@ 0xa3
20006ef4:	6013      	str	r3, [r2, #0]
20006ef6:	e6a8      	b.n	20006c4a <__gethex+0x19a>
20006ef8:	2601      	movs	r6, #1
20006efa:	e75d      	b.n	20006db8 <__gethex+0x308>
20006efc:	9b04      	ldr	r3, [sp, #16]
20006efe:	4698      	mov	r8, r3
20006f00:	2300      	movs	r3, #0
20006f02:	4699      	mov	r9, r3
20006f04:	e6ab      	b.n	20006c5e <__gethex+0x1ae>
20006f06:	0039      	movs	r1, r7
20006f08:	4650      	mov	r0, sl
20006f0a:	f001 fd31 	bl	20008970 <__any_on>
20006f0e:	0006      	movs	r6, r0
20006f10:	e752      	b.n	20006db8 <__gethex+0x308>
20006f12:	4650      	mov	r0, sl
20006f14:	1ea1      	subs	r1, r4, #2
20006f16:	f001 fd2b 	bl	20008970 <__any_on>
20006f1a:	2800      	cmp	r0, #0
20006f1c:	d100      	bne.n	20006f20 <__gethex+0x470>
20006f1e:	e736      	b.n	20006d8e <__gethex+0x2de>
20006f20:	2603      	movs	r6, #3
20006f22:	e735      	b.n	20006d90 <__gethex+0x2e0>
20006f24:	2300      	movs	r3, #0
20006f26:	9301      	str	r3, [sp, #4]
20006f28:	3301      	adds	r3, #1
20006f2a:	4699      	mov	r9, r3
20006f2c:	e656      	b.n	20006bdc <__gethex+0x12c>
20006f2e:	9a11      	ldr	r2, [sp, #68]	@ 0x44
20006f30:	2a00      	cmp	r2, #0
20006f32:	d0ae      	beq.n	20006e92 <__gethex+0x3e2>
20006f34:	e6d0      	b.n	20006cd8 <__gethex+0x228>
20006f36:	4653      	mov	r3, sl
20006f38:	689b      	ldr	r3, [r3, #8]
20006f3a:	429f      	cmp	r7, r3
20006f3c:	da22      	bge.n	20006f84 <__gethex+0x4d4>
20006f3e:	4652      	mov	r2, sl
20006f40:	2101      	movs	r1, #1
20006f42:	1c7b      	adds	r3, r7, #1
20006f44:	3704      	adds	r7, #4
20006f46:	6113      	str	r3, [r2, #16]
20006f48:	00ba      	lsls	r2, r7, #2
20006f4a:	4452      	add	r2, sl
20006f4c:	6051      	str	r1, [r2, #4]
20006f4e:	9a04      	ldr	r2, [sp, #16]
20006f50:	4690      	mov	r8, r2
20006f52:	2c02      	cmp	r4, #2
20006f54:	d187      	bne.n	20006e66 <__gethex+0x3b6>
20006f56:	465b      	mov	r3, fp
20006f58:	681b      	ldr	r3, [r3, #0]
20006f5a:	2422      	movs	r4, #34	@ 0x22
20006f5c:	3b01      	subs	r3, #1
20006f5e:	42ab      	cmp	r3, r5
20006f60:	d000      	beq.n	20006f64 <__gethex+0x4b4>
20006f62:	e6f7      	b.n	20006d54 <__gethex+0x2a4>
20006f64:	211f      	movs	r1, #31
20006f66:	2301      	movs	r3, #1
20006f68:	4029      	ands	r1, r5
20006f6a:	408b      	lsls	r3, r1
20006f6c:	4641      	mov	r1, r8
20006f6e:	116a      	asrs	r2, r5, #5
20006f70:	0092      	lsls	r2, r2, #2
20006f72:	5854      	ldr	r4, [r2, r1]
20006f74:	401c      	ands	r4, r3
20006f76:	4263      	negs	r3, r4
20006f78:	415c      	adcs	r4, r3
20006f7a:	3421      	adds	r4, #33	@ 0x21
20006f7c:	e6ea      	b.n	20006d54 <__gethex+0x2a4>
20006f7e:	2301      	movs	r3, #1
20006f80:	469a      	mov	sl, r3
20006f82:	e5be      	b.n	20006b02 <__gethex+0x52>
20006f84:	4653      	mov	r3, sl
20006f86:	6859      	ldr	r1, [r3, #4]
20006f88:	9803      	ldr	r0, [sp, #12]
20006f8a:	3101      	adds	r1, #1
20006f8c:	f000 ff8a 	bl	20007ea4 <_Balloc>
20006f90:	1e06      	subs	r6, r0, #0
20006f92:	d056      	beq.n	20007042 <__gethex+0x592>
20006f94:	4653      	mov	r3, sl
20006f96:	4651      	mov	r1, sl
20006f98:	691a      	ldr	r2, [r3, #16]
20006f9a:	310c      	adds	r1, #12
20006f9c:	3202      	adds	r2, #2
20006f9e:	0092      	lsls	r2, r2, #2
20006fa0:	300c      	adds	r0, #12
20006fa2:	f7fc fddb 	bl	20003b5c <__wrap___aeabi_memcpy>
20006fa6:	4651      	mov	r1, sl
20006fa8:	9803      	ldr	r0, [sp, #12]
20006faa:	f000 ffa3 	bl	20007ef4 <_Bfree>
20006fae:	2101      	movs	r1, #1
20006fb0:	6932      	ldr	r2, [r6, #16]
20006fb2:	46b2      	mov	sl, r6
20006fb4:	1c53      	adds	r3, r2, #1
20006fb6:	3204      	adds	r2, #4
20006fb8:	0092      	lsls	r2, r2, #2
20006fba:	18b2      	adds	r2, r6, r2
20006fbc:	6133      	str	r3, [r6, #16]
20006fbe:	6051      	str	r1, [r2, #4]
20006fc0:	2214      	movs	r2, #20
20006fc2:	4690      	mov	r8, r2
20006fc4:	44b0      	add	r8, r6
20006fc6:	2c02      	cmp	r4, #2
20006fc8:	d0c5      	beq.n	20006f56 <__gethex+0x4a6>
20006fca:	429f      	cmp	r7, r3
20006fcc:	db00      	blt.n	20006fd0 <__gethex+0x520>
20006fce:	e736      	b.n	20006e3e <__gethex+0x38e>
20006fd0:	e749      	b.n	20006e66 <__gethex+0x3b6>
20006fd2:	009b      	lsls	r3, r3, #2
20006fd4:	4443      	add	r3, r8
20006fd6:	001a      	movs	r2, r3
20006fd8:	4653      	mov	r3, sl
20006fda:	4650      	mov	r0, sl
20006fdc:	695b      	ldr	r3, [r3, #20]
20006fde:	3018      	adds	r0, #24
20006fe0:	085b      	lsrs	r3, r3, #1
20006fe2:	4282      	cmp	r2, r0
20006fe4:	d91d      	bls.n	20007022 <__gethex+0x572>
20006fe6:	4644      	mov	r4, r8
20006fe8:	0019      	movs	r1, r3
20006fea:	6803      	ldr	r3, [r0, #0]
20006fec:	07db      	lsls	r3, r3, #31
20006fee:	430b      	orrs	r3, r1
20006ff0:	c408      	stmia	r4!, {r3}
20006ff2:	c802      	ldmia	r0!, {r1}
20006ff4:	0849      	lsrs	r1, r1, #1
20006ff6:	4282      	cmp	r2, r0
20006ff8:	d8f7      	bhi.n	20006fea <__gethex+0x53a>
20006ffa:	000b      	movs	r3, r1
20006ffc:	4651      	mov	r1, sl
20006ffe:	1a52      	subs	r2, r2, r1
20007000:	3a19      	subs	r2, #25
20007002:	0892      	lsrs	r2, r2, #2
20007004:	3201      	adds	r2, #1
20007006:	0092      	lsls	r2, r2, #2
20007008:	4442      	add	r2, r8
2000700a:	6013      	str	r3, [r2, #0]
2000700c:	2b00      	cmp	r3, #0
2000700e:	d10d      	bne.n	2000702c <__gethex+0x57c>
20007010:	4643      	mov	r3, r8
20007012:	4651      	mov	r1, sl
20007014:	1ad3      	subs	r3, r2, r3
20007016:	109b      	asrs	r3, r3, #2
20007018:	610b      	str	r3, [r1, #16]
2000701a:	4542      	cmp	r2, r8
2000701c:	d000      	beq.n	20007020 <__gethex+0x570>
2000701e:	e72b      	b.n	20006e78 <__gethex+0x3c8>
20007020:	e727      	b.n	20006e72 <__gethex+0x3c2>
20007022:	4642      	mov	r2, r8
20007024:	6013      	str	r3, [r2, #0]
20007026:	2b00      	cmp	r3, #0
20007028:	d002      	beq.n	20007030 <__gethex+0x580>
2000702a:	4642      	mov	r2, r8
2000702c:	3204      	adds	r2, #4
2000702e:	e7ef      	b.n	20007010 <__gethex+0x560>
20007030:	4652      	mov	r2, sl
20007032:	6113      	str	r3, [r2, #16]
20007034:	e71d      	b.n	20006e72 <__gethex+0x3c2>
20007036:	2200      	movs	r2, #0
20007038:	21e4      	movs	r1, #228	@ 0xe4
2000703a:	4b05      	ldr	r3, [pc, #20]	@ (20007050 <__gethex+0x5a0>)
2000703c:	4805      	ldr	r0, [pc, #20]	@ (20007054 <__gethex+0x5a4>)
2000703e:	f7fe f97d 	bl	2000533c <__assert_func>
20007042:	2200      	movs	r2, #0
20007044:	2184      	movs	r1, #132	@ 0x84
20007046:	4b02      	ldr	r3, [pc, #8]	@ (20007050 <__gethex+0x5a0>)
20007048:	4802      	ldr	r0, [pc, #8]	@ (20007054 <__gethex+0x5a4>)
2000704a:	f7fe f977 	bl	2000533c <__assert_func>
2000704e:	46c0      	nop			@ (mov r8, r8)
20007050:	200098b0 	.word	0x200098b0
20007054:	200098c4 	.word	0x200098c4

20007058 <_mbtowc_r>:
20007058:	b530      	push	{r4, r5, lr}
2000705a:	b083      	sub	sp, #12
2000705c:	9d06      	ldr	r5, [sp, #24]
2000705e:	4c03      	ldr	r4, [pc, #12]	@ (2000706c <_mbtowc_r+0x14>)
20007060:	9500      	str	r5, [sp, #0]
20007062:	25e4      	movs	r5, #228	@ 0xe4
20007064:	5964      	ldr	r4, [r4, r5]
20007066:	47a0      	blx	r4
20007068:	b003      	add	sp, #12
2000706a:	bd30      	pop	{r4, r5, pc}
2000706c:	2000a2a0 	.word	0x2000a2a0

20007070 <__ascii_mbtowc>:
20007070:	b082      	sub	sp, #8
20007072:	2900      	cmp	r1, #0
20007074:	d00a      	beq.n	2000708c <__ascii_mbtowc+0x1c>
20007076:	2a00      	cmp	r2, #0
20007078:	d00b      	beq.n	20007092 <__ascii_mbtowc+0x22>
2000707a:	2b00      	cmp	r3, #0
2000707c:	d00b      	beq.n	20007096 <__ascii_mbtowc+0x26>
2000707e:	7813      	ldrb	r3, [r2, #0]
20007080:	600b      	str	r3, [r1, #0]
20007082:	7810      	ldrb	r0, [r2, #0]
20007084:	1e43      	subs	r3, r0, #1
20007086:	4198      	sbcs	r0, r3
20007088:	b002      	add	sp, #8
2000708a:	4770      	bx	lr
2000708c:	a901      	add	r1, sp, #4
2000708e:	2a00      	cmp	r2, #0
20007090:	d1f3      	bne.n	2000707a <__ascii_mbtowc+0xa>
20007092:	2000      	movs	r0, #0
20007094:	e7f8      	b.n	20007088 <__ascii_mbtowc+0x18>
20007096:	2002      	movs	r0, #2
20007098:	4240      	negs	r0, r0
2000709a:	e7f5      	b.n	20007088 <__ascii_mbtowc+0x18>

2000709c <strncmp>:
2000709c:	b530      	push	{r4, r5, lr}
2000709e:	2a00      	cmp	r2, #0
200070a0:	d026      	beq.n	200070f0 <strncmp+0x54>
200070a2:	0003      	movs	r3, r0
200070a4:	430b      	orrs	r3, r1
200070a6:	079b      	lsls	r3, r3, #30
200070a8:	d124      	bne.n	200070f4 <strncmp+0x58>
200070aa:	2a03      	cmp	r2, #3
200070ac:	d922      	bls.n	200070f4 <strncmp+0x58>
200070ae:	4d16      	ldr	r5, [pc, #88]	@ (20007108 <strncmp+0x6c>)
200070b0:	e00b      	b.n	200070ca <strncmp+0x2e>
200070b2:	3a04      	subs	r2, #4
200070b4:	2a00      	cmp	r2, #0
200070b6:	d01b      	beq.n	200070f0 <strncmp+0x54>
200070b8:	4c14      	ldr	r4, [pc, #80]	@ (2000710c <strncmp+0x70>)
200070ba:	191c      	adds	r4, r3, r4
200070bc:	439c      	bics	r4, r3
200070be:	422c      	tst	r4, r5
200070c0:	d116      	bne.n	200070f0 <strncmp+0x54>
200070c2:	3004      	adds	r0, #4
200070c4:	3104      	adds	r1, #4
200070c6:	2a03      	cmp	r2, #3
200070c8:	d914      	bls.n	200070f4 <strncmp+0x58>
200070ca:	6803      	ldr	r3, [r0, #0]
200070cc:	680c      	ldr	r4, [r1, #0]
200070ce:	42a3      	cmp	r3, r4
200070d0:	d0ef      	beq.n	200070b2 <strncmp+0x16>
200070d2:	7804      	ldrb	r4, [r0, #0]
200070d4:	780d      	ldrb	r5, [r1, #0]
200070d6:	42a5      	cmp	r5, r4
200070d8:	d113      	bne.n	20007102 <strncmp+0x66>
200070da:	2301      	movs	r3, #1
200070dc:	e006      	b.n	200070ec <strncmp+0x50>
200070de:	5cc4      	ldrb	r4, [r0, r3]
200070e0:	5ccd      	ldrb	r5, [r1, r3]
200070e2:	42ac      	cmp	r4, r5
200070e4:	d10d      	bne.n	20007102 <strncmp+0x66>
200070e6:	3301      	adds	r3, #1
200070e8:	429a      	cmp	r2, r3
200070ea:	d001      	beq.n	200070f0 <strncmp+0x54>
200070ec:	2c00      	cmp	r4, #0
200070ee:	d1f6      	bne.n	200070de <strncmp+0x42>
200070f0:	2000      	movs	r0, #0
200070f2:	bd30      	pop	{r4, r5, pc}
200070f4:	7804      	ldrb	r4, [r0, #0]
200070f6:	780d      	ldrb	r5, [r1, #0]
200070f8:	42ac      	cmp	r4, r5
200070fa:	d102      	bne.n	20007102 <strncmp+0x66>
200070fc:	2a01      	cmp	r2, #1
200070fe:	d1ec      	bne.n	200070da <strncmp+0x3e>
20007100:	e7f6      	b.n	200070f0 <strncmp+0x54>
20007102:	1b60      	subs	r0, r4, r5
20007104:	e7f5      	b.n	200070f2 <strncmp+0x56>
20007106:	46c0      	nop			@ (mov r8, r8)
20007108:	80808080 	.word	0x80808080
2000710c:	fefefeff 	.word	0xfefefeff

20007110 <__errno>:
20007110:	4b01      	ldr	r3, [pc, #4]	@ (20007118 <__errno+0x8>)
20007112:	6818      	ldr	r0, [r3, #0]
20007114:	4770      	bx	lr
20007116:	46c0      	nop			@ (mov r8, r8)
20007118:	2000a410 	.word	0x2000a410

2000711c <_calloc_r>:
2000711c:	b570      	push	{r4, r5, r6, lr}
2000711e:	0c0b      	lsrs	r3, r1, #16
20007120:	2400      	movs	r4, #0
20007122:	0c15      	lsrs	r5, r2, #16
20007124:	2b00      	cmp	r3, #0
20007126:	d128      	bne.n	2000717a <_calloc_r+0x5e>
20007128:	2d00      	cmp	r5, #0
2000712a:	d13c      	bne.n	200071a6 <_calloc_r+0x8a>
2000712c:	b28b      	uxth	r3, r1
2000712e:	b291      	uxth	r1, r2
20007130:	4359      	muls	r1, r3
20007132:	f000 f847 	bl	200071c4 <_malloc_r>
20007136:	1e05      	subs	r5, r0, #0
20007138:	d033      	beq.n	200071a2 <_calloc_r+0x86>
2000713a:	0003      	movs	r3, r0
2000713c:	3b08      	subs	r3, #8
2000713e:	685a      	ldr	r2, [r3, #4]
20007140:	2303      	movs	r3, #3
20007142:	439a      	bics	r2, r3
20007144:	3a04      	subs	r2, #4
20007146:	2a24      	cmp	r2, #36	@ 0x24
20007148:	d812      	bhi.n	20007170 <_calloc_r+0x54>
2000714a:	0003      	movs	r3, r0
2000714c:	2a13      	cmp	r2, #19
2000714e:	d90a      	bls.n	20007166 <_calloc_r+0x4a>
20007150:	6004      	str	r4, [r0, #0]
20007152:	6044      	str	r4, [r0, #4]
20007154:	3308      	adds	r3, #8
20007156:	2a1b      	cmp	r2, #27
20007158:	d905      	bls.n	20007166 <_calloc_r+0x4a>
2000715a:	6084      	str	r4, [r0, #8]
2000715c:	60c4      	str	r4, [r0, #12]
2000715e:	2a24      	cmp	r2, #36	@ 0x24
20007160:	d02a      	beq.n	200071b8 <_calloc_r+0x9c>
20007162:	0003      	movs	r3, r0
20007164:	3310      	adds	r3, #16
20007166:	2200      	movs	r2, #0
20007168:	601a      	str	r2, [r3, #0]
2000716a:	605a      	str	r2, [r3, #4]
2000716c:	609a      	str	r2, [r3, #8]
2000716e:	e002      	b.n	20007176 <_calloc_r+0x5a>
20007170:	2100      	movs	r1, #0
20007172:	f7fc fced 	bl	20003b50 <__wrap_memset>
20007176:	0028      	movs	r0, r5
20007178:	bd70      	pop	{r4, r5, r6, pc}
2000717a:	2d00      	cmp	r5, #0
2000717c:	d116      	bne.n	200071ac <_calloc_r+0x90>
2000717e:	1c15      	adds	r5, r2, #0
20007180:	b289      	uxth	r1, r1
20007182:	b292      	uxth	r2, r2
20007184:	434a      	muls	r2, r1
20007186:	b2ad      	uxth	r5, r5
20007188:	b29b      	uxth	r3, r3
2000718a:	436b      	muls	r3, r5
2000718c:	0c11      	lsrs	r1, r2, #16
2000718e:	185b      	adds	r3, r3, r1
20007190:	0c19      	lsrs	r1, r3, #16
20007192:	d10b      	bne.n	200071ac <_calloc_r+0x90>
20007194:	0419      	lsls	r1, r3, #16
20007196:	b292      	uxth	r2, r2
20007198:	4311      	orrs	r1, r2
2000719a:	f000 f813 	bl	200071c4 <_malloc_r>
2000719e:	1e05      	subs	r5, r0, #0
200071a0:	d1cb      	bne.n	2000713a <_calloc_r+0x1e>
200071a2:	2500      	movs	r5, #0
200071a4:	e7e7      	b.n	20007176 <_calloc_r+0x5a>
200071a6:	1c2b      	adds	r3, r5, #0
200071a8:	1c0d      	adds	r5, r1, #0
200071aa:	e7e9      	b.n	20007180 <_calloc_r+0x64>
200071ac:	f7ff ffb0 	bl	20007110 <__errno>
200071b0:	230c      	movs	r3, #12
200071b2:	2500      	movs	r5, #0
200071b4:	6003      	str	r3, [r0, #0]
200071b6:	e7de      	b.n	20007176 <_calloc_r+0x5a>
200071b8:	0003      	movs	r3, r0
200071ba:	6104      	str	r4, [r0, #16]
200071bc:	3318      	adds	r3, #24
200071be:	6144      	str	r4, [r0, #20]
200071c0:	e7d1      	b.n	20007166 <_calloc_r+0x4a>
200071c2:	46c0      	nop			@ (mov r8, r8)

200071c4 <_malloc_r>:
200071c4:	b5f0      	push	{r4, r5, r6, r7, lr}
200071c6:	464e      	mov	r6, r9
200071c8:	4645      	mov	r5, r8
200071ca:	46de      	mov	lr, fp
200071cc:	4657      	mov	r7, sl
200071ce:	b5e0      	push	{r5, r6, r7, lr}
200071d0:	000d      	movs	r5, r1
200071d2:	350b      	adds	r5, #11
200071d4:	0006      	movs	r6, r0
200071d6:	b085      	sub	sp, #20
200071d8:	2d16      	cmp	r5, #22
200071da:	d827      	bhi.n	2000722c <_malloc_r+0x68>
200071dc:	2910      	cmp	r1, #16
200071de:	d900      	bls.n	200071e2 <_malloc_r+0x1e>
200071e0:	e0da      	b.n	20007398 <_malloc_r+0x1d4>
200071e2:	f000 fcf9 	bl	20007bd8 <__malloc_lock>
200071e6:	2510      	movs	r5, #16
200071e8:	2318      	movs	r3, #24
200071ea:	2102      	movs	r1, #2
200071ec:	4fc8      	ldr	r7, [pc, #800]	@ (20007510 <_malloc_r+0x34c>)
200071ee:	18fb      	adds	r3, r7, r3
200071f0:	001a      	movs	r2, r3
200071f2:	685c      	ldr	r4, [r3, #4]
200071f4:	3a08      	subs	r2, #8
200071f6:	4294      	cmp	r4, r2
200071f8:	d100      	bne.n	200071fc <_malloc_r+0x38>
200071fa:	e147      	b.n	2000748c <_malloc_r+0x2c8>
200071fc:	2203      	movs	r2, #3
200071fe:	6863      	ldr	r3, [r4, #4]
20007200:	68a1      	ldr	r1, [r4, #8]
20007202:	4393      	bics	r3, r2
20007204:	68e2      	ldr	r2, [r4, #12]
20007206:	60ca      	str	r2, [r1, #12]
20007208:	6091      	str	r1, [r2, #8]
2000720a:	2101      	movs	r1, #1
2000720c:	18e3      	adds	r3, r4, r3
2000720e:	685a      	ldr	r2, [r3, #4]
20007210:	0030      	movs	r0, r6
20007212:	430a      	orrs	r2, r1
20007214:	605a      	str	r2, [r3, #4]
20007216:	f000 fce1 	bl	20007bdc <__malloc_unlock>
2000721a:	0020      	movs	r0, r4
2000721c:	3008      	adds	r0, #8
2000721e:	b005      	add	sp, #20
20007220:	bcf0      	pop	{r4, r5, r6, r7}
20007222:	46bb      	mov	fp, r7
20007224:	46b2      	mov	sl, r6
20007226:	46a9      	mov	r9, r5
20007228:	46a0      	mov	r8, r4
2000722a:	bdf0      	pop	{r4, r5, r6, r7, pc}
2000722c:	2307      	movs	r3, #7
2000722e:	439d      	bics	r5, r3
20007230:	d500      	bpl.n	20007234 <_malloc_r+0x70>
20007232:	e0b1      	b.n	20007398 <_malloc_r+0x1d4>
20007234:	42a9      	cmp	r1, r5
20007236:	d900      	bls.n	2000723a <_malloc_r+0x76>
20007238:	e0ae      	b.n	20007398 <_malloc_r+0x1d4>
2000723a:	f000 fccd 	bl	20007bd8 <__malloc_lock>
2000723e:	23fc      	movs	r3, #252	@ 0xfc
20007240:	005b      	lsls	r3, r3, #1
20007242:	429d      	cmp	r5, r3
20007244:	d200      	bcs.n	20007248 <_malloc_r+0x84>
20007246:	e196      	b.n	20007576 <_malloc_r+0x3b2>
20007248:	0a69      	lsrs	r1, r5, #9
2000724a:	d100      	bne.n	2000724e <_malloc_r+0x8a>
2000724c:	e0a8      	b.n	200073a0 <_malloc_r+0x1dc>
2000724e:	2904      	cmp	r1, #4
20007250:	d900      	bls.n	20007254 <_malloc_r+0x90>
20007252:	e150      	b.n	200074f6 <_malloc_r+0x332>
20007254:	2338      	movs	r3, #56	@ 0x38
20007256:	4698      	mov	r8, r3
20007258:	09a9      	lsrs	r1, r5, #6
2000725a:	4488      	add	r8, r1
2000725c:	3139      	adds	r1, #57	@ 0x39
2000725e:	00cb      	lsls	r3, r1, #3
20007260:	2208      	movs	r2, #8
20007262:	4252      	negs	r2, r2
20007264:	4694      	mov	ip, r2
20007266:	4faa      	ldr	r7, [pc, #680]	@ (20007510 <_malloc_r+0x34c>)
20007268:	18fb      	adds	r3, r7, r3
2000726a:	449c      	add	ip, r3
2000726c:	4663      	mov	r3, ip
2000726e:	68dc      	ldr	r4, [r3, #12]
20007270:	45a4      	cmp	ip, r4
20007272:	d014      	beq.n	2000729e <_malloc_r+0xda>
20007274:	2303      	movs	r3, #3
20007276:	4699      	mov	r9, r3
20007278:	000b      	movs	r3, r1
2000727a:	4661      	mov	r1, ip
2000727c:	469c      	mov	ip, r3
2000727e:	e007      	b.n	20007290 <_malloc_r+0xcc>
20007280:	68e0      	ldr	r0, [r4, #12]
20007282:	2a00      	cmp	r2, #0
20007284:	db00      	blt.n	20007288 <_malloc_r+0xc4>
20007286:	e0fb      	b.n	20007480 <_malloc_r+0x2bc>
20007288:	4281      	cmp	r1, r0
2000728a:	d100      	bne.n	2000728e <_malloc_r+0xca>
2000728c:	e0fc      	b.n	20007488 <_malloc_r+0x2c4>
2000728e:	0004      	movs	r4, r0
20007290:	464a      	mov	r2, r9
20007292:	6863      	ldr	r3, [r4, #4]
20007294:	4393      	bics	r3, r2
20007296:	1b5a      	subs	r2, r3, r5
20007298:	2a0f      	cmp	r2, #15
2000729a:	ddf1      	ble.n	20007280 <_malloc_r+0xbc>
2000729c:	4641      	mov	r1, r8
2000729e:	003a      	movs	r2, r7
200072a0:	693c      	ldr	r4, [r7, #16]
200072a2:	3208      	adds	r2, #8
200072a4:	4294      	cmp	r4, r2
200072a6:	d100      	bne.n	200072aa <_malloc_r+0xe6>
200072a8:	e0d9      	b.n	2000745e <_malloc_r+0x29a>
200072aa:	2003      	movs	r0, #3
200072ac:	6863      	ldr	r3, [r4, #4]
200072ae:	4383      	bics	r3, r0
200072b0:	1b58      	subs	r0, r3, r5
200072b2:	280f      	cmp	r0, #15
200072b4:	dd00      	ble.n	200072b8 <_malloc_r+0xf4>
200072b6:	e162      	b.n	2000757e <_malloc_r+0x3ba>
200072b8:	613a      	str	r2, [r7, #16]
200072ba:	617a      	str	r2, [r7, #20]
200072bc:	2800      	cmp	r0, #0
200072be:	daa4      	bge.n	2000720a <_malloc_r+0x46>
200072c0:	687a      	ldr	r2, [r7, #4]
200072c2:	4690      	mov	r8, r2
200072c4:	2280      	movs	r2, #128	@ 0x80
200072c6:	0092      	lsls	r2, r2, #2
200072c8:	4293      	cmp	r3, r2
200072ca:	d300      	bcc.n	200072ce <_malloc_r+0x10a>
200072cc:	e0e4      	b.n	20007498 <_malloc_r+0x2d4>
200072ce:	08da      	lsrs	r2, r3, #3
200072d0:	0958      	lsrs	r0, r3, #5
200072d2:	2301      	movs	r3, #1
200072d4:	4083      	lsls	r3, r0
200072d6:	4640      	mov	r0, r8
200072d8:	4318      	orrs	r0, r3
200072da:	4680      	mov	r8, r0
200072dc:	00d3      	lsls	r3, r2, #3
200072de:	19db      	adds	r3, r3, r7
200072e0:	689a      	ldr	r2, [r3, #8]
200072e2:	6078      	str	r0, [r7, #4]
200072e4:	60e3      	str	r3, [r4, #12]
200072e6:	60a2      	str	r2, [r4, #8]
200072e8:	609c      	str	r4, [r3, #8]
200072ea:	60d4      	str	r4, [r2, #12]
200072ec:	2001      	movs	r0, #1
200072ee:	108b      	asrs	r3, r1, #2
200072f0:	4098      	lsls	r0, r3
200072f2:	4540      	cmp	r0, r8
200072f4:	d85c      	bhi.n	200073b0 <_malloc_r+0x1ec>
200072f6:	4643      	mov	r3, r8
200072f8:	4203      	tst	r3, r0
200072fa:	d10a      	bne.n	20007312 <_malloc_r+0x14e>
200072fc:	2303      	movs	r3, #3
200072fe:	4399      	bics	r1, r3
20007300:	4643      	mov	r3, r8
20007302:	0040      	lsls	r0, r0, #1
20007304:	3104      	adds	r1, #4
20007306:	4203      	tst	r3, r0
20007308:	d103      	bne.n	20007312 <_malloc_r+0x14e>
2000730a:	0040      	lsls	r0, r0, #1
2000730c:	3104      	adds	r1, #4
2000730e:	4203      	tst	r3, r0
20007310:	d0fb      	beq.n	2000730a <_malloc_r+0x146>
20007312:	2303      	movs	r3, #3
20007314:	46b3      	mov	fp, r6
20007316:	469c      	mov	ip, r3
20007318:	000e      	movs	r6, r1
2000731a:	46b8      	mov	r8, r7
2000731c:	9001      	str	r0, [sp, #4]
2000731e:	00f0      	lsls	r0, r6, #3
20007320:	4440      	add	r0, r8
20007322:	0001      	movs	r1, r0
20007324:	46b2      	mov	sl, r6
20007326:	68cb      	ldr	r3, [r1, #12]
20007328:	e00b      	b.n	20007342 <_malloc_r+0x17e>
2000732a:	4664      	mov	r4, ip
2000732c:	685a      	ldr	r2, [r3, #4]
2000732e:	001f      	movs	r7, r3
20007330:	43a2      	bics	r2, r4
20007332:	68db      	ldr	r3, [r3, #12]
20007334:	1b54      	subs	r4, r2, r5
20007336:	2c0f      	cmp	r4, #15
20007338:	dd00      	ble.n	2000733c <_malloc_r+0x178>
2000733a:	e0ef      	b.n	2000751c <_malloc_r+0x358>
2000733c:	2c00      	cmp	r4, #0
2000733e:	db00      	blt.n	20007342 <_malloc_r+0x17e>
20007340:	e109      	b.n	20007556 <_malloc_r+0x392>
20007342:	4299      	cmp	r1, r3
20007344:	d1f1      	bne.n	2000732a <_malloc_r+0x166>
20007346:	2301      	movs	r3, #1
20007348:	4699      	mov	r9, r3
2000734a:	44ca      	add	sl, r9
2000734c:	4653      	mov	r3, sl
2000734e:	3108      	adds	r1, #8
20007350:	079b      	lsls	r3, r3, #30
20007352:	d1e8      	bne.n	20007326 <_malloc_r+0x162>
20007354:	2203      	movs	r2, #3
20007356:	e005      	b.n	20007364 <_malloc_r+0x1a0>
20007358:	6803      	ldr	r3, [r0, #0]
2000735a:	3808      	subs	r0, #8
2000735c:	3e01      	subs	r6, #1
2000735e:	4283      	cmp	r3, r0
20007360:	d000      	beq.n	20007364 <_malloc_r+0x1a0>
20007362:	e203      	b.n	2000776c <_malloc_r+0x5a8>
20007364:	4232      	tst	r2, r6
20007366:	d1f7      	bne.n	20007358 <_malloc_r+0x194>
20007368:	4643      	mov	r3, r8
2000736a:	9a01      	ldr	r2, [sp, #4]
2000736c:	685b      	ldr	r3, [r3, #4]
2000736e:	4393      	bics	r3, r2
20007370:	4642      	mov	r2, r8
20007372:	6053      	str	r3, [r2, #4]
20007374:	9a01      	ldr	r2, [sp, #4]
20007376:	0052      	lsls	r2, r2, #1
20007378:	9201      	str	r2, [sp, #4]
2000737a:	429a      	cmp	r2, r3
2000737c:	d816      	bhi.n	200073ac <_malloc_r+0x1e8>
2000737e:	2a00      	cmp	r2, #0
20007380:	d106      	bne.n	20007390 <_malloc_r+0x1cc>
20007382:	e013      	b.n	200073ac <_malloc_r+0x1e8>
20007384:	2204      	movs	r2, #4
20007386:	4691      	mov	r9, r2
20007388:	9a01      	ldr	r2, [sp, #4]
2000738a:	44ca      	add	sl, r9
2000738c:	0052      	lsls	r2, r2, #1
2000738e:	9201      	str	r2, [sp, #4]
20007390:	4213      	tst	r3, r2
20007392:	d0f7      	beq.n	20007384 <_malloc_r+0x1c0>
20007394:	4656      	mov	r6, sl
20007396:	e7c2      	b.n	2000731e <_malloc_r+0x15a>
20007398:	230c      	movs	r3, #12
2000739a:	2000      	movs	r0, #0
2000739c:	6033      	str	r3, [r6, #0]
2000739e:	e73e      	b.n	2000721e <_malloc_r+0x5a>
200073a0:	2380      	movs	r3, #128	@ 0x80
200073a2:	223f      	movs	r2, #63	@ 0x3f
200073a4:	2140      	movs	r1, #64	@ 0x40
200073a6:	4690      	mov	r8, r2
200073a8:	009b      	lsls	r3, r3, #2
200073aa:	e759      	b.n	20007260 <_malloc_r+0x9c>
200073ac:	465e      	mov	r6, fp
200073ae:	4647      	mov	r7, r8
200073b0:	2203      	movs	r2, #3
200073b2:	68bc      	ldr	r4, [r7, #8]
200073b4:	6863      	ldr	r3, [r4, #4]
200073b6:	4393      	bics	r3, r2
200073b8:	469a      	mov	sl, r3
200073ba:	42ab      	cmp	r3, r5
200073bc:	d302      	bcc.n	200073c4 <_malloc_r+0x200>
200073be:	1b5a      	subs	r2, r3, r5
200073c0:	2a0f      	cmp	r2, #15
200073c2:	dc4f      	bgt.n	20007464 <_malloc_r+0x2a0>
200073c4:	0023      	movs	r3, r4
200073c6:	4453      	add	r3, sl
200073c8:	9302      	str	r3, [sp, #8]
200073ca:	4b52      	ldr	r3, [pc, #328]	@ (20007514 <_malloc_r+0x350>)
200073cc:	2008      	movs	r0, #8
200073ce:	4699      	mov	r9, r3
200073d0:	681b      	ldr	r3, [r3, #0]
200073d2:	3310      	adds	r3, #16
200073d4:	195b      	adds	r3, r3, r5
200073d6:	9301      	str	r3, [sp, #4]
200073d8:	f000 fbf0 	bl	20007bbc <sysconf>
200073dc:	494e      	ldr	r1, [pc, #312]	@ (20007518 <_malloc_r+0x354>)
200073de:	9003      	str	r0, [sp, #12]
200073e0:	680b      	ldr	r3, [r1, #0]
200073e2:	468b      	mov	fp, r1
200073e4:	3301      	adds	r3, #1
200073e6:	d006      	beq.n	200073f6 <_malloc_r+0x232>
200073e8:	4684      	mov	ip, r0
200073ea:	9b01      	ldr	r3, [sp, #4]
200073ec:	4242      	negs	r2, r0
200073ee:	3b01      	subs	r3, #1
200073f0:	4463      	add	r3, ip
200073f2:	4013      	ands	r3, r2
200073f4:	9301      	str	r3, [sp, #4]
200073f6:	0030      	movs	r0, r6
200073f8:	9901      	ldr	r1, [sp, #4]
200073fa:	f000 fc1f 	bl	20007c3c <_sbrk_r>
200073fe:	0003      	movs	r3, r0
20007400:	4680      	mov	r8, r0
20007402:	3301      	adds	r3, #1
20007404:	d100      	bne.n	20007408 <_malloc_r+0x244>
20007406:	e0d8      	b.n	200075ba <_malloc_r+0x3f6>
20007408:	9b02      	ldr	r3, [sp, #8]
2000740a:	4283      	cmp	r3, r0
2000740c:	d900      	bls.n	20007410 <_malloc_r+0x24c>
2000740e:	e0d2      	b.n	200075b6 <_malloc_r+0x3f2>
20007410:	464b      	mov	r3, r9
20007412:	9901      	ldr	r1, [sp, #4]
20007414:	685a      	ldr	r2, [r3, #4]
20007416:	468c      	mov	ip, r1
20007418:	4462      	add	r2, ip
2000741a:	9903      	ldr	r1, [sp, #12]
2000741c:	605a      	str	r2, [r3, #4]
2000741e:	9b02      	ldr	r3, [sp, #8]
20007420:	0010      	movs	r0, r2
20007422:	3901      	subs	r1, #1
20007424:	4543      	cmp	r3, r8
20007426:	d000      	beq.n	2000742a <_malloc_r+0x266>
20007428:	e0e5      	b.n	200075f6 <_malloc_r+0x432>
2000742a:	4643      	mov	r3, r8
2000742c:	420b      	tst	r3, r1
2000742e:	d000      	beq.n	20007432 <_malloc_r+0x26e>
20007430:	e0e1      	b.n	200075f6 <_malloc_r+0x432>
20007432:	68bb      	ldr	r3, [r7, #8]
20007434:	2101      	movs	r1, #1
20007436:	4698      	mov	r8, r3
20007438:	4663      	mov	r3, ip
2000743a:	4453      	add	r3, sl
2000743c:	430b      	orrs	r3, r1
2000743e:	4641      	mov	r1, r8
20007440:	604b      	str	r3, [r1, #4]
20007442:	4649      	mov	r1, r9
20007444:	6ac9      	ldr	r1, [r1, #44]	@ 0x2c
20007446:	4291      	cmp	r1, r2
20007448:	d201      	bcs.n	2000744e <_malloc_r+0x28a>
2000744a:	4649      	mov	r1, r9
2000744c:	62ca      	str	r2, [r1, #44]	@ 0x2c
2000744e:	4649      	mov	r1, r9
20007450:	6b09      	ldr	r1, [r1, #48]	@ 0x30
20007452:	4291      	cmp	r1, r2
20007454:	d201      	bcs.n	2000745a <_malloc_r+0x296>
20007456:	4649      	mov	r1, r9
20007458:	630a      	str	r2, [r1, #48]	@ 0x30
2000745a:	4644      	mov	r4, r8
2000745c:	e0af      	b.n	200075be <_malloc_r+0x3fa>
2000745e:	687b      	ldr	r3, [r7, #4]
20007460:	4698      	mov	r8, r3
20007462:	e743      	b.n	200072ec <_malloc_r+0x128>
20007464:	2301      	movs	r3, #1
20007466:	0029      	movs	r1, r5
20007468:	431a      	orrs	r2, r3
2000746a:	4319      	orrs	r1, r3
2000746c:	1965      	adds	r5, r4, r5
2000746e:	6061      	str	r1, [r4, #4]
20007470:	0030      	movs	r0, r6
20007472:	60bd      	str	r5, [r7, #8]
20007474:	606a      	str	r2, [r5, #4]
20007476:	f000 fbb1 	bl	20007bdc <__malloc_unlock>
2000747a:	0020      	movs	r0, r4
2000747c:	3008      	adds	r0, #8
2000747e:	e6ce      	b.n	2000721e <_malloc_r+0x5a>
20007480:	68a2      	ldr	r2, [r4, #8]
20007482:	60d0      	str	r0, [r2, #12]
20007484:	6082      	str	r2, [r0, #8]
20007486:	e6c0      	b.n	2000720a <_malloc_r+0x46>
20007488:	4661      	mov	r1, ip
2000748a:	e708      	b.n	2000729e <_malloc_r+0xda>
2000748c:	68dc      	ldr	r4, [r3, #12]
2000748e:	3102      	adds	r1, #2
20007490:	42a3      	cmp	r3, r4
20007492:	d100      	bne.n	20007496 <_malloc_r+0x2d2>
20007494:	e703      	b.n	2000729e <_malloc_r+0xda>
20007496:	e6b1      	b.n	200071fc <_malloc_r+0x38>
20007498:	0a5a      	lsrs	r2, r3, #9
2000749a:	2a04      	cmp	r2, #4
2000749c:	d800      	bhi.n	200074a0 <_malloc_r+0x2dc>
2000749e:	e083      	b.n	200075a8 <_malloc_r+0x3e4>
200074a0:	2a14      	cmp	r2, #20
200074a2:	d900      	bls.n	200074a6 <_malloc_r+0x2e2>
200074a4:	e108      	b.n	200076b8 <_malloc_r+0x4f4>
200074a6:	0010      	movs	r0, r2
200074a8:	305b      	adds	r0, #91	@ 0x5b
200074aa:	4682      	mov	sl, r0
200074ac:	325c      	adds	r2, #92	@ 0x5c
200074ae:	00d2      	lsls	r2, r2, #3
200074b0:	2008      	movs	r0, #8
200074b2:	4240      	negs	r0, r0
200074b4:	4684      	mov	ip, r0
200074b6:	18ba      	adds	r2, r7, r2
200074b8:	4494      	add	ip, r2
200074ba:	4662      	mov	r2, ip
200074bc:	6892      	ldr	r2, [r2, #8]
200074be:	300b      	adds	r0, #11
200074c0:	4681      	mov	r9, r0
200074c2:	4594      	cmp	ip, r2
200074c4:	d100      	bne.n	200074c8 <_malloc_r+0x304>
200074c6:	e0df      	b.n	20007688 <_malloc_r+0x4c4>
200074c8:	0008      	movs	r0, r1
200074ca:	46a2      	mov	sl, r4
200074cc:	4661      	mov	r1, ip
200074ce:	4684      	mov	ip, r0
200074d0:	e002      	b.n	200074d8 <_malloc_r+0x314>
200074d2:	6892      	ldr	r2, [r2, #8]
200074d4:	4291      	cmp	r1, r2
200074d6:	d004      	beq.n	200074e2 <_malloc_r+0x31e>
200074d8:	464c      	mov	r4, r9
200074da:	6850      	ldr	r0, [r2, #4]
200074dc:	43a0      	bics	r0, r4
200074de:	4298      	cmp	r0, r3
200074e0:	d8f7      	bhi.n	200074d2 <_malloc_r+0x30e>
200074e2:	68d3      	ldr	r3, [r2, #12]
200074e4:	4661      	mov	r1, ip
200074e6:	4654      	mov	r4, sl
200074e8:	469c      	mov	ip, r3
200074ea:	4663      	mov	r3, ip
200074ec:	60a2      	str	r2, [r4, #8]
200074ee:	60e3      	str	r3, [r4, #12]
200074f0:	609c      	str	r4, [r3, #8]
200074f2:	60d4      	str	r4, [r2, #12]
200074f4:	e6fa      	b.n	200072ec <_malloc_r+0x128>
200074f6:	2914      	cmp	r1, #20
200074f8:	d96e      	bls.n	200075d8 <_malloc_r+0x414>
200074fa:	2954      	cmp	r1, #84	@ 0x54
200074fc:	d900      	bls.n	20007500 <_malloc_r+0x33c>
200074fe:	e0e4      	b.n	200076ca <_malloc_r+0x506>
20007500:	236e      	movs	r3, #110	@ 0x6e
20007502:	4698      	mov	r8, r3
20007504:	0b29      	lsrs	r1, r5, #12
20007506:	4488      	add	r8, r1
20007508:	316f      	adds	r1, #111	@ 0x6f
2000750a:	00cb      	lsls	r3, r1, #3
2000750c:	e6a8      	b.n	20007260 <_malloc_r+0x9c>
2000750e:	46c0      	nop			@ (mov r8, r8)
20007510:	2000a540 	.word	0x2000a540
20007514:	2000ad10 	.word	0x2000ad10
20007518:	2000a538 	.word	0x2000a538
2000751c:	46ba      	mov	sl, r7
2000751e:	2001      	movs	r0, #1
20007520:	4651      	mov	r1, sl
20007522:	4684      	mov	ip, r0
20007524:	1949      	adds	r1, r1, r5
20007526:	4305      	orrs	r5, r0
20007528:	4650      	mov	r0, sl
2000752a:	6045      	str	r5, [r0, #4]
2000752c:	6885      	ldr	r5, [r0, #8]
2000752e:	4647      	mov	r7, r8
20007530:	4660      	mov	r0, ip
20007532:	60eb      	str	r3, [r5, #12]
20007534:	465e      	mov	r6, fp
20007536:	609d      	str	r5, [r3, #8]
20007538:	4653      	mov	r3, sl
2000753a:	6139      	str	r1, [r7, #16]
2000753c:	6179      	str	r1, [r7, #20]
2000753e:	4320      	orrs	r0, r4
20007540:	3708      	adds	r7, #8
20007542:	6048      	str	r0, [r1, #4]
20007544:	60cf      	str	r7, [r1, #12]
20007546:	0030      	movs	r0, r6
20007548:	608f      	str	r7, [r1, #8]
2000754a:	509c      	str	r4, [r3, r2]
2000754c:	f000 fb46 	bl	20007bdc <__malloc_unlock>
20007550:	4650      	mov	r0, sl
20007552:	3008      	adds	r0, #8
20007554:	e663      	b.n	2000721e <_malloc_r+0x5a>
20007556:	46ba      	mov	sl, r7
20007558:	2001      	movs	r0, #1
2000755a:	465e      	mov	r6, fp
2000755c:	4452      	add	r2, sl
2000755e:	6851      	ldr	r1, [r2, #4]
20007560:	4301      	orrs	r1, r0
20007562:	6051      	str	r1, [r2, #4]
20007564:	68ba      	ldr	r2, [r7, #8]
20007566:	0030      	movs	r0, r6
20007568:	60d3      	str	r3, [r2, #12]
2000756a:	609a      	str	r2, [r3, #8]
2000756c:	f000 fb36 	bl	20007bdc <__malloc_unlock>
20007570:	0038      	movs	r0, r7
20007572:	3008      	adds	r0, #8
20007574:	e653      	b.n	2000721e <_malloc_r+0x5a>
20007576:	002b      	movs	r3, r5
20007578:	08e9      	lsrs	r1, r5, #3
2000757a:	3308      	adds	r3, #8
2000757c:	e636      	b.n	200071ec <_malloc_r+0x28>
2000757e:	1961      	adds	r1, r4, r5
20007580:	4688      	mov	r8, r1
20007582:	2101      	movs	r1, #1
20007584:	468c      	mov	ip, r1
20007586:	430d      	orrs	r5, r1
20007588:	4641      	mov	r1, r8
2000758a:	6065      	str	r5, [r4, #4]
2000758c:	6139      	str	r1, [r7, #16]
2000758e:	6179      	str	r1, [r7, #20]
20007590:	60ca      	str	r2, [r1, #12]
20007592:	608a      	str	r2, [r1, #8]
20007594:	4662      	mov	r2, ip
20007596:	4302      	orrs	r2, r0
20007598:	604a      	str	r2, [r1, #4]
2000759a:	50e0      	str	r0, [r4, r3]
2000759c:	0030      	movs	r0, r6
2000759e:	f000 fb1d 	bl	20007bdc <__malloc_unlock>
200075a2:	0020      	movs	r0, r4
200075a4:	3008      	adds	r0, #8
200075a6:	e63a      	b.n	2000721e <_malloc_r+0x5a>
200075a8:	099a      	lsrs	r2, r3, #6
200075aa:	0010      	movs	r0, r2
200075ac:	3239      	adds	r2, #57	@ 0x39
200075ae:	3038      	adds	r0, #56	@ 0x38
200075b0:	4682      	mov	sl, r0
200075b2:	00d2      	lsls	r2, r2, #3
200075b4:	e77c      	b.n	200074b0 <_malloc_r+0x2ec>
200075b6:	42bc      	cmp	r4, r7
200075b8:	d014      	beq.n	200075e4 <_malloc_r+0x420>
200075ba:	68bc      	ldr	r4, [r7, #8]
200075bc:	6863      	ldr	r3, [r4, #4]
200075be:	2203      	movs	r2, #3
200075c0:	4393      	bics	r3, r2
200075c2:	1b5a      	subs	r2, r3, r5
200075c4:	42ab      	cmp	r3, r5
200075c6:	d302      	bcc.n	200075ce <_malloc_r+0x40a>
200075c8:	2a0f      	cmp	r2, #15
200075ca:	dd00      	ble.n	200075ce <_malloc_r+0x40a>
200075cc:	e74a      	b.n	20007464 <_malloc_r+0x2a0>
200075ce:	0030      	movs	r0, r6
200075d0:	f000 fb04 	bl	20007bdc <__malloc_unlock>
200075d4:	2000      	movs	r0, #0
200075d6:	e622      	b.n	2000721e <_malloc_r+0x5a>
200075d8:	235b      	movs	r3, #91	@ 0x5b
200075da:	4698      	mov	r8, r3
200075dc:	4488      	add	r8, r1
200075de:	315c      	adds	r1, #92	@ 0x5c
200075e0:	00cb      	lsls	r3, r1, #3
200075e2:	e63d      	b.n	20007260 <_malloc_r+0x9c>
200075e4:	464b      	mov	r3, r9
200075e6:	6858      	ldr	r0, [r3, #4]
200075e8:	9b01      	ldr	r3, [sp, #4]
200075ea:	469c      	mov	ip, r3
200075ec:	464b      	mov	r3, r9
200075ee:	4460      	add	r0, ip
200075f0:	6058      	str	r0, [r3, #4]
200075f2:	9b03      	ldr	r3, [sp, #12]
200075f4:	1e59      	subs	r1, r3, #1
200075f6:	465b      	mov	r3, fp
200075f8:	681b      	ldr	r3, [r3, #0]
200075fa:	3301      	adds	r3, #1
200075fc:	d070      	beq.n	200076e0 <_malloc_r+0x51c>
200075fe:	4643      	mov	r3, r8
20007600:	9a02      	ldr	r2, [sp, #8]
20007602:	1a9b      	subs	r3, r3, r2
20007604:	464a      	mov	r2, r9
20007606:	181b      	adds	r3, r3, r0
20007608:	6053      	str	r3, [r2, #4]
2000760a:	2307      	movs	r3, #7
2000760c:	4642      	mov	r2, r8
2000760e:	4640      	mov	r0, r8
20007610:	401a      	ands	r2, r3
20007612:	9202      	str	r2, [sp, #8]
20007614:	4218      	tst	r0, r3
20007616:	d040      	beq.n	2000769a <_malloc_r+0x4d6>
20007618:	9803      	ldr	r0, [sp, #12]
2000761a:	3301      	adds	r3, #1
2000761c:	4684      	mov	ip, r0
2000761e:	1a9b      	subs	r3, r3, r2
20007620:	9a01      	ldr	r2, [sp, #4]
20007622:	4498      	add	r8, r3
20007624:	4442      	add	r2, r8
20007626:	9201      	str	r2, [sp, #4]
20007628:	4463      	add	r3, ip
2000762a:	400a      	ands	r2, r1
2000762c:	1a9b      	subs	r3, r3, r2
2000762e:	4019      	ands	r1, r3
20007630:	0030      	movs	r0, r6
20007632:	468b      	mov	fp, r1
20007634:	f000 fb02 	bl	20007c3c <_sbrk_r>
20007638:	1c43      	adds	r3, r0, #1
2000763a:	d077      	beq.n	2000772c <_malloc_r+0x568>
2000763c:	4643      	mov	r3, r8
2000763e:	1ac0      	subs	r0, r0, r3
20007640:	0003      	movs	r3, r0
20007642:	445b      	add	r3, fp
20007644:	9301      	str	r3, [sp, #4]
20007646:	464b      	mov	r3, r9
20007648:	685a      	ldr	r2, [r3, #4]
2000764a:	2001      	movs	r0, #1
2000764c:	445a      	add	r2, fp
2000764e:	605a      	str	r2, [r3, #4]
20007650:	4643      	mov	r3, r8
20007652:	4641      	mov	r1, r8
20007654:	60bb      	str	r3, [r7, #8]
20007656:	9b01      	ldr	r3, [sp, #4]
20007658:	4303      	orrs	r3, r0
2000765a:	604b      	str	r3, [r1, #4]
2000765c:	42bc      	cmp	r4, r7
2000765e:	d100      	bne.n	20007662 <_malloc_r+0x49e>
20007660:	e6ef      	b.n	20007442 <_malloc_r+0x27e>
20007662:	4653      	mov	r3, sl
20007664:	2b0f      	cmp	r3, #15
20007666:	d93f      	bls.n	200076e8 <_malloc_r+0x524>
20007668:	2107      	movs	r1, #7
2000766a:	3b0c      	subs	r3, #12
2000766c:	438b      	bics	r3, r1
2000766e:	6861      	ldr	r1, [r4, #4]
20007670:	4001      	ands	r1, r0
20007672:	2005      	movs	r0, #5
20007674:	4319      	orrs	r1, r3
20007676:	6061      	str	r1, [r4, #4]
20007678:	18e1      	adds	r1, r4, r3
2000767a:	6048      	str	r0, [r1, #4]
2000767c:	6088      	str	r0, [r1, #8]
2000767e:	2b0f      	cmp	r3, #15
20007680:	d849      	bhi.n	20007716 <_malloc_r+0x552>
20007682:	4643      	mov	r3, r8
20007684:	685b      	ldr	r3, [r3, #4]
20007686:	e6dc      	b.n	20007442 <_malloc_r+0x27e>
20007688:	4653      	mov	r3, sl
2000768a:	1098      	asrs	r0, r3, #2
2000768c:	2301      	movs	r3, #1
2000768e:	4083      	lsls	r3, r0
20007690:	4640      	mov	r0, r8
20007692:	4318      	orrs	r0, r3
20007694:	4680      	mov	r8, r0
20007696:	6078      	str	r0, [r7, #4]
20007698:	e727      	b.n	200074ea <_malloc_r+0x326>
2000769a:	9b01      	ldr	r3, [sp, #4]
2000769c:	9a03      	ldr	r2, [sp, #12]
2000769e:	4443      	add	r3, r8
200076a0:	400b      	ands	r3, r1
200076a2:	1ad3      	subs	r3, r2, r3
200076a4:	4019      	ands	r1, r3
200076a6:	0030      	movs	r0, r6
200076a8:	468b      	mov	fp, r1
200076aa:	f000 fac7 	bl	20007c3c <_sbrk_r>
200076ae:	1c43      	adds	r3, r0, #1
200076b0:	d1c4      	bne.n	2000763c <_malloc_r+0x478>
200076b2:	2300      	movs	r3, #0
200076b4:	469b      	mov	fp, r3
200076b6:	e7c6      	b.n	20007646 <_malloc_r+0x482>
200076b8:	2a54      	cmp	r2, #84	@ 0x54
200076ba:	d817      	bhi.n	200076ec <_malloc_r+0x528>
200076bc:	0b1a      	lsrs	r2, r3, #12
200076be:	0010      	movs	r0, r2
200076c0:	326f      	adds	r2, #111	@ 0x6f
200076c2:	306e      	adds	r0, #110	@ 0x6e
200076c4:	4682      	mov	sl, r0
200076c6:	00d2      	lsls	r2, r2, #3
200076c8:	e6f2      	b.n	200074b0 <_malloc_r+0x2ec>
200076ca:	23aa      	movs	r3, #170	@ 0xaa
200076cc:	005b      	lsls	r3, r3, #1
200076ce:	4299      	cmp	r1, r3
200076d0:	d817      	bhi.n	20007702 <_malloc_r+0x53e>
200076d2:	3bdd      	subs	r3, #221	@ 0xdd
200076d4:	4698      	mov	r8, r3
200076d6:	0be9      	lsrs	r1, r5, #15
200076d8:	4488      	add	r8, r1
200076da:	3178      	adds	r1, #120	@ 0x78
200076dc:	00cb      	lsls	r3, r1, #3
200076de:	e5bf      	b.n	20007260 <_malloc_r+0x9c>
200076e0:	465b      	mov	r3, fp
200076e2:	4642      	mov	r2, r8
200076e4:	601a      	str	r2, [r3, #0]
200076e6:	e790      	b.n	2000760a <_malloc_r+0x446>
200076e8:	6048      	str	r0, [r1, #4]
200076ea:	e770      	b.n	200075ce <_malloc_r+0x40a>
200076ec:	20aa      	movs	r0, #170	@ 0xaa
200076ee:	0040      	lsls	r0, r0, #1
200076f0:	4282      	cmp	r2, r0
200076f2:	d826      	bhi.n	20007742 <_malloc_r+0x57e>
200076f4:	0bda      	lsrs	r2, r3, #15
200076f6:	0010      	movs	r0, r2
200076f8:	3278      	adds	r2, #120	@ 0x78
200076fa:	3077      	adds	r0, #119	@ 0x77
200076fc:	4682      	mov	sl, r0
200076fe:	00d2      	lsls	r2, r2, #3
20007700:	e6d6      	b.n	200074b0 <_malloc_r+0x2ec>
20007702:	4b1c      	ldr	r3, [pc, #112]	@ (20007774 <_malloc_r+0x5b0>)
20007704:	4299      	cmp	r1, r3
20007706:	d826      	bhi.n	20007756 <_malloc_r+0x592>
20007708:	237c      	movs	r3, #124	@ 0x7c
2000770a:	4698      	mov	r8, r3
2000770c:	0ca9      	lsrs	r1, r5, #18
2000770e:	4488      	add	r8, r1
20007710:	317d      	adds	r1, #125	@ 0x7d
20007712:	00cb      	lsls	r3, r1, #3
20007714:	e5a4      	b.n	20007260 <_malloc_r+0x9c>
20007716:	0021      	movs	r1, r4
20007718:	0030      	movs	r0, r6
2000771a:	3108      	adds	r1, #8
2000771c:	f000 f886 	bl	2000782c <_free_r>
20007720:	464b      	mov	r3, r9
20007722:	685a      	ldr	r2, [r3, #4]
20007724:	68bb      	ldr	r3, [r7, #8]
20007726:	4698      	mov	r8, r3
20007728:	685b      	ldr	r3, [r3, #4]
2000772a:	e68a      	b.n	20007442 <_malloc_r+0x27e>
2000772c:	9a01      	ldr	r2, [sp, #4]
2000772e:	9b02      	ldr	r3, [sp, #8]
20007730:	4694      	mov	ip, r2
20007732:	4642      	mov	r2, r8
20007734:	3b08      	subs	r3, #8
20007736:	4463      	add	r3, ip
20007738:	1a9b      	subs	r3, r3, r2
2000773a:	9301      	str	r3, [sp, #4]
2000773c:	2300      	movs	r3, #0
2000773e:	469b      	mov	fp, r3
20007740:	e781      	b.n	20007646 <_malloc_r+0x482>
20007742:	480c      	ldr	r0, [pc, #48]	@ (20007774 <_malloc_r+0x5b0>)
20007744:	4282      	cmp	r2, r0
20007746:	d80c      	bhi.n	20007762 <_malloc_r+0x59e>
20007748:	0c9a      	lsrs	r2, r3, #18
2000774a:	0010      	movs	r0, r2
2000774c:	327d      	adds	r2, #125	@ 0x7d
2000774e:	307c      	adds	r0, #124	@ 0x7c
20007750:	4682      	mov	sl, r0
20007752:	00d2      	lsls	r2, r2, #3
20007754:	e6ac      	b.n	200074b0 <_malloc_r+0x2ec>
20007756:	23fe      	movs	r3, #254	@ 0xfe
20007758:	227e      	movs	r2, #126	@ 0x7e
2000775a:	217f      	movs	r1, #127	@ 0x7f
2000775c:	4690      	mov	r8, r2
2000775e:	009b      	lsls	r3, r3, #2
20007760:	e57e      	b.n	20007260 <_malloc_r+0x9c>
20007762:	22fe      	movs	r2, #254	@ 0xfe
20007764:	207e      	movs	r0, #126	@ 0x7e
20007766:	0092      	lsls	r2, r2, #2
20007768:	4682      	mov	sl, r0
2000776a:	e6a1      	b.n	200074b0 <_malloc_r+0x2ec>
2000776c:	4643      	mov	r3, r8
2000776e:	685b      	ldr	r3, [r3, #4]
20007770:	e600      	b.n	20007374 <_malloc_r+0x1b0>
20007772:	46c0      	nop			@ (mov r8, r8)
20007774:	00000554 	.word	0x00000554

20007778 <_malloc_trim_r>:
20007778:	b5f0      	push	{r4, r5, r6, r7, lr}
2000777a:	46c6      	mov	lr, r8
2000777c:	0006      	movs	r6, r0
2000777e:	b500      	push	{lr}
20007780:	2008      	movs	r0, #8
20007782:	000d      	movs	r5, r1
20007784:	f000 fa1a 	bl	20007bbc <sysconf>
20007788:	0004      	movs	r4, r0
2000778a:	0030      	movs	r0, r6
2000778c:	f000 fa24 	bl	20007bd8 <__malloc_lock>
20007790:	4b23      	ldr	r3, [pc, #140]	@ (20007820 <_malloc_trim_r+0xa8>)
20007792:	0021      	movs	r1, r4
20007794:	4698      	mov	r8, r3
20007796:	689b      	ldr	r3, [r3, #8]
20007798:	685f      	ldr	r7, [r3, #4]
2000779a:	2303      	movs	r3, #3
2000779c:	439f      	bics	r7, r3
2000779e:	0038      	movs	r0, r7
200077a0:	3811      	subs	r0, #17
200077a2:	1b40      	subs	r0, r0, r5
200077a4:	1900      	adds	r0, r0, r4
200077a6:	f7fb fa3b 	bl	20002c20 <__wrap___aeabi_uidiv>
200077aa:	1e45      	subs	r5, r0, #1
200077ac:	4365      	muls	r5, r4
200077ae:	42ac      	cmp	r4, r5
200077b0:	dc08      	bgt.n	200077c4 <_malloc_trim_r+0x4c>
200077b2:	2100      	movs	r1, #0
200077b4:	0030      	movs	r0, r6
200077b6:	f000 fa41 	bl	20007c3c <_sbrk_r>
200077ba:	4643      	mov	r3, r8
200077bc:	689b      	ldr	r3, [r3, #8]
200077be:	19db      	adds	r3, r3, r7
200077c0:	4298      	cmp	r0, r3
200077c2:	d006      	beq.n	200077d2 <_malloc_trim_r+0x5a>
200077c4:	0030      	movs	r0, r6
200077c6:	f000 fa09 	bl	20007bdc <__malloc_unlock>
200077ca:	2000      	movs	r0, #0
200077cc:	bc80      	pop	{r7}
200077ce:	46b8      	mov	r8, r7
200077d0:	bdf0      	pop	{r4, r5, r6, r7, pc}
200077d2:	0030      	movs	r0, r6
200077d4:	4269      	negs	r1, r5
200077d6:	f000 fa31 	bl	20007c3c <_sbrk_r>
200077da:	3001      	adds	r0, #1
200077dc:	d00e      	beq.n	200077fc <_malloc_trim_r+0x84>
200077de:	2201      	movs	r2, #1
200077e0:	4643      	mov	r3, r8
200077e2:	1b7f      	subs	r7, r7, r5
200077e4:	689b      	ldr	r3, [r3, #8]
200077e6:	4317      	orrs	r7, r2
200077e8:	4a0e      	ldr	r2, [pc, #56]	@ (20007824 <_malloc_trim_r+0xac>)
200077ea:	605f      	str	r7, [r3, #4]
200077ec:	6813      	ldr	r3, [r2, #0]
200077ee:	0030      	movs	r0, r6
200077f0:	1b5b      	subs	r3, r3, r5
200077f2:	6013      	str	r3, [r2, #0]
200077f4:	f000 f9f2 	bl	20007bdc <__malloc_unlock>
200077f8:	2001      	movs	r0, #1
200077fa:	e7e7      	b.n	200077cc <_malloc_trim_r+0x54>
200077fc:	2100      	movs	r1, #0
200077fe:	0030      	movs	r0, r6
20007800:	f000 fa1c 	bl	20007c3c <_sbrk_r>
20007804:	4643      	mov	r3, r8
20007806:	689a      	ldr	r2, [r3, #8]
20007808:	1a83      	subs	r3, r0, r2
2000780a:	2b0f      	cmp	r3, #15
2000780c:	ddda      	ble.n	200077c4 <_malloc_trim_r+0x4c>
2000780e:	4c06      	ldr	r4, [pc, #24]	@ (20007828 <_malloc_trim_r+0xb0>)
20007810:	4904      	ldr	r1, [pc, #16]	@ (20007824 <_malloc_trim_r+0xac>)
20007812:	6824      	ldr	r4, [r4, #0]
20007814:	1b00      	subs	r0, r0, r4
20007816:	6008      	str	r0, [r1, #0]
20007818:	2101      	movs	r1, #1
2000781a:	430b      	orrs	r3, r1
2000781c:	6053      	str	r3, [r2, #4]
2000781e:	e7d1      	b.n	200077c4 <_malloc_trim_r+0x4c>
20007820:	2000a540 	.word	0x2000a540
20007824:	2000ad14 	.word	0x2000ad14
20007828:	2000a538 	.word	0x2000a538

2000782c <_free_r>:
2000782c:	b5f8      	push	{r3, r4, r5, r6, r7, lr}
2000782e:	46ce      	mov	lr, r9
20007830:	4647      	mov	r7, r8
20007832:	0005      	movs	r5, r0
20007834:	000c      	movs	r4, r1
20007836:	b580      	push	{r7, lr}
20007838:	2900      	cmp	r1, #0
2000783a:	d057      	beq.n	200078ec <_free_r+0xc0>
2000783c:	f000 f9cc 	bl	20007bd8 <__malloc_lock>
20007840:	2301      	movs	r3, #1
20007842:	0021      	movs	r1, r4
20007844:	469c      	mov	ip, r3
20007846:	3908      	subs	r1, #8
20007848:	6848      	ldr	r0, [r1, #4]
2000784a:	4662      	mov	r2, ip
2000784c:	0003      	movs	r3, r0
2000784e:	2403      	movs	r4, #3
20007850:	4393      	bics	r3, r2
20007852:	18cf      	adds	r7, r1, r3
20007854:	687a      	ldr	r2, [r7, #4]
20007856:	4e65      	ldr	r6, [pc, #404]	@ (200079ec <_free_r+0x1c0>)
20007858:	43a2      	bics	r2, r4
2000785a:	68b4      	ldr	r4, [r6, #8]
2000785c:	42bc      	cmp	r4, r7
2000785e:	d100      	bne.n	20007862 <_free_r+0x36>
20007860:	e070      	b.n	20007944 <_free_r+0x118>
20007862:	18bc      	adds	r4, r7, r2
20007864:	46a1      	mov	r9, r4
20007866:	4664      	mov	r4, ip
20007868:	607a      	str	r2, [r7, #4]
2000786a:	4204      	tst	r4, r0
2000786c:	d121      	bne.n	200078b2 <_free_r+0x86>
2000786e:	6808      	ldr	r0, [r1, #0]
20007870:	1a09      	subs	r1, r1, r0
20007872:	181b      	adds	r3, r3, r0
20007874:	6888      	ldr	r0, [r1, #8]
20007876:	4680      	mov	r8, r0
20007878:	4648      	mov	r0, r9
2000787a:	6840      	ldr	r0, [r0, #4]
2000787c:	4020      	ands	r0, r4
2000787e:	0034      	movs	r4, r6
20007880:	3408      	adds	r4, #8
20007882:	4681      	mov	r9, r0
20007884:	45a0      	cmp	r8, r4
20007886:	d051      	beq.n	2000792c <_free_r+0x100>
20007888:	4640      	mov	r0, r8
2000788a:	68cc      	ldr	r4, [r1, #12]
2000788c:	60c4      	str	r4, [r0, #12]
2000788e:	60a0      	str	r0, [r4, #8]
20007890:	4648      	mov	r0, r9
20007892:	2800      	cmp	r0, #0
20007894:	d111      	bne.n	200078ba <_free_r+0x8e>
20007896:	189b      	adds	r3, r3, r2
20007898:	4855      	ldr	r0, [pc, #340]	@ (200079f0 <_free_r+0x1c4>)
2000789a:	68ba      	ldr	r2, [r7, #8]
2000789c:	4282      	cmp	r2, r0
2000789e:	d100      	bne.n	200078a2 <_free_r+0x76>
200078a0:	e07f      	b.n	200079a2 <_free_r+0x176>
200078a2:	68f8      	ldr	r0, [r7, #12]
200078a4:	60d0      	str	r0, [r2, #12]
200078a6:	6082      	str	r2, [r0, #8]
200078a8:	2201      	movs	r2, #1
200078aa:	431a      	orrs	r2, r3
200078ac:	604a      	str	r2, [r1, #4]
200078ae:	50cb      	str	r3, [r1, r3]
200078b0:	e007      	b.n	200078c2 <_free_r+0x96>
200078b2:	4648      	mov	r0, r9
200078b4:	6840      	ldr	r0, [r0, #4]
200078b6:	4220      	tst	r0, r4
200078b8:	d0ed      	beq.n	20007896 <_free_r+0x6a>
200078ba:	4662      	mov	r2, ip
200078bc:	431a      	orrs	r2, r3
200078be:	604a      	str	r2, [r1, #4]
200078c0:	603b      	str	r3, [r7, #0]
200078c2:	2280      	movs	r2, #128	@ 0x80
200078c4:	0092      	lsls	r2, r2, #2
200078c6:	4293      	cmp	r3, r2
200078c8:	d214      	bcs.n	200078f4 <_free_r+0xc8>
200078ca:	08da      	lsrs	r2, r3, #3
200078cc:	0958      	lsrs	r0, r3, #5
200078ce:	2301      	movs	r3, #1
200078d0:	4083      	lsls	r3, r0
200078d2:	6870      	ldr	r0, [r6, #4]
200078d4:	4303      	orrs	r3, r0
200078d6:	6073      	str	r3, [r6, #4]
200078d8:	00d3      	lsls	r3, r2, #3
200078da:	199b      	adds	r3, r3, r6
200078dc:	689a      	ldr	r2, [r3, #8]
200078de:	60cb      	str	r3, [r1, #12]
200078e0:	608a      	str	r2, [r1, #8]
200078e2:	6099      	str	r1, [r3, #8]
200078e4:	60d1      	str	r1, [r2, #12]
200078e6:	0028      	movs	r0, r5
200078e8:	f000 f978 	bl	20007bdc <__malloc_unlock>
200078ec:	bcc0      	pop	{r6, r7}
200078ee:	46b9      	mov	r9, r7
200078f0:	46b0      	mov	r8, r6
200078f2:	bdf8      	pop	{r3, r4, r5, r6, r7, pc}
200078f4:	0a5c      	lsrs	r4, r3, #9
200078f6:	2c04      	cmp	r4, #4
200078f8:	d83d      	bhi.n	20007976 <_free_r+0x14a>
200078fa:	099c      	lsrs	r4, r3, #6
200078fc:	0020      	movs	r0, r4
200078fe:	3439      	adds	r4, #57	@ 0x39
20007900:	3038      	adds	r0, #56	@ 0x38
20007902:	00e4      	lsls	r4, r4, #3
20007904:	1934      	adds	r4, r6, r4
20007906:	6822      	ldr	r2, [r4, #0]
20007908:	3c08      	subs	r4, #8
2000790a:	2703      	movs	r7, #3
2000790c:	4294      	cmp	r4, r2
2000790e:	d103      	bne.n	20007918 <_free_r+0xec>
20007910:	e040      	b.n	20007994 <_free_r+0x168>
20007912:	6892      	ldr	r2, [r2, #8]
20007914:	4294      	cmp	r4, r2
20007916:	d003      	beq.n	20007920 <_free_r+0xf4>
20007918:	6850      	ldr	r0, [r2, #4]
2000791a:	43b8      	bics	r0, r7
2000791c:	4298      	cmp	r0, r3
2000791e:	d8f8      	bhi.n	20007912 <_free_r+0xe6>
20007920:	68d4      	ldr	r4, [r2, #12]
20007922:	60cc      	str	r4, [r1, #12]
20007924:	608a      	str	r2, [r1, #8]
20007926:	60a1      	str	r1, [r4, #8]
20007928:	60d1      	str	r1, [r2, #12]
2000792a:	e7dc      	b.n	200078e6 <_free_r+0xba>
2000792c:	2800      	cmp	r0, #0
2000792e:	d158      	bne.n	200079e2 <_free_r+0x1b6>
20007930:	68b8      	ldr	r0, [r7, #8]
20007932:	18d2      	adds	r2, r2, r3
20007934:	68fb      	ldr	r3, [r7, #12]
20007936:	60c3      	str	r3, [r0, #12]
20007938:	6098      	str	r0, [r3, #8]
2000793a:	4663      	mov	r3, ip
2000793c:	4313      	orrs	r3, r2
2000793e:	604b      	str	r3, [r1, #4]
20007940:	508a      	str	r2, [r1, r2]
20007942:	e7d0      	b.n	200078e6 <_free_r+0xba>
20007944:	189a      	adds	r2, r3, r2
20007946:	4663      	mov	r3, ip
20007948:	4203      	tst	r3, r0
2000794a:	d106      	bne.n	2000795a <_free_r+0x12e>
2000794c:	680b      	ldr	r3, [r1, #0]
2000794e:	1ac9      	subs	r1, r1, r3
20007950:	6888      	ldr	r0, [r1, #8]
20007952:	18d2      	adds	r2, r2, r3
20007954:	68cb      	ldr	r3, [r1, #12]
20007956:	60c3      	str	r3, [r0, #12]
20007958:	6098      	str	r0, [r3, #8]
2000795a:	2301      	movs	r3, #1
2000795c:	4313      	orrs	r3, r2
2000795e:	604b      	str	r3, [r1, #4]
20007960:	4b24      	ldr	r3, [pc, #144]	@ (200079f4 <_free_r+0x1c8>)
20007962:	60b1      	str	r1, [r6, #8]
20007964:	681b      	ldr	r3, [r3, #0]
20007966:	4293      	cmp	r3, r2
20007968:	d8bd      	bhi.n	200078e6 <_free_r+0xba>
2000796a:	4b23      	ldr	r3, [pc, #140]	@ (200079f8 <_free_r+0x1cc>)
2000796c:	0028      	movs	r0, r5
2000796e:	6819      	ldr	r1, [r3, #0]
20007970:	f7ff ff02 	bl	20007778 <_malloc_trim_r>
20007974:	e7b7      	b.n	200078e6 <_free_r+0xba>
20007976:	2c14      	cmp	r4, #20
20007978:	d907      	bls.n	2000798a <_free_r+0x15e>
2000797a:	2c54      	cmp	r4, #84	@ 0x54
2000797c:	d81a      	bhi.n	200079b4 <_free_r+0x188>
2000797e:	0b1c      	lsrs	r4, r3, #12
20007980:	0020      	movs	r0, r4
20007982:	346f      	adds	r4, #111	@ 0x6f
20007984:	306e      	adds	r0, #110	@ 0x6e
20007986:	00e4      	lsls	r4, r4, #3
20007988:	e7bc      	b.n	20007904 <_free_r+0xd8>
2000798a:	0020      	movs	r0, r4
2000798c:	345c      	adds	r4, #92	@ 0x5c
2000798e:	305b      	adds	r0, #91	@ 0x5b
20007990:	00e4      	lsls	r4, r4, #3
20007992:	e7b7      	b.n	20007904 <_free_r+0xd8>
20007994:	2301      	movs	r3, #1
20007996:	1080      	asrs	r0, r0, #2
20007998:	4083      	lsls	r3, r0
2000799a:	6870      	ldr	r0, [r6, #4]
2000799c:	4303      	orrs	r3, r0
2000799e:	6073      	str	r3, [r6, #4]
200079a0:	e7bf      	b.n	20007922 <_free_r+0xf6>
200079a2:	60d1      	str	r1, [r2, #12]
200079a4:	6091      	str	r1, [r2, #8]
200079a6:	60ca      	str	r2, [r1, #12]
200079a8:	608a      	str	r2, [r1, #8]
200079aa:	2201      	movs	r2, #1
200079ac:	431a      	orrs	r2, r3
200079ae:	604a      	str	r2, [r1, #4]
200079b0:	50cb      	str	r3, [r1, r3]
200079b2:	e798      	b.n	200078e6 <_free_r+0xba>
200079b4:	22aa      	movs	r2, #170	@ 0xaa
200079b6:	0052      	lsls	r2, r2, #1
200079b8:	4294      	cmp	r4, r2
200079ba:	d805      	bhi.n	200079c8 <_free_r+0x19c>
200079bc:	0bdc      	lsrs	r4, r3, #15
200079be:	0020      	movs	r0, r4
200079c0:	3478      	adds	r4, #120	@ 0x78
200079c2:	3077      	adds	r0, #119	@ 0x77
200079c4:	00e4      	lsls	r4, r4, #3
200079c6:	e79d      	b.n	20007904 <_free_r+0xd8>
200079c8:	4a0c      	ldr	r2, [pc, #48]	@ (200079fc <_free_r+0x1d0>)
200079ca:	4294      	cmp	r4, r2
200079cc:	d805      	bhi.n	200079da <_free_r+0x1ae>
200079ce:	0c9c      	lsrs	r4, r3, #18
200079d0:	0020      	movs	r0, r4
200079d2:	347d      	adds	r4, #125	@ 0x7d
200079d4:	307c      	adds	r0, #124	@ 0x7c
200079d6:	00e4      	lsls	r4, r4, #3
200079d8:	e794      	b.n	20007904 <_free_r+0xd8>
200079da:	24fe      	movs	r4, #254	@ 0xfe
200079dc:	207e      	movs	r0, #126	@ 0x7e
200079de:	00a4      	lsls	r4, r4, #2
200079e0:	e790      	b.n	20007904 <_free_r+0xd8>
200079e2:	4662      	mov	r2, ip
200079e4:	431a      	orrs	r2, r3
200079e6:	604a      	str	r2, [r1, #4]
200079e8:	603b      	str	r3, [r7, #0]
200079ea:	e77c      	b.n	200078e6 <_free_r+0xba>
200079ec:	2000a540 	.word	0x2000a540
200079f0:	2000a548 	.word	0x2000a548
200079f4:	2000a53c 	.word	0x2000a53c
200079f8:	2000ad10 	.word	0x2000ad10
200079fc:	00000554 	.word	0x00000554

20007a00 <_strtol_l.isra.0>:
20007a00:	b5f0      	push	{r4, r5, r6, r7, lr}
20007a02:	4657      	mov	r7, sl
20007a04:	464e      	mov	r6, r9
20007a06:	4645      	mov	r5, r8
20007a08:	46de      	mov	lr, fp
20007a0a:	b5e0      	push	{r5, r6, r7, lr}
20007a0c:	4682      	mov	sl, r0
20007a0e:	000f      	movs	r7, r1
20007a10:	4690      	mov	r8, r2
20007a12:	001e      	movs	r6, r3
20007a14:	4699      	mov	r9, r3
20007a16:	b083      	sub	sp, #12
20007a18:	2b24      	cmp	r3, #36	@ 0x24
20007a1a:	d843      	bhi.n	20007aa4 <_strtol_l.isra.0+0xa4>
20007a1c:	2b01      	cmp	r3, #1
20007a1e:	d041      	beq.n	20007aa4 <_strtol_l.isra.0+0xa4>
20007a20:	000b      	movs	r3, r1
20007a22:	2008      	movs	r0, #8
20007a24:	4d4a      	ldr	r5, [pc, #296]	@ (20007b50 <_strtol_l.isra.0+0x150>)
20007a26:	001a      	movs	r2, r3
20007a28:	7814      	ldrb	r4, [r2, #0]
20007a2a:	3301      	adds	r3, #1
20007a2c:	5d29      	ldrb	r1, [r5, r4]
20007a2e:	4208      	tst	r0, r1
20007a30:	d1f9      	bne.n	20007a26 <_strtol_l.isra.0+0x26>
20007a32:	001d      	movs	r5, r3
20007a34:	2c2d      	cmp	r4, #45	@ 0x2d
20007a36:	d100      	bne.n	20007a3a <_strtol_l.isra.0+0x3a>
20007a38:	e076      	b.n	20007b28 <_strtol_l.isra.0+0x128>
20007a3a:	2c2b      	cmp	r4, #43	@ 0x2b
20007a3c:	d03e      	beq.n	20007abc <_strtol_l.isra.0+0xbc>
20007a3e:	4b45      	ldr	r3, [pc, #276]	@ (20007b54 <_strtol_l.isra.0+0x154>)
20007a40:	469b      	mov	fp, r3
20007a42:	2300      	movs	r3, #0
20007a44:	9301      	str	r3, [sp, #4]
20007a46:	2e00      	cmp	r6, #0
20007a48:	d153      	bne.n	20007af2 <_strtol_l.isra.0+0xf2>
20007a4a:	2c30      	cmp	r4, #48	@ 0x30
20007a4c:	d100      	bne.n	20007a50 <_strtol_l.isra.0+0x50>
20007a4e:	e073      	b.n	20007b38 <_strtol_l.isra.0+0x138>
20007a50:	230a      	movs	r3, #10
20007a52:	4699      	mov	r9, r3
20007a54:	360a      	adds	r6, #10
20007a56:	4649      	mov	r1, r9
20007a58:	4658      	mov	r0, fp
20007a5a:	f7fb f8e1 	bl	20002c20 <__wrap___aeabi_uidiv>
20007a5e:	002b      	movs	r3, r5
20007a60:	468c      	mov	ip, r1
20007a62:	003d      	movs	r5, r7
20007a64:	0002      	movs	r2, r0
20007a66:	0027      	movs	r7, r4
20007a68:	2100      	movs	r1, #0
20007a6a:	464c      	mov	r4, r9
20007a6c:	2000      	movs	r0, #0
20007a6e:	46e1      	mov	r9, ip
20007a70:	46ac      	mov	ip, r5
20007a72:	003d      	movs	r5, r7
20007a74:	3d30      	subs	r5, #48	@ 0x30
20007a76:	2d09      	cmp	r5, #9
20007a78:	d907      	bls.n	20007a8a <_strtol_l.isra.0+0x8a>
20007a7a:	3d11      	subs	r5, #17
20007a7c:	2d19      	cmp	r5, #25
20007a7e:	d903      	bls.n	20007a88 <_strtol_l.isra.0+0x88>
20007a80:	003d      	movs	r5, r7
20007a82:	3d61      	subs	r5, #97	@ 0x61
20007a84:	2d19      	cmp	r5, #25
20007a86:	d820      	bhi.n	20007aca <_strtol_l.isra.0+0xca>
20007a88:	350a      	adds	r5, #10
20007a8a:	42ae      	cmp	r6, r5
20007a8c:	dd1d      	ble.n	20007aca <_strtol_l.isra.0+0xca>
20007a8e:	1c4f      	adds	r7, r1, #1
20007a90:	d005      	beq.n	20007a9e <_strtol_l.isra.0+0x9e>
20007a92:	4282      	cmp	r2, r0
20007a94:	d32a      	bcc.n	20007aec <_strtol_l.isra.0+0xec>
20007a96:	d027      	beq.n	20007ae8 <_strtol_l.isra.0+0xe8>
20007a98:	2101      	movs	r1, #1
20007a9a:	4360      	muls	r0, r4
20007a9c:	1828      	adds	r0, r5, r0
20007a9e:	781f      	ldrb	r7, [r3, #0]
20007aa0:	3301      	adds	r3, #1
20007aa2:	e7e6      	b.n	20007a72 <_strtol_l.isra.0+0x72>
20007aa4:	f7ff fb34 	bl	20007110 <__errno>
20007aa8:	2316      	movs	r3, #22
20007aaa:	6003      	str	r3, [r0, #0]
20007aac:	2000      	movs	r0, #0
20007aae:	b003      	add	sp, #12
20007ab0:	bcf0      	pop	{r4, r5, r6, r7}
20007ab2:	46bb      	mov	fp, r7
20007ab4:	46b2      	mov	sl, r6
20007ab6:	46a9      	mov	r9, r5
20007ab8:	46a0      	mov	r8, r4
20007aba:	bdf0      	pop	{r4, r5, r6, r7, pc}
20007abc:	781c      	ldrb	r4, [r3, #0]
20007abe:	4b25      	ldr	r3, [pc, #148]	@ (20007b54 <_strtol_l.isra.0+0x154>)
20007ac0:	1c95      	adds	r5, r2, #2
20007ac2:	469b      	mov	fp, r3
20007ac4:	2300      	movs	r3, #0
20007ac6:	9301      	str	r3, [sp, #4]
20007ac8:	e7bd      	b.n	20007a46 <_strtol_l.isra.0+0x46>
20007aca:	4667      	mov	r7, ip
20007acc:	1c4a      	adds	r2, r1, #1
20007ace:	d021      	beq.n	20007b14 <_strtol_l.isra.0+0x114>
20007ad0:	9a01      	ldr	r2, [sp, #4]
20007ad2:	2a00      	cmp	r2, #0
20007ad4:	d000      	beq.n	20007ad8 <_strtol_l.isra.0+0xd8>
20007ad6:	4240      	negs	r0, r0
20007ad8:	4642      	mov	r2, r8
20007ada:	2a00      	cmp	r2, #0
20007adc:	d0e7      	beq.n	20007aae <_strtol_l.isra.0+0xae>
20007ade:	2900      	cmp	r1, #0
20007ae0:	d133      	bne.n	20007b4a <_strtol_l.isra.0+0x14a>
20007ae2:	4643      	mov	r3, r8
20007ae4:	601f      	str	r7, [r3, #0]
20007ae6:	e7e2      	b.n	20007aae <_strtol_l.isra.0+0xae>
20007ae8:	45a9      	cmp	r9, r5
20007aea:	dad5      	bge.n	20007a98 <_strtol_l.isra.0+0x98>
20007aec:	2101      	movs	r1, #1
20007aee:	4249      	negs	r1, r1
20007af0:	e7d5      	b.n	20007a9e <_strtol_l.isra.0+0x9e>
20007af2:	2e10      	cmp	r6, #16
20007af4:	d1af      	bne.n	20007a56 <_strtol_l.isra.0+0x56>
20007af6:	2310      	movs	r3, #16
20007af8:	4699      	mov	r9, r3
20007afa:	2c30      	cmp	r4, #48	@ 0x30
20007afc:	d1ab      	bne.n	20007a56 <_strtol_l.isra.0+0x56>
20007afe:	2220      	movs	r2, #32
20007b00:	782b      	ldrb	r3, [r5, #0]
20007b02:	4393      	bics	r3, r2
20007b04:	2b58      	cmp	r3, #88	@ 0x58
20007b06:	d1a6      	bne.n	20007a56 <_strtol_l.isra.0+0x56>
20007b08:	2310      	movs	r3, #16
20007b0a:	786c      	ldrb	r4, [r5, #1]
20007b0c:	4699      	mov	r9, r3
20007b0e:	2610      	movs	r6, #16
20007b10:	3502      	adds	r5, #2
20007b12:	e7a0      	b.n	20007a56 <_strtol_l.isra.0+0x56>
20007b14:	2222      	movs	r2, #34	@ 0x22
20007b16:	4651      	mov	r1, sl
20007b18:	600a      	str	r2, [r1, #0]
20007b1a:	4642      	mov	r2, r8
20007b1c:	4658      	mov	r0, fp
20007b1e:	2a00      	cmp	r2, #0
20007b20:	d0c5      	beq.n	20007aae <_strtol_l.isra.0+0xae>
20007b22:	4658      	mov	r0, fp
20007b24:	1e5f      	subs	r7, r3, #1
20007b26:	e7dc      	b.n	20007ae2 <_strtol_l.isra.0+0xe2>
20007b28:	781c      	ldrb	r4, [r3, #0]
20007b2a:	2380      	movs	r3, #128	@ 0x80
20007b2c:	061b      	lsls	r3, r3, #24
20007b2e:	469b      	mov	fp, r3
20007b30:	2301      	movs	r3, #1
20007b32:	1c95      	adds	r5, r2, #2
20007b34:	9301      	str	r3, [sp, #4]
20007b36:	e786      	b.n	20007a46 <_strtol_l.isra.0+0x46>
20007b38:	2220      	movs	r2, #32
20007b3a:	782b      	ldrb	r3, [r5, #0]
20007b3c:	4393      	bics	r3, r2
20007b3e:	2b58      	cmp	r3, #88	@ 0x58
20007b40:	d0e2      	beq.n	20007b08 <_strtol_l.isra.0+0x108>
20007b42:	2308      	movs	r3, #8
20007b44:	2608      	movs	r6, #8
20007b46:	4699      	mov	r9, r3
20007b48:	e785      	b.n	20007a56 <_strtol_l.isra.0+0x56>
20007b4a:	4683      	mov	fp, r0
20007b4c:	e7e9      	b.n	20007b22 <_strtol_l.isra.0+0x122>
20007b4e:	46c0      	nop			@ (mov r8, r8)
20007b50:	2000a019 	.word	0x2000a019
20007b54:	7fffffff 	.word	0x7fffffff

20007b58 <_strtol_r>:
20007b58:	b510      	push	{r4, lr}
20007b5a:	f7ff ff51 	bl	20007a00 <_strtol_l.isra.0>
20007b5e:	bd10      	pop	{r4, pc}

20007b60 <strtol_l>:
20007b60:	b510      	push	{r4, lr}
20007b62:	0004      	movs	r4, r0
20007b64:	0013      	movs	r3, r2
20007b66:	4a03      	ldr	r2, [pc, #12]	@ (20007b74 <strtol_l+0x14>)
20007b68:	6810      	ldr	r0, [r2, #0]
20007b6a:	000a      	movs	r2, r1
20007b6c:	0021      	movs	r1, r4
20007b6e:	f7ff ff47 	bl	20007a00 <_strtol_l.isra.0>
20007b72:	bd10      	pop	{r4, pc}
20007b74:	2000a410 	.word	0x2000a410

20007b78 <strtol>:
20007b78:	b510      	push	{r4, lr}
20007b7a:	0004      	movs	r4, r0
20007b7c:	0013      	movs	r3, r2
20007b7e:	4a03      	ldr	r2, [pc, #12]	@ (20007b8c <strtol+0x14>)
20007b80:	6810      	ldr	r0, [r2, #0]
20007b82:	000a      	movs	r2, r1
20007b84:	0021      	movs	r1, r4
20007b86:	f7ff ff3b 	bl	20007a00 <_strtol_l.isra.0>
20007b8a:	bd10      	pop	{r4, pc}
20007b8c:	2000a410 	.word	0x2000a410

20007b90 <_wctomb_r>:
20007b90:	b570      	push	{r4, r5, r6, lr}
20007b92:	25e0      	movs	r5, #224	@ 0xe0
20007b94:	4c01      	ldr	r4, [pc, #4]	@ (20007b9c <_wctomb_r+0xc>)
20007b96:	5964      	ldr	r4, [r4, r5]
20007b98:	47a0      	blx	r4
20007b9a:	bd70      	pop	{r4, r5, r6, pc}
20007b9c:	2000a2a0 	.word	0x2000a2a0

20007ba0 <__ascii_wctomb>:
20007ba0:	2900      	cmp	r1, #0
20007ba2:	d009      	beq.n	20007bb8 <__ascii_wctomb+0x18>
20007ba4:	2aff      	cmp	r2, #255	@ 0xff
20007ba6:	d802      	bhi.n	20007bae <__ascii_wctomb+0xe>
20007ba8:	2001      	movs	r0, #1
20007baa:	700a      	strb	r2, [r1, #0]
20007bac:	4770      	bx	lr
20007bae:	238a      	movs	r3, #138	@ 0x8a
20007bb0:	6003      	str	r3, [r0, #0]
20007bb2:	2001      	movs	r0, #1
20007bb4:	4240      	negs	r0, r0
20007bb6:	e7f9      	b.n	20007bac <__ascii_wctomb+0xc>
20007bb8:	2000      	movs	r0, #0
20007bba:	e7f7      	b.n	20007bac <__ascii_wctomb+0xc>

20007bbc <sysconf>:
20007bbc:	2380      	movs	r3, #128	@ 0x80
20007bbe:	b510      	push	{r4, lr}
20007bc0:	015b      	lsls	r3, r3, #5
20007bc2:	2808      	cmp	r0, #8
20007bc4:	d101      	bne.n	20007bca <sysconf+0xe>
20007bc6:	0018      	movs	r0, r3
20007bc8:	bd10      	pop	{r4, pc}
20007bca:	f7ff faa1 	bl	20007110 <__errno>
20007bce:	2316      	movs	r3, #22
20007bd0:	6003      	str	r3, [r0, #0]
20007bd2:	3b17      	subs	r3, #23
20007bd4:	e7f7      	b.n	20007bc6 <sysconf+0xa>
20007bd6:	46c0      	nop			@ (mov r8, r8)

20007bd8 <__malloc_lock>:
20007bd8:	4770      	bx	lr
20007bda:	46c0      	nop			@ (mov r8, r8)

20007bdc <__malloc_unlock>:
20007bdc:	4770      	bx	lr
20007bde:	46c0      	nop			@ (mov r8, r8)

20007be0 <strlen>:
20007be0:	b510      	push	{r4, lr}
20007be2:	0783      	lsls	r3, r0, #30
20007be4:	d00a      	beq.n	20007bfc <strlen+0x1c>
20007be6:	0003      	movs	r3, r0
20007be8:	2103      	movs	r1, #3
20007bea:	e002      	b.n	20007bf2 <strlen+0x12>
20007bec:	3301      	adds	r3, #1
20007bee:	420b      	tst	r3, r1
20007bf0:	d005      	beq.n	20007bfe <strlen+0x1e>
20007bf2:	781a      	ldrb	r2, [r3, #0]
20007bf4:	2a00      	cmp	r2, #0
20007bf6:	d1f9      	bne.n	20007bec <strlen+0xc>
20007bf8:	1a18      	subs	r0, r3, r0
20007bfa:	bd10      	pop	{r4, pc}
20007bfc:	0003      	movs	r3, r0
20007bfe:	6819      	ldr	r1, [r3, #0]
20007c00:	4a0c      	ldr	r2, [pc, #48]	@ (20007c34 <strlen+0x54>)
20007c02:	4c0d      	ldr	r4, [pc, #52]	@ (20007c38 <strlen+0x58>)
20007c04:	188a      	adds	r2, r1, r2
20007c06:	438a      	bics	r2, r1
20007c08:	4222      	tst	r2, r4
20007c0a:	d10f      	bne.n	20007c2c <strlen+0x4c>
20007c0c:	6859      	ldr	r1, [r3, #4]
20007c0e:	4a09      	ldr	r2, [pc, #36]	@ (20007c34 <strlen+0x54>)
20007c10:	3304      	adds	r3, #4
20007c12:	188a      	adds	r2, r1, r2
20007c14:	438a      	bics	r2, r1
20007c16:	4222      	tst	r2, r4
20007c18:	d108      	bne.n	20007c2c <strlen+0x4c>
20007c1a:	6859      	ldr	r1, [r3, #4]
20007c1c:	4a05      	ldr	r2, [pc, #20]	@ (20007c34 <strlen+0x54>)
20007c1e:	3304      	adds	r3, #4
20007c20:	188a      	adds	r2, r1, r2
20007c22:	438a      	bics	r2, r1
20007c24:	4222      	tst	r2, r4
20007c26:	d0f1      	beq.n	20007c0c <strlen+0x2c>
20007c28:	e000      	b.n	20007c2c <strlen+0x4c>
20007c2a:	3301      	adds	r3, #1
20007c2c:	781a      	ldrb	r2, [r3, #0]
20007c2e:	2a00      	cmp	r2, #0
20007c30:	d1fb      	bne.n	20007c2a <strlen+0x4a>
20007c32:	e7e1      	b.n	20007bf8 <strlen+0x18>
20007c34:	fefefeff 	.word	0xfefefeff
20007c38:	80808080 	.word	0x80808080

20007c3c <_sbrk_r>:
20007c3c:	2300      	movs	r3, #0
20007c3e:	b570      	push	{r4, r5, r6, lr}
20007c40:	4c06      	ldr	r4, [pc, #24]	@ (20007c5c <_sbrk_r+0x20>)
20007c42:	0005      	movs	r5, r0
20007c44:	0008      	movs	r0, r1
20007c46:	6023      	str	r3, [r4, #0]
20007c48:	f7fd fb5a 	bl	20005300 <_sbrk>
20007c4c:	1c43      	adds	r3, r0, #1
20007c4e:	d000      	beq.n	20007c52 <_sbrk_r+0x16>
20007c50:	bd70      	pop	{r4, r5, r6, pc}
20007c52:	6823      	ldr	r3, [r4, #0]
20007c54:	2b00      	cmp	r3, #0
20007c56:	d0fb      	beq.n	20007c50 <_sbrk_r+0x14>
20007c58:	602b      	str	r3, [r5, #0]
20007c5a:	e7f9      	b.n	20007c50 <_sbrk_r+0x14>
20007c5c:	2000ae80 	.word	0x2000ae80

20007c60 <__match>:
20007c60:	b530      	push	{r4, r5, lr}
20007c62:	6802      	ldr	r2, [r0, #0]
20007c64:	e008      	b.n	20007c78 <__match+0x18>
20007c66:	7813      	ldrb	r3, [r2, #0]
20007c68:	001d      	movs	r5, r3
20007c6a:	3d41      	subs	r5, #65	@ 0x41
20007c6c:	2d19      	cmp	r5, #25
20007c6e:	d800      	bhi.n	20007c72 <__match+0x12>
20007c70:	3320      	adds	r3, #32
20007c72:	3101      	adds	r1, #1
20007c74:	42a3      	cmp	r3, r4
20007c76:	d106      	bne.n	20007c86 <__match+0x26>
20007c78:	780c      	ldrb	r4, [r1, #0]
20007c7a:	3201      	adds	r2, #1
20007c7c:	2c00      	cmp	r4, #0
20007c7e:	d1f2      	bne.n	20007c66 <__match+0x6>
20007c80:	6002      	str	r2, [r0, #0]
20007c82:	2001      	movs	r0, #1
20007c84:	bd30      	pop	{r4, r5, pc}
20007c86:	2000      	movs	r0, #0
20007c88:	e7fc      	b.n	20007c84 <__match+0x24>
20007c8a:	46c0      	nop			@ (mov r8, r8)

20007c8c <__hexnan>:
20007c8c:	b5f0      	push	{r4, r5, r6, r7, lr}
20007c8e:	4645      	mov	r5, r8
20007c90:	46de      	mov	lr, fp
20007c92:	4657      	mov	r7, sl
20007c94:	464e      	mov	r6, r9
20007c96:	241f      	movs	r4, #31
20007c98:	0003      	movs	r3, r0
20007c9a:	0008      	movs	r0, r1
20007c9c:	b5e0      	push	{r5, r6, r7, lr}
20007c9e:	0025      	movs	r5, r4
20007ca0:	0011      	movs	r1, r2
20007ca2:	6800      	ldr	r0, [r0, #0]
20007ca4:	b087      	sub	sp, #28
20007ca6:	1142      	asrs	r2, r0, #5
20007ca8:	0092      	lsls	r2, r2, #2
20007caa:	4005      	ands	r5, r0
20007cac:	188a      	adds	r2, r1, r2
20007cae:	9503      	str	r5, [sp, #12]
20007cb0:	4204      	tst	r4, r0
20007cb2:	d000      	beq.n	20007cb6 <__hexnan+0x2a>
20007cb4:	e0a1      	b.n	20007dfa <__hexnan+0x16e>
20007cb6:	0010      	movs	r0, r2
20007cb8:	1f17      	subs	r7, r2, #4
20007cba:	1f02      	subs	r2, r0, #4
20007cbc:	4691      	mov	r9, r2
20007cbe:	2200      	movs	r2, #0
20007cc0:	4648      	mov	r0, r9
20007cc2:	6002      	str	r2, [r0, #0]
20007cc4:	6818      	ldr	r0, [r3, #0]
20007cc6:	7846      	ldrb	r6, [r0, #1]
20007cc8:	2e00      	cmp	r6, #0
20007cca:	d100      	bne.n	20007cce <__hexnan+0x42>
20007ccc:	e0b2      	b.n	20007e34 <__hexnan+0x1a8>
20007cce:	9001      	str	r0, [sp, #4]
20007cd0:	486e      	ldr	r0, [pc, #440]	@ (20007e8c <__hexnan+0x200>)
20007cd2:	9304      	str	r3, [sp, #16]
20007cd4:	4680      	mov	r8, r0
20007cd6:	464b      	mov	r3, r9
20007cd8:	200f      	movs	r0, #15
20007cda:	2400      	movs	r4, #0
20007cdc:	2200      	movs	r2, #0
20007cde:	4683      	mov	fp, r0
20007ce0:	9801      	ldr	r0, [sp, #4]
20007ce2:	9301      	str	r3, [sp, #4]
20007ce4:	4643      	mov	r3, r8
20007ce6:	9602      	str	r6, [sp, #8]
20007ce8:	003d      	movs	r5, r7
20007cea:	0026      	movs	r6, r4
20007cec:	4689      	mov	r9, r1
20007cee:	46b8      	mov	r8, r7
20007cf0:	0039      	movs	r1, r7
20007cf2:	4692      	mov	sl, r2
20007cf4:	001f      	movs	r7, r3
20007cf6:	9c02      	ldr	r4, [sp, #8]
20007cf8:	e015      	b.n	20007d26 <__hexnan+0x9a>
20007cfa:	2c20      	cmp	r4, #32
20007cfc:	d900      	bls.n	20007d00 <__hexnan+0x74>
20007cfe:	e08d      	b.n	20007e1c <__hexnan+0x190>
20007d00:	4552      	cmp	r2, sl
20007d02:	dd0c      	ble.n	20007d1e <__hexnan+0x92>
20007d04:	42a9      	cmp	r1, r5
20007d06:	d901      	bls.n	20007d0c <__hexnan+0x80>
20007d08:	2e07      	cmp	r6, #7
20007d0a:	dd58      	ble.n	20007dbe <__hexnan+0x132>
20007d0c:	2608      	movs	r6, #8
20007d0e:	45a9      	cmp	r9, r5
20007d10:	d205      	bcs.n	20007d1e <__hexnan+0x92>
20007d12:	1f29      	subs	r1, r5, #4
20007d14:	2300      	movs	r3, #0
20007d16:	4692      	mov	sl, r2
20007d18:	000d      	movs	r5, r1
20007d1a:	2600      	movs	r6, #0
20007d1c:	600b      	str	r3, [r1, #0]
20007d1e:	7884      	ldrb	r4, [r0, #2]
20007d20:	3001      	adds	r0, #1
20007d22:	2c00      	cmp	r4, #0
20007d24:	d012      	beq.n	20007d4c <__hexnan+0xc0>
20007d26:	5d3b      	ldrb	r3, [r7, r4]
20007d28:	2b00      	cmp	r3, #0
20007d2a:	d0e6      	beq.n	20007cfa <__hexnan+0x6e>
20007d2c:	3601      	adds	r6, #1
20007d2e:	3201      	adds	r2, #1
20007d30:	2e08      	cmp	r6, #8
20007d32:	dc3c      	bgt.n	20007dae <__hexnan+0x122>
20007d34:	682c      	ldr	r4, [r5, #0]
20007d36:	0124      	lsls	r4, r4, #4
20007d38:	46a4      	mov	ip, r4
20007d3a:	465c      	mov	r4, fp
20007d3c:	4023      	ands	r3, r4
20007d3e:	4664      	mov	r4, ip
20007d40:	4323      	orrs	r3, r4
20007d42:	602b      	str	r3, [r5, #0]
20007d44:	7884      	ldrb	r4, [r0, #2]
20007d46:	3001      	adds	r0, #1
20007d48:	2c00      	cmp	r4, #0
20007d4a:	d1ec      	bne.n	20007d26 <__hexnan+0x9a>
20007d4c:	9b01      	ldr	r3, [sp, #4]
20007d4e:	468c      	mov	ip, r1
20007d50:	0034      	movs	r4, r6
20007d52:	4649      	mov	r1, r9
20007d54:	4647      	mov	r7, r8
20007d56:	4699      	mov	r9, r3
20007d58:	2a00      	cmp	r2, #0
20007d5a:	d06b      	beq.n	20007e34 <__hexnan+0x1a8>
20007d5c:	4565      	cmp	r5, ip
20007d5e:	d202      	bcs.n	20007d66 <__hexnan+0xda>
20007d60:	2c07      	cmp	r4, #7
20007d62:	dc00      	bgt.n	20007d66 <__hexnan+0xda>
20007d64:	e074      	b.n	20007e50 <__hexnan+0x1c4>
20007d66:	42a9      	cmp	r1, r5
20007d68:	d24a      	bcs.n	20007e00 <__hexnan+0x174>
20007d6a:	000a      	movs	r2, r1
20007d6c:	002b      	movs	r3, r5
20007d6e:	cb01      	ldmia	r3!, {r0}
20007d70:	c201      	stmia	r2!, {r0}
20007d72:	429f      	cmp	r7, r3
20007d74:	d2fb      	bcs.n	20007d6e <__hexnan+0xe2>
20007d76:	1c6a      	adds	r2, r5, #1
20007d78:	1c78      	adds	r0, r7, #1
20007d7a:	2304      	movs	r3, #4
20007d7c:	4290      	cmp	r0, r2
20007d7e:	d262      	bcs.n	20007e46 <__hexnan+0x1ba>
20007d80:	2200      	movs	r2, #0
20007d82:	18cb      	adds	r3, r1, r3
20007d84:	c304      	stmia	r3!, {r2}
20007d86:	429f      	cmp	r7, r3
20007d88:	d2fc      	bcs.n	20007d84 <__hexnan+0xf8>
20007d8a:	464b      	mov	r3, r9
20007d8c:	681b      	ldr	r3, [r3, #0]
20007d8e:	2b00      	cmp	r3, #0
20007d90:	d105      	bne.n	20007d9e <__hexnan+0x112>
20007d92:	42b9      	cmp	r1, r7
20007d94:	d050      	beq.n	20007e38 <__hexnan+0x1ac>
20007d96:	3f04      	subs	r7, #4
20007d98:	683b      	ldr	r3, [r7, #0]
20007d9a:	2b00      	cmp	r3, #0
20007d9c:	d0f9      	beq.n	20007d92 <__hexnan+0x106>
20007d9e:	2005      	movs	r0, #5
20007da0:	b007      	add	sp, #28
20007da2:	bcf0      	pop	{r4, r5, r6, r7}
20007da4:	46bb      	mov	fp, r7
20007da6:	46b2      	mov	sl, r6
20007da8:	46a9      	mov	r9, r5
20007daa:	46a0      	mov	r8, r4
20007dac:	bdf0      	pop	{r4, r5, r6, r7, pc}
20007dae:	45a9      	cmp	r9, r5
20007db0:	d2b5      	bcs.n	20007d1e <__hexnan+0x92>
20007db2:	2400      	movs	r4, #0
20007db4:	3d04      	subs	r5, #4
20007db6:	46a4      	mov	ip, r4
20007db8:	2601      	movs	r6, #1
20007dba:	602c      	str	r4, [r5, #0]
20007dbc:	e7bd      	b.n	20007d3a <__hexnan+0xae>
20007dbe:	2308      	movs	r3, #8
20007dc0:	1b9b      	subs	r3, r3, r6
20007dc2:	009b      	lsls	r3, r3, #2
20007dc4:	469c      	mov	ip, r3
20007dc6:	2320      	movs	r3, #32
20007dc8:	4664      	mov	r4, ip
20007dca:	002e      	movs	r6, r5
20007dcc:	1b1c      	subs	r4, r3, r4
20007dce:	9502      	str	r5, [sp, #8]
20007dd0:	682b      	ldr	r3, [r5, #0]
20007dd2:	4665      	mov	r5, ip
20007dd4:	9005      	str	r0, [sp, #20]
20007dd6:	4694      	mov	ip, r2
20007dd8:	0020      	movs	r0, r4
20007dda:	002a      	movs	r2, r5
20007ddc:	6875      	ldr	r5, [r6, #4]
20007dde:	002c      	movs	r4, r5
20007de0:	4084      	lsls	r4, r0
20007de2:	431c      	orrs	r4, r3
20007de4:	002b      	movs	r3, r5
20007de6:	40d3      	lsrs	r3, r2
20007de8:	6034      	str	r4, [r6, #0]
20007dea:	6073      	str	r3, [r6, #4]
20007dec:	3604      	adds	r6, #4
20007dee:	42b1      	cmp	r1, r6
20007df0:	d8f4      	bhi.n	20007ddc <__hexnan+0x150>
20007df2:	4662      	mov	r2, ip
20007df4:	9d02      	ldr	r5, [sp, #8]
20007df6:	9805      	ldr	r0, [sp, #20]
20007df8:	e788      	b.n	20007d0c <__hexnan+0x80>
20007dfa:	0017      	movs	r7, r2
20007dfc:	1d10      	adds	r0, r2, #4
20007dfe:	e75c      	b.n	20007cba <__hexnan+0x2e>
20007e00:	464b      	mov	r3, r9
20007e02:	9a03      	ldr	r2, [sp, #12]
20007e04:	681b      	ldr	r3, [r3, #0]
20007e06:	2a00      	cmp	r2, #0
20007e08:	d0c7      	beq.n	20007d9a <__hexnan+0x10e>
20007e0a:	2020      	movs	r0, #32
20007e0c:	1a80      	subs	r0, r0, r2
20007e0e:	2201      	movs	r2, #1
20007e10:	4252      	negs	r2, r2
20007e12:	40c2      	lsrs	r2, r0
20007e14:	4013      	ands	r3, r2
20007e16:	464a      	mov	r2, r9
20007e18:	6013      	str	r3, [r2, #0]
20007e1a:	e7be      	b.n	20007d9a <__hexnan+0x10e>
20007e1c:	46a2      	mov	sl, r4
20007e1e:	0034      	movs	r4, r6
20007e20:	4656      	mov	r6, sl
20007e22:	4647      	mov	r7, r8
20007e24:	4680      	mov	r8, r0
20007e26:	9801      	ldr	r0, [sp, #4]
20007e28:	468c      	mov	ip, r1
20007e2a:	9b04      	ldr	r3, [sp, #16]
20007e2c:	4649      	mov	r1, r9
20007e2e:	4681      	mov	r9, r0
20007e30:	2e29      	cmp	r6, #41	@ 0x29
20007e32:	d004      	beq.n	20007e3e <__hexnan+0x1b2>
20007e34:	2004      	movs	r0, #4
20007e36:	e7b3      	b.n	20007da0 <__hexnan+0x114>
20007e38:	2301      	movs	r3, #1
20007e3a:	603b      	str	r3, [r7, #0]
20007e3c:	e7af      	b.n	20007d9e <__hexnan+0x112>
20007e3e:	4640      	mov	r0, r8
20007e40:	3002      	adds	r0, #2
20007e42:	6018      	str	r0, [r3, #0]
20007e44:	e788      	b.n	20007d58 <__hexnan+0xcc>
20007e46:	1b7d      	subs	r5, r7, r5
20007e48:	08ad      	lsrs	r5, r5, #2
20007e4a:	3501      	adds	r5, #1
20007e4c:	00ab      	lsls	r3, r5, #2
20007e4e:	e797      	b.n	20007d80 <__hexnan+0xf4>
20007e50:	2608      	movs	r6, #8
20007e52:	2320      	movs	r3, #32
20007e54:	1b36      	subs	r6, r6, r4
20007e56:	00b6      	lsls	r6, r6, #2
20007e58:	1b9b      	subs	r3, r3, r6
20007e5a:	4698      	mov	r8, r3
20007e5c:	682b      	ldr	r3, [r5, #0]
20007e5e:	0028      	movs	r0, r5
20007e60:	001a      	movs	r2, r3
20007e62:	000b      	movs	r3, r1
20007e64:	0031      	movs	r1, r6
20007e66:	4666      	mov	r6, ip
20007e68:	46ac      	mov	ip, r5
20007e6a:	4645      	mov	r5, r8
20007e6c:	4698      	mov	r8, r3
20007e6e:	6844      	ldr	r4, [r0, #4]
20007e70:	0023      	movs	r3, r4
20007e72:	40ab      	lsls	r3, r5
20007e74:	4313      	orrs	r3, r2
20007e76:	0022      	movs	r2, r4
20007e78:	40ca      	lsrs	r2, r1
20007e7a:	6003      	str	r3, [r0, #0]
20007e7c:	6042      	str	r2, [r0, #4]
20007e7e:	3004      	adds	r0, #4
20007e80:	4286      	cmp	r6, r0
20007e82:	d8f4      	bhi.n	20007e6e <__hexnan+0x1e2>
20007e84:	4665      	mov	r5, ip
20007e86:	4641      	mov	r1, r8
20007e88:	e76d      	b.n	20007d66 <__hexnan+0xda>
20007e8a:	46c0      	nop			@ (mov r8, r8)
20007e8c:	20009f18 	.word	0x20009f18

20007e90 <nan>:
20007e90:	2000      	movs	r0, #0
20007e92:	4901      	ldr	r1, [pc, #4]	@ (20007e98 <nan+0x8>)
20007e94:	4770      	bx	lr
20007e96:	46c0      	nop			@ (mov r8, r8)
20007e98:	7ff80000 	.word	0x7ff80000

20007e9c <nanf>:
20007e9c:	4800      	ldr	r0, [pc, #0]	@ (20007ea0 <nanf+0x4>)
20007e9e:	4770      	bx	lr
20007ea0:	7fc00000 	.word	0x7fc00000

20007ea4 <_Balloc>:
20007ea4:	6c43      	ldr	r3, [r0, #68]	@ 0x44
20007ea6:	b570      	push	{r4, r5, r6, lr}
20007ea8:	0004      	movs	r4, r0
20007eaa:	000d      	movs	r5, r1
20007eac:	2b00      	cmp	r3, #0
20007eae:	d00a      	beq.n	20007ec6 <_Balloc+0x22>
20007eb0:	00aa      	lsls	r2, r5, #2
20007eb2:	189b      	adds	r3, r3, r2
20007eb4:	6818      	ldr	r0, [r3, #0]
20007eb6:	2800      	cmp	r0, #0
20007eb8:	d00e      	beq.n	20007ed8 <_Balloc+0x34>
20007eba:	6802      	ldr	r2, [r0, #0]
20007ebc:	601a      	str	r2, [r3, #0]
20007ebe:	2300      	movs	r3, #0
20007ec0:	6103      	str	r3, [r0, #16]
20007ec2:	60c3      	str	r3, [r0, #12]
20007ec4:	bd70      	pop	{r4, r5, r6, pc}
20007ec6:	2221      	movs	r2, #33	@ 0x21
20007ec8:	2104      	movs	r1, #4
20007eca:	f7ff f927 	bl	2000711c <_calloc_r>
20007ece:	1e03      	subs	r3, r0, #0
20007ed0:	6460      	str	r0, [r4, #68]	@ 0x44
20007ed2:	d1ed      	bne.n	20007eb0 <_Balloc+0xc>
20007ed4:	2000      	movs	r0, #0
20007ed6:	e7f5      	b.n	20007ec4 <_Balloc+0x20>
20007ed8:	2601      	movs	r6, #1
20007eda:	40ae      	lsls	r6, r5
20007edc:	1d72      	adds	r2, r6, #5
20007ede:	2101      	movs	r1, #1
20007ee0:	0020      	movs	r0, r4
20007ee2:	0092      	lsls	r2, r2, #2
20007ee4:	f7ff f91a 	bl	2000711c <_calloc_r>
20007ee8:	2800      	cmp	r0, #0
20007eea:	d0f3      	beq.n	20007ed4 <_Balloc+0x30>
20007eec:	6045      	str	r5, [r0, #4]
20007eee:	6086      	str	r6, [r0, #8]
20007ef0:	e7e5      	b.n	20007ebe <_Balloc+0x1a>
20007ef2:	46c0      	nop			@ (mov r8, r8)

20007ef4 <_Bfree>:
20007ef4:	2900      	cmp	r1, #0
20007ef6:	d006      	beq.n	20007f06 <_Bfree+0x12>
20007ef8:	684a      	ldr	r2, [r1, #4]
20007efa:	6c43      	ldr	r3, [r0, #68]	@ 0x44
20007efc:	0092      	lsls	r2, r2, #2
20007efe:	189b      	adds	r3, r3, r2
20007f00:	681a      	ldr	r2, [r3, #0]
20007f02:	600a      	str	r2, [r1, #0]
20007f04:	6019      	str	r1, [r3, #0]
20007f06:	4770      	bx	lr

20007f08 <__multadd>:
20007f08:	b5f0      	push	{r4, r5, r6, r7, lr}
20007f0a:	46c6      	mov	lr, r8
20007f0c:	001f      	movs	r7, r3
20007f0e:	4680      	mov	r8, r0
20007f10:	2300      	movs	r3, #0
20007f12:	b500      	push	{lr}
20007f14:	000e      	movs	r6, r1
20007f16:	690d      	ldr	r5, [r1, #16]
20007f18:	3114      	adds	r1, #20
20007f1a:	680c      	ldr	r4, [r1, #0]
20007f1c:	3301      	adds	r3, #1
20007f1e:	0420      	lsls	r0, r4, #16
20007f20:	0c00      	lsrs	r0, r0, #16
20007f22:	4350      	muls	r0, r2
20007f24:	0c24      	lsrs	r4, r4, #16
20007f26:	4354      	muls	r4, r2
20007f28:	19c0      	adds	r0, r0, r7
20007f2a:	0c07      	lsrs	r7, r0, #16
20007f2c:	19e4      	adds	r4, r4, r7
20007f2e:	0400      	lsls	r0, r0, #16
20007f30:	0c27      	lsrs	r7, r4, #16
20007f32:	0c00      	lsrs	r0, r0, #16
20007f34:	0424      	lsls	r4, r4, #16
20007f36:	1824      	adds	r4, r4, r0
20007f38:	c110      	stmia	r1!, {r4}
20007f3a:	429d      	cmp	r5, r3
20007f3c:	dced      	bgt.n	20007f1a <__multadd+0x12>
20007f3e:	2f00      	cmp	r7, #0
20007f40:	d008      	beq.n	20007f54 <__multadd+0x4c>
20007f42:	68b3      	ldr	r3, [r6, #8]
20007f44:	42ab      	cmp	r3, r5
20007f46:	dd09      	ble.n	20007f5c <__multadd+0x54>
20007f48:	1d2b      	adds	r3, r5, #4
20007f4a:	009b      	lsls	r3, r3, #2
20007f4c:	18f3      	adds	r3, r6, r3
20007f4e:	3501      	adds	r5, #1
20007f50:	605f      	str	r7, [r3, #4]
20007f52:	6135      	str	r5, [r6, #16]
20007f54:	0030      	movs	r0, r6
20007f56:	bc80      	pop	{r7}
20007f58:	46b8      	mov	r8, r7
20007f5a:	bdf0      	pop	{r4, r5, r6, r7, pc}
20007f5c:	6871      	ldr	r1, [r6, #4]
20007f5e:	4640      	mov	r0, r8
20007f60:	3101      	adds	r1, #1
20007f62:	f7ff ff9f 	bl	20007ea4 <_Balloc>
20007f66:	1e04      	subs	r4, r0, #0
20007f68:	d017      	beq.n	20007f9a <__multadd+0x92>
20007f6a:	0031      	movs	r1, r6
20007f6c:	6932      	ldr	r2, [r6, #16]
20007f6e:	310c      	adds	r1, #12
20007f70:	3202      	adds	r2, #2
20007f72:	0092      	lsls	r2, r2, #2
20007f74:	300c      	adds	r0, #12
20007f76:	f7fb fdf1 	bl	20003b5c <__wrap___aeabi_memcpy>
20007f7a:	4643      	mov	r3, r8
20007f7c:	6872      	ldr	r2, [r6, #4]
20007f7e:	6c5b      	ldr	r3, [r3, #68]	@ 0x44
20007f80:	0092      	lsls	r2, r2, #2
20007f82:	189b      	adds	r3, r3, r2
20007f84:	681a      	ldr	r2, [r3, #0]
20007f86:	6032      	str	r2, [r6, #0]
20007f88:	601e      	str	r6, [r3, #0]
20007f8a:	0026      	movs	r6, r4
20007f8c:	1d2b      	adds	r3, r5, #4
20007f8e:	009b      	lsls	r3, r3, #2
20007f90:	18f3      	adds	r3, r6, r3
20007f92:	3501      	adds	r5, #1
20007f94:	605f      	str	r7, [r3, #4]
20007f96:	6135      	str	r5, [r6, #16]
20007f98:	e7dc      	b.n	20007f54 <__multadd+0x4c>
20007f9a:	2200      	movs	r2, #0
20007f9c:	21ba      	movs	r1, #186	@ 0xba
20007f9e:	4b02      	ldr	r3, [pc, #8]	@ (20007fa8 <__multadd+0xa0>)
20007fa0:	4802      	ldr	r0, [pc, #8]	@ (20007fac <__multadd+0xa4>)
20007fa2:	f7fd f9cb 	bl	2000533c <__assert_func>
20007fa6:	46c0      	nop			@ (mov r8, r8)
20007fa8:	200098b0 	.word	0x200098b0
20007fac:	200098f8 	.word	0x200098f8

20007fb0 <__s2b>:
20007fb0:	b5f8      	push	{r3, r4, r5, r6, r7, lr}
20007fb2:	4647      	mov	r7, r8
20007fb4:	46ce      	mov	lr, r9
20007fb6:	0006      	movs	r6, r0
20007fb8:	0018      	movs	r0, r3
20007fba:	b580      	push	{r7, lr}
20007fbc:	000c      	movs	r4, r1
20007fbe:	3008      	adds	r0, #8
20007fc0:	2109      	movs	r1, #9
20007fc2:	001f      	movs	r7, r3
20007fc4:	4690      	mov	r8, r2
20007fc6:	f7fa fe03 	bl	20002bd0 <__wrap___aeabi_idiv>
20007fca:	2f09      	cmp	r7, #9
20007fcc:	dd3b      	ble.n	20008046 <__s2b+0x96>
20007fce:	2501      	movs	r5, #1
20007fd0:	2100      	movs	r1, #0
20007fd2:	006d      	lsls	r5, r5, #1
20007fd4:	3101      	adds	r1, #1
20007fd6:	42a8      	cmp	r0, r5
20007fd8:	dcfb      	bgt.n	20007fd2 <__s2b+0x22>
20007fda:	0030      	movs	r0, r6
20007fdc:	f7ff ff62 	bl	20007ea4 <_Balloc>
20007fe0:	1e01      	subs	r1, r0, #0
20007fe2:	d032      	beq.n	2000804a <__s2b+0x9a>
20007fe4:	9b08      	ldr	r3, [sp, #32]
20007fe6:	6143      	str	r3, [r0, #20]
20007fe8:	2301      	movs	r3, #1
20007fea:	6103      	str	r3, [r0, #16]
20007fec:	4643      	mov	r3, r8
20007fee:	2b09      	cmp	r3, #9
20007ff0:	dc16      	bgt.n	20008020 <__s2b+0x70>
20007ff2:	2309      	movs	r3, #9
20007ff4:	4698      	mov	r8, r3
20007ff6:	340a      	adds	r4, #10
20007ff8:	4547      	cmp	r7, r8
20007ffa:	dd0c      	ble.n	20008016 <__s2b+0x66>
20007ffc:	4643      	mov	r3, r8
20007ffe:	19e7      	adds	r7, r4, r7
20008000:	1aff      	subs	r7, r7, r3
20008002:	7823      	ldrb	r3, [r4, #0]
20008004:	220a      	movs	r2, #10
20008006:	0030      	movs	r0, r6
20008008:	3b30      	subs	r3, #48	@ 0x30
2000800a:	f7ff ff7d 	bl	20007f08 <__multadd>
2000800e:	3401      	adds	r4, #1
20008010:	0001      	movs	r1, r0
20008012:	42bc      	cmp	r4, r7
20008014:	d1f5      	bne.n	20008002 <__s2b+0x52>
20008016:	0008      	movs	r0, r1
20008018:	bcc0      	pop	{r6, r7}
2000801a:	46b9      	mov	r9, r7
2000801c:	46b0      	mov	r8, r6
2000801e:	bdf8      	pop	{r3, r4, r5, r6, r7, pc}
20008020:	2309      	movs	r3, #9
20008022:	4699      	mov	r9, r3
20008024:	44a1      	add	r9, r4
20008026:	464d      	mov	r5, r9
20008028:	4444      	add	r4, r8
2000802a:	782b      	ldrb	r3, [r5, #0]
2000802c:	220a      	movs	r2, #10
2000802e:	0030      	movs	r0, r6
20008030:	3b30      	subs	r3, #48	@ 0x30
20008032:	f7ff ff69 	bl	20007f08 <__multadd>
20008036:	3501      	adds	r5, #1
20008038:	0001      	movs	r1, r0
2000803a:	42a5      	cmp	r5, r4
2000803c:	d1f5      	bne.n	2000802a <__s2b+0x7a>
2000803e:	4644      	mov	r4, r8
20008040:	3c08      	subs	r4, #8
20008042:	444c      	add	r4, r9
20008044:	e7d8      	b.n	20007ff8 <__s2b+0x48>
20008046:	2100      	movs	r1, #0
20008048:	e7c7      	b.n	20007fda <__s2b+0x2a>
2000804a:	2200      	movs	r2, #0
2000804c:	4b02      	ldr	r3, [pc, #8]	@ (20008058 <__s2b+0xa8>)
2000804e:	4803      	ldr	r0, [pc, #12]	@ (2000805c <__s2b+0xac>)
20008050:	31d3      	adds	r1, #211	@ 0xd3
20008052:	f7fd f973 	bl	2000533c <__assert_func>
20008056:	46c0      	nop			@ (mov r8, r8)
20008058:	200098b0 	.word	0x200098b0
2000805c:	200098f8 	.word	0x200098f8

20008060 <__hi0bits>:
20008060:	2280      	movs	r2, #128	@ 0x80
20008062:	0003      	movs	r3, r0
20008064:	0252      	lsls	r2, r2, #9
20008066:	2000      	movs	r0, #0
20008068:	4293      	cmp	r3, r2
2000806a:	d201      	bcs.n	20008070 <__hi0bits+0x10>
2000806c:	041b      	lsls	r3, r3, #16
2000806e:	3010      	adds	r0, #16
20008070:	2280      	movs	r2, #128	@ 0x80
20008072:	0452      	lsls	r2, r2, #17
20008074:	4293      	cmp	r3, r2
20008076:	d201      	bcs.n	2000807c <__hi0bits+0x1c>
20008078:	3008      	adds	r0, #8
2000807a:	021b      	lsls	r3, r3, #8
2000807c:	2280      	movs	r2, #128	@ 0x80
2000807e:	0552      	lsls	r2, r2, #21
20008080:	4293      	cmp	r3, r2
20008082:	d201      	bcs.n	20008088 <__hi0bits+0x28>
20008084:	3004      	adds	r0, #4
20008086:	011b      	lsls	r3, r3, #4
20008088:	2280      	movs	r2, #128	@ 0x80
2000808a:	05d2      	lsls	r2, r2, #23
2000808c:	4293      	cmp	r3, r2
2000808e:	d303      	bcc.n	20008098 <__hi0bits+0x38>
20008090:	43db      	mvns	r3, r3
20008092:	0fdb      	lsrs	r3, r3, #31
20008094:	18c0      	adds	r0, r0, r3
20008096:	4770      	bx	lr
20008098:	0099      	lsls	r1, r3, #2
2000809a:	009b      	lsls	r3, r3, #2
2000809c:	d404      	bmi.n	200080a8 <__hi0bits+0x48>
2000809e:	3003      	adds	r0, #3
200080a0:	4211      	tst	r1, r2
200080a2:	d1f8      	bne.n	20008096 <__hi0bits+0x36>
200080a4:	2020      	movs	r0, #32
200080a6:	e7f6      	b.n	20008096 <__hi0bits+0x36>
200080a8:	3002      	adds	r0, #2
200080aa:	e7f4      	b.n	20008096 <__hi0bits+0x36>

200080ac <__lo0bits>:
200080ac:	6803      	ldr	r3, [r0, #0]
200080ae:	0002      	movs	r2, r0
200080b0:	0759      	lsls	r1, r3, #29
200080b2:	d007      	beq.n	200080c4 <__lo0bits+0x18>
200080b4:	07d9      	lsls	r1, r3, #31
200080b6:	d41e      	bmi.n	200080f6 <__lo0bits+0x4a>
200080b8:	0799      	lsls	r1, r3, #30
200080ba:	d520      	bpl.n	200080fe <__lo0bits+0x52>
200080bc:	085b      	lsrs	r3, r3, #1
200080be:	6003      	str	r3, [r0, #0]
200080c0:	2001      	movs	r0, #1
200080c2:	4770      	bx	lr
200080c4:	2000      	movs	r0, #0
200080c6:	0419      	lsls	r1, r3, #16
200080c8:	d101      	bne.n	200080ce <__lo0bits+0x22>
200080ca:	0c1b      	lsrs	r3, r3, #16
200080cc:	3010      	adds	r0, #16
200080ce:	21ff      	movs	r1, #255	@ 0xff
200080d0:	4219      	tst	r1, r3
200080d2:	d101      	bne.n	200080d8 <__lo0bits+0x2c>
200080d4:	3008      	adds	r0, #8
200080d6:	0a1b      	lsrs	r3, r3, #8
200080d8:	0719      	lsls	r1, r3, #28
200080da:	d101      	bne.n	200080e0 <__lo0bits+0x34>
200080dc:	3004      	adds	r0, #4
200080de:	091b      	lsrs	r3, r3, #4
200080e0:	0799      	lsls	r1, r3, #30
200080e2:	d101      	bne.n	200080e8 <__lo0bits+0x3c>
200080e4:	3002      	adds	r0, #2
200080e6:	089b      	lsrs	r3, r3, #2
200080e8:	07d9      	lsls	r1, r3, #31
200080ea:	d402      	bmi.n	200080f2 <__lo0bits+0x46>
200080ec:	3001      	adds	r0, #1
200080ee:	085b      	lsrs	r3, r3, #1
200080f0:	d003      	beq.n	200080fa <__lo0bits+0x4e>
200080f2:	6013      	str	r3, [r2, #0]
200080f4:	e7e5      	b.n	200080c2 <__lo0bits+0x16>
200080f6:	2000      	movs	r0, #0
200080f8:	e7e3      	b.n	200080c2 <__lo0bits+0x16>
200080fa:	2020      	movs	r0, #32
200080fc:	e7e1      	b.n	200080c2 <__lo0bits+0x16>
200080fe:	089b      	lsrs	r3, r3, #2
20008100:	6003      	str	r3, [r0, #0]
20008102:	2002      	movs	r0, #2
20008104:	e7dd      	b.n	200080c2 <__lo0bits+0x16>
20008106:	46c0      	nop			@ (mov r8, r8)

20008108 <__i2b>:
20008108:	6c43      	ldr	r3, [r0, #68]	@ 0x44
2000810a:	b570      	push	{r4, r5, r6, lr}
2000810c:	0004      	movs	r4, r0
2000810e:	000d      	movs	r5, r1
20008110:	2b00      	cmp	r3, #0
20008112:	d00a      	beq.n	2000812a <__i2b+0x22>
20008114:	6858      	ldr	r0, [r3, #4]
20008116:	2800      	cmp	r0, #0
20008118:	d015      	beq.n	20008146 <__i2b+0x3e>
2000811a:	6802      	ldr	r2, [r0, #0]
2000811c:	605a      	str	r2, [r3, #4]
2000811e:	2300      	movs	r3, #0
20008120:	60c3      	str	r3, [r0, #12]
20008122:	3301      	adds	r3, #1
20008124:	6145      	str	r5, [r0, #20]
20008126:	6103      	str	r3, [r0, #16]
20008128:	bd70      	pop	{r4, r5, r6, pc}
2000812a:	2221      	movs	r2, #33	@ 0x21
2000812c:	2104      	movs	r1, #4
2000812e:	f7fe fff5 	bl	2000711c <_calloc_r>
20008132:	1e03      	subs	r3, r0, #0
20008134:	6460      	str	r0, [r4, #68]	@ 0x44
20008136:	d1ed      	bne.n	20008114 <__i2b+0xc>
20008138:	2146      	movs	r1, #70	@ 0x46
2000813a:	2200      	movs	r2, #0
2000813c:	4b08      	ldr	r3, [pc, #32]	@ (20008160 <__i2b+0x58>)
2000813e:	4809      	ldr	r0, [pc, #36]	@ (20008164 <__i2b+0x5c>)
20008140:	31ff      	adds	r1, #255	@ 0xff
20008142:	f7fd f8fb 	bl	2000533c <__assert_func>
20008146:	221c      	movs	r2, #28
20008148:	2101      	movs	r1, #1
2000814a:	0020      	movs	r0, r4
2000814c:	f7fe ffe6 	bl	2000711c <_calloc_r>
20008150:	2800      	cmp	r0, #0
20008152:	d0f1      	beq.n	20008138 <__i2b+0x30>
20008154:	2301      	movs	r3, #1
20008156:	6043      	str	r3, [r0, #4]
20008158:	3301      	adds	r3, #1
2000815a:	6083      	str	r3, [r0, #8]
2000815c:	e7df      	b.n	2000811e <__i2b+0x16>
2000815e:	46c0      	nop			@ (mov r8, r8)
20008160:	200098b0 	.word	0x200098b0
20008164:	200098f8 	.word	0x200098f8

20008168 <__multiply>:
20008168:	b5f0      	push	{r4, r5, r6, r7, lr}
2000816a:	464e      	mov	r6, r9
2000816c:	4657      	mov	r7, sl
2000816e:	4645      	mov	r5, r8
20008170:	46de      	mov	lr, fp
20008172:	b5e0      	push	{r5, r6, r7, lr}
20008174:	690b      	ldr	r3, [r1, #16]
20008176:	6916      	ldr	r6, [r2, #16]
20008178:	468a      	mov	sl, r1
2000817a:	4691      	mov	r9, r2
2000817c:	4698      	mov	r8, r3
2000817e:	b085      	sub	sp, #20
20008180:	42b3      	cmp	r3, r6
20008182:	db04      	blt.n	2000818e <__multiply+0x26>
20008184:	0033      	movs	r3, r6
20008186:	4689      	mov	r9, r1
20008188:	4646      	mov	r6, r8
2000818a:	4692      	mov	sl, r2
2000818c:	4698      	mov	r8, r3
2000818e:	464b      	mov	r3, r9
20008190:	6859      	ldr	r1, [r3, #4]
20008192:	4643      	mov	r3, r8
20008194:	18f5      	adds	r5, r6, r3
20008196:	464b      	mov	r3, r9
20008198:	689b      	ldr	r3, [r3, #8]
2000819a:	42ab      	cmp	r3, r5
2000819c:	da00      	bge.n	200081a0 <__multiply+0x38>
2000819e:	3101      	adds	r1, #1
200081a0:	f7ff fe80 	bl	20007ea4 <_Balloc>
200081a4:	1e07      	subs	r7, r0, #0
200081a6:	d100      	bne.n	200081aa <__multiply+0x42>
200081a8:	e0a9      	b.n	200082fe <__multiply+0x196>
200081aa:	2314      	movs	r3, #20
200081ac:	469c      	mov	ip, r3
200081ae:	4484      	add	ip, r0
200081b0:	4663      	mov	r3, ip
200081b2:	00ac      	lsls	r4, r5, #2
200081b4:	4464      	add	r4, ip
200081b6:	0018      	movs	r0, r3
200081b8:	2200      	movs	r2, #0
200081ba:	42a3      	cmp	r3, r4
200081bc:	d202      	bcs.n	200081c4 <__multiply+0x5c>
200081be:	c304      	stmia	r3!, {r2}
200081c0:	429c      	cmp	r4, r3
200081c2:	d8fc      	bhi.n	200081be <__multiply+0x56>
200081c4:	2314      	movs	r3, #20
200081c6:	444b      	add	r3, r9
200081c8:	469b      	mov	fp, r3
200081ca:	4643      	mov	r3, r8
200081cc:	4651      	mov	r1, sl
200081ce:	009b      	lsls	r3, r3, #2
200081d0:	4698      	mov	r8, r3
200081d2:	3114      	adds	r1, #20
200081d4:	00b6      	lsls	r6, r6, #2
200081d6:	4488      	add	r8, r1
200081d8:	445e      	add	r6, fp
200081da:	4541      	cmp	r1, r8
200081dc:	d274      	bcs.n	200082c8 <__multiply+0x160>
200081de:	2304      	movs	r3, #4
200081e0:	469a      	mov	sl, r3
200081e2:	464b      	mov	r3, r9
200081e4:	3315      	adds	r3, #21
200081e6:	429e      	cmp	r6, r3
200081e8:	d300      	bcc.n	200081ec <__multiply+0x84>
200081ea:	e080      	b.n	200082ee <__multiply+0x186>
200081ec:	465b      	mov	r3, fp
200081ee:	9301      	str	r3, [sp, #4]
200081f0:	4643      	mov	r3, r8
200081f2:	9300      	str	r3, [sp, #0]
200081f4:	4653      	mov	r3, sl
200081f6:	46b4      	mov	ip, r6
200081f8:	46a2      	mov	sl, r4
200081fa:	46ab      	mov	fp, r5
200081fc:	46b9      	mov	r9, r7
200081fe:	000c      	movs	r4, r1
20008200:	9302      	str	r3, [sp, #8]
20008202:	e006      	b.n	20008212 <__multiply+0xaa>
20008204:	0c2d      	lsrs	r5, r5, #16
20008206:	d131      	bne.n	2000826c <__multiply+0x104>
20008208:	9b00      	ldr	r3, [sp, #0]
2000820a:	3404      	adds	r4, #4
2000820c:	3004      	adds	r0, #4
2000820e:	42a3      	cmp	r3, r4
20008210:	d957      	bls.n	200082c2 <__multiply+0x15a>
20008212:	6825      	ldr	r5, [r4, #0]
20008214:	042b      	lsls	r3, r5, #16
20008216:	0c19      	lsrs	r1, r3, #16
20008218:	2b00      	cmp	r3, #0
2000821a:	d0f3      	beq.n	20008204 <__multiply+0x9c>
2000821c:	9d01      	ldr	r5, [sp, #4]
2000821e:	4653      	mov	r3, sl
20008220:	46a0      	mov	r8, r4
20008222:	2600      	movs	r6, #0
20008224:	000c      	movs	r4, r1
20008226:	4682      	mov	sl, r0
20008228:	002f      	movs	r7, r5
2000822a:	9303      	str	r3, [sp, #12]
2000822c:	cf08      	ldmia	r7!, {r3}
2000822e:	6801      	ldr	r1, [r0, #0]
20008230:	041a      	lsls	r2, r3, #16
20008232:	0c12      	lsrs	r2, r2, #16
20008234:	4362      	muls	r2, r4
20008236:	0c1b      	lsrs	r3, r3, #16
20008238:	040d      	lsls	r5, r1, #16
2000823a:	4363      	muls	r3, r4
2000823c:	0c2d      	lsrs	r5, r5, #16
2000823e:	1952      	adds	r2, r2, r5
20008240:	1992      	adds	r2, r2, r6
20008242:	0c09      	lsrs	r1, r1, #16
20008244:	185b      	adds	r3, r3, r1
20008246:	0c11      	lsrs	r1, r2, #16
20008248:	185b      	adds	r3, r3, r1
2000824a:	0412      	lsls	r2, r2, #16
2000824c:	0c1e      	lsrs	r6, r3, #16
2000824e:	0c12      	lsrs	r2, r2, #16
20008250:	041b      	lsls	r3, r3, #16
20008252:	4313      	orrs	r3, r2
20008254:	c008      	stmia	r0!, {r3}
20008256:	45bc      	cmp	ip, r7
20008258:	d8e8      	bhi.n	2000822c <__multiply+0xc4>
2000825a:	4650      	mov	r0, sl
2000825c:	4644      	mov	r4, r8
2000825e:	9b03      	ldr	r3, [sp, #12]
20008260:	469a      	mov	sl, r3
20008262:	9b02      	ldr	r3, [sp, #8]
20008264:	50c6      	str	r6, [r0, r3]
20008266:	6825      	ldr	r5, [r4, #0]
20008268:	0c2d      	lsrs	r5, r5, #16
2000826a:	d0cd      	beq.n	20008208 <__multiply+0xa0>
2000826c:	0006      	movs	r6, r0
2000826e:	2200      	movs	r2, #0
20008270:	6803      	ldr	r3, [r0, #0]
20008272:	46a0      	mov	r8, r4
20008274:	4660      	mov	r0, ip
20008276:	0019      	movs	r1, r3
20008278:	0014      	movs	r4, r2
2000827a:	46b4      	mov	ip, r6
2000827c:	9f01      	ldr	r7, [sp, #4]
2000827e:	883a      	ldrh	r2, [r7, #0]
20008280:	0c09      	lsrs	r1, r1, #16
20008282:	436a      	muls	r2, r5
20008284:	1912      	adds	r2, r2, r4
20008286:	1852      	adds	r2, r2, r1
20008288:	041b      	lsls	r3, r3, #16
2000828a:	0411      	lsls	r1, r2, #16
2000828c:	0c1b      	lsrs	r3, r3, #16
2000828e:	430b      	orrs	r3, r1
20008290:	6033      	str	r3, [r6, #0]
20008292:	cf10      	ldmia	r7!, {r4}
20008294:	6871      	ldr	r1, [r6, #4]
20008296:	0c24      	lsrs	r4, r4, #16
20008298:	436c      	muls	r4, r5
2000829a:	040b      	lsls	r3, r1, #16
2000829c:	0c1b      	lsrs	r3, r3, #16
2000829e:	18e3      	adds	r3, r4, r3
200082a0:	0c12      	lsrs	r2, r2, #16
200082a2:	189b      	adds	r3, r3, r2
200082a4:	0c1c      	lsrs	r4, r3, #16
200082a6:	3604      	adds	r6, #4
200082a8:	42b8      	cmp	r0, r7
200082aa:	d8e8      	bhi.n	2000827e <__multiply+0x116>
200082ac:	4662      	mov	r2, ip
200082ae:	4684      	mov	ip, r0
200082b0:	0010      	movs	r0, r2
200082b2:	4644      	mov	r4, r8
200082b4:	9a02      	ldr	r2, [sp, #8]
200082b6:	3404      	adds	r4, #4
200082b8:	5083      	str	r3, [r0, r2]
200082ba:	9b00      	ldr	r3, [sp, #0]
200082bc:	3004      	adds	r0, #4
200082be:	42a3      	cmp	r3, r4
200082c0:	d8a7      	bhi.n	20008212 <__multiply+0xaa>
200082c2:	4654      	mov	r4, sl
200082c4:	465d      	mov	r5, fp
200082c6:	464f      	mov	r7, r9
200082c8:	2d00      	cmp	r5, #0
200082ca:	dc03      	bgt.n	200082d4 <__multiply+0x16c>
200082cc:	e006      	b.n	200082dc <__multiply+0x174>
200082ce:	3d01      	subs	r5, #1
200082d0:	2d00      	cmp	r5, #0
200082d2:	d003      	beq.n	200082dc <__multiply+0x174>
200082d4:	3c04      	subs	r4, #4
200082d6:	6823      	ldr	r3, [r4, #0]
200082d8:	2b00      	cmp	r3, #0
200082da:	d0f8      	beq.n	200082ce <__multiply+0x166>
200082dc:	0038      	movs	r0, r7
200082de:	613d      	str	r5, [r7, #16]
200082e0:	b005      	add	sp, #20
200082e2:	bcf0      	pop	{r4, r5, r6, r7}
200082e4:	46bb      	mov	fp, r7
200082e6:	46b2      	mov	sl, r6
200082e8:	46a9      	mov	r9, r5
200082ea:	46a0      	mov	r8, r4
200082ec:	bdf0      	pop	{r4, r5, r6, r7, pc}
200082ee:	464b      	mov	r3, r9
200082f0:	1af3      	subs	r3, r6, r3
200082f2:	3b15      	subs	r3, #21
200082f4:	089b      	lsrs	r3, r3, #2
200082f6:	3301      	adds	r3, #1
200082f8:	009b      	lsls	r3, r3, #2
200082fa:	469a      	mov	sl, r3
200082fc:	e776      	b.n	200081ec <__multiply+0x84>
200082fe:	21b1      	movs	r1, #177	@ 0xb1
20008300:	2200      	movs	r2, #0
20008302:	4b02      	ldr	r3, [pc, #8]	@ (2000830c <__multiply+0x1a4>)
20008304:	4802      	ldr	r0, [pc, #8]	@ (20008310 <__multiply+0x1a8>)
20008306:	0049      	lsls	r1, r1, #1
20008308:	f7fd f818 	bl	2000533c <__assert_func>
2000830c:	200098b0 	.word	0x200098b0
20008310:	200098f8 	.word	0x200098f8

20008314 <__pow5mult>:
20008314:	b5f8      	push	{r3, r4, r5, r6, r7, lr}
20008316:	2303      	movs	r3, #3
20008318:	4647      	mov	r7, r8
2000831a:	0014      	movs	r4, r2
2000831c:	46ce      	mov	lr, r9
2000831e:	001a      	movs	r2, r3
20008320:	b580      	push	{r7, lr}
20008322:	000e      	movs	r6, r1
20008324:	0007      	movs	r7, r0
20008326:	4022      	ands	r2, r4
20008328:	4223      	tst	r3, r4
2000832a:	d134      	bne.n	20008396 <__pow5mult+0x82>
2000832c:	10a4      	asrs	r4, r4, #2
2000832e:	d023      	beq.n	20008378 <__pow5mult+0x64>
20008330:	6c3d      	ldr	r5, [r7, #64]	@ 0x40
20008332:	2d00      	cmp	r5, #0
20008334:	d038      	beq.n	200083a8 <__pow5mult+0x94>
20008336:	2301      	movs	r3, #1
20008338:	4698      	mov	r8, r3
2000833a:	2300      	movs	r3, #0
2000833c:	4699      	mov	r9, r3
2000833e:	4643      	mov	r3, r8
20008340:	4223      	tst	r3, r4
20008342:	d108      	bne.n	20008356 <__pow5mult+0x42>
20008344:	1064      	asrs	r4, r4, #1
20008346:	d017      	beq.n	20008378 <__pow5mult+0x64>
20008348:	6828      	ldr	r0, [r5, #0]
2000834a:	2800      	cmp	r0, #0
2000834c:	d019      	beq.n	20008382 <__pow5mult+0x6e>
2000834e:	0005      	movs	r5, r0
20008350:	4643      	mov	r3, r8
20008352:	4223      	tst	r3, r4
20008354:	d0f6      	beq.n	20008344 <__pow5mult+0x30>
20008356:	002a      	movs	r2, r5
20008358:	0031      	movs	r1, r6
2000835a:	0038      	movs	r0, r7
2000835c:	f7ff ff04 	bl	20008168 <__multiply>
20008360:	2e00      	cmp	r6, #0
20008362:	d006      	beq.n	20008372 <__pow5mult+0x5e>
20008364:	6872      	ldr	r2, [r6, #4]
20008366:	6c7b      	ldr	r3, [r7, #68]	@ 0x44
20008368:	0092      	lsls	r2, r2, #2
2000836a:	189b      	adds	r3, r3, r2
2000836c:	681a      	ldr	r2, [r3, #0]
2000836e:	6032      	str	r2, [r6, #0]
20008370:	601e      	str	r6, [r3, #0]
20008372:	0006      	movs	r6, r0
20008374:	1064      	asrs	r4, r4, #1
20008376:	d1e7      	bne.n	20008348 <__pow5mult+0x34>
20008378:	0030      	movs	r0, r6
2000837a:	bcc0      	pop	{r6, r7}
2000837c:	46b9      	mov	r9, r7
2000837e:	46b0      	mov	r8, r6
20008380:	bdf8      	pop	{r3, r4, r5, r6, r7, pc}
20008382:	002a      	movs	r2, r5
20008384:	0029      	movs	r1, r5
20008386:	0038      	movs	r0, r7
20008388:	f7ff feee 	bl	20008168 <__multiply>
2000838c:	464b      	mov	r3, r9
2000838e:	6028      	str	r0, [r5, #0]
20008390:	0005      	movs	r5, r0
20008392:	6003      	str	r3, [r0, #0]
20008394:	e7dc      	b.n	20008350 <__pow5mult+0x3c>
20008396:	4b0f      	ldr	r3, [pc, #60]	@ (200083d4 <__pow5mult+0xc0>)
20008398:	3a01      	subs	r2, #1
2000839a:	0092      	lsls	r2, r2, #2
2000839c:	58d2      	ldr	r2, [r2, r3]
2000839e:	2300      	movs	r3, #0
200083a0:	f7ff fdb2 	bl	20007f08 <__multadd>
200083a4:	0006      	movs	r6, r0
200083a6:	e7c1      	b.n	2000832c <__pow5mult+0x18>
200083a8:	2101      	movs	r1, #1
200083aa:	0038      	movs	r0, r7
200083ac:	f7ff fd7a 	bl	20007ea4 <_Balloc>
200083b0:	1e05      	subs	r5, r0, #0
200083b2:	d007      	beq.n	200083c4 <__pow5mult+0xb0>
200083b4:	4b08      	ldr	r3, [pc, #32]	@ (200083d8 <__pow5mult+0xc4>)
200083b6:	6143      	str	r3, [r0, #20]
200083b8:	2301      	movs	r3, #1
200083ba:	6103      	str	r3, [r0, #16]
200083bc:	2300      	movs	r3, #0
200083be:	6438      	str	r0, [r7, #64]	@ 0x40
200083c0:	6003      	str	r3, [r0, #0]
200083c2:	e7b8      	b.n	20008336 <__pow5mult+0x22>
200083c4:	2146      	movs	r1, #70	@ 0x46
200083c6:	2200      	movs	r2, #0
200083c8:	4b04      	ldr	r3, [pc, #16]	@ (200083dc <__pow5mult+0xc8>)
200083ca:	4805      	ldr	r0, [pc, #20]	@ (200083e0 <__pow5mult+0xcc>)
200083cc:	31ff      	adds	r1, #255	@ 0xff
200083ce:	f7fc ffb5 	bl	2000533c <__assert_func>
200083d2:	46c0      	nop			@ (mov r8, r8)
200083d4:	2000a120 	.word	0x2000a120
200083d8:	00000271 	.word	0x00000271
200083dc:	200098b0 	.word	0x200098b0
200083e0:	200098f8 	.word	0x200098f8

200083e4 <__lshift>:
200083e4:	b5f0      	push	{r4, r5, r6, r7, lr}
200083e6:	4645      	mov	r5, r8
200083e8:	46de      	mov	lr, fp
200083ea:	4657      	mov	r7, sl
200083ec:	464e      	mov	r6, r9
200083ee:	b5e0      	push	{r5, r6, r7, lr}
200083f0:	000d      	movs	r5, r1
200083f2:	692b      	ldr	r3, [r5, #16]
200083f4:	1154      	asrs	r4, r2, #5
200083f6:	4698      	mov	r8, r3
200083f8:	44a0      	add	r8, r4
200083fa:	4643      	mov	r3, r8
200083fc:	1c5e      	adds	r6, r3, #1
200083fe:	68ab      	ldr	r3, [r5, #8]
20008400:	4683      	mov	fp, r0
20008402:	0017      	movs	r7, r2
20008404:	6849      	ldr	r1, [r1, #4]
20008406:	b083      	sub	sp, #12
20008408:	429e      	cmp	r6, r3
2000840a:	dd03      	ble.n	20008414 <__lshift+0x30>
2000840c:	3101      	adds	r1, #1
2000840e:	005b      	lsls	r3, r3, #1
20008410:	429e      	cmp	r6, r3
20008412:	dcfb      	bgt.n	2000840c <__lshift+0x28>
20008414:	4658      	mov	r0, fp
20008416:	f7ff fd45 	bl	20007ea4 <_Balloc>
2000841a:	4684      	mov	ip, r0
2000841c:	2800      	cmp	r0, #0
2000841e:	d053      	beq.n	200084c8 <__lshift+0xe4>
20008420:	0001      	movs	r1, r0
20008422:	3114      	adds	r1, #20
20008424:	000b      	movs	r3, r1
20008426:	9101      	str	r1, [sp, #4]
20008428:	2c00      	cmp	r4, #0
2000842a:	dd0c      	ble.n	20008446 <__lshift+0x62>
2000842c:	00a4      	lsls	r4, r4, #2
2000842e:	0022      	movs	r2, r4
20008430:	2000      	movs	r0, #0
20008432:	3214      	adds	r2, #20
20008434:	4462      	add	r2, ip
20008436:	c301      	stmia	r3!, {r0}
20008438:	4293      	cmp	r3, r2
2000843a:	d1fc      	bne.n	20008436 <__lshift+0x52>
2000843c:	9b01      	ldr	r3, [sp, #4]
2000843e:	4699      	mov	r9, r3
20008440:	44a1      	add	r9, r4
20008442:	464b      	mov	r3, r9
20008444:	9301      	str	r3, [sp, #4]
20008446:	221f      	movs	r2, #31
20008448:	002b      	movs	r3, r5
2000844a:	0011      	movs	r1, r2
2000844c:	692c      	ldr	r4, [r5, #16]
2000844e:	3314      	adds	r3, #20
20008450:	00a4      	lsls	r4, r4, #2
20008452:	4039      	ands	r1, r7
20008454:	468a      	mov	sl, r1
20008456:	191c      	adds	r4, r3, r4
20008458:	423a      	tst	r2, r7
2000845a:	d02f      	beq.n	200084bc <__lshift+0xd8>
2000845c:	3201      	adds	r2, #1
2000845e:	1a52      	subs	r2, r2, r1
20008460:	4691      	mov	r9, r2
20008462:	2700      	movs	r7, #0
20008464:	9801      	ldr	r0, [sp, #4]
20008466:	4651      	mov	r1, sl
20008468:	681a      	ldr	r2, [r3, #0]
2000846a:	408a      	lsls	r2, r1
2000846c:	433a      	orrs	r2, r7
2000846e:	c004      	stmia	r0!, {r2}
20008470:	464a      	mov	r2, r9
20008472:	cb80      	ldmia	r3!, {r7}
20008474:	40d7      	lsrs	r7, r2
20008476:	429c      	cmp	r4, r3
20008478:	d8f5      	bhi.n	20008466 <__lshift+0x82>
2000847a:	002a      	movs	r2, r5
2000847c:	3215      	adds	r2, #21
2000847e:	2304      	movs	r3, #4
20008480:	4294      	cmp	r4, r2
20008482:	d304      	bcc.n	2000848e <__lshift+0xaa>
20008484:	1b63      	subs	r3, r4, r5
20008486:	3b15      	subs	r3, #21
20008488:	089b      	lsrs	r3, r3, #2
2000848a:	3301      	adds	r3, #1
2000848c:	009b      	lsls	r3, r3, #2
2000848e:	9a01      	ldr	r2, [sp, #4]
20008490:	50d7      	str	r7, [r2, r3]
20008492:	2f00      	cmp	r7, #0
20008494:	d100      	bne.n	20008498 <__lshift+0xb4>
20008496:	4646      	mov	r6, r8
20008498:	4663      	mov	r3, ip
2000849a:	611e      	str	r6, [r3, #16]
2000849c:	465b      	mov	r3, fp
2000849e:	4660      	mov	r0, ip
200084a0:	686a      	ldr	r2, [r5, #4]
200084a2:	6c5b      	ldr	r3, [r3, #68]	@ 0x44
200084a4:	0092      	lsls	r2, r2, #2
200084a6:	189b      	adds	r3, r3, r2
200084a8:	681a      	ldr	r2, [r3, #0]
200084aa:	602a      	str	r2, [r5, #0]
200084ac:	601d      	str	r5, [r3, #0]
200084ae:	b003      	add	sp, #12
200084b0:	bcf0      	pop	{r4, r5, r6, r7}
200084b2:	46bb      	mov	fp, r7
200084b4:	46b2      	mov	sl, r6
200084b6:	46a9      	mov	r9, r5
200084b8:	46a0      	mov	r8, r4
200084ba:	bdf0      	pop	{r4, r5, r6, r7, pc}
200084bc:	9901      	ldr	r1, [sp, #4]
200084be:	cb04      	ldmia	r3!, {r2}
200084c0:	c104      	stmia	r1!, {r2}
200084c2:	429c      	cmp	r4, r3
200084c4:	d8fb      	bhi.n	200084be <__lshift+0xda>
200084c6:	e7e6      	b.n	20008496 <__lshift+0xb2>
200084c8:	21ef      	movs	r1, #239	@ 0xef
200084ca:	2200      	movs	r2, #0
200084cc:	4b02      	ldr	r3, [pc, #8]	@ (200084d8 <__lshift+0xf4>)
200084ce:	4803      	ldr	r0, [pc, #12]	@ (200084dc <__lshift+0xf8>)
200084d0:	0049      	lsls	r1, r1, #1
200084d2:	f7fc ff33 	bl	2000533c <__assert_func>
200084d6:	46c0      	nop			@ (mov r8, r8)
200084d8:	200098b0 	.word	0x200098b0
200084dc:	200098f8 	.word	0x200098f8

200084e0 <__mcmp>:
200084e0:	6902      	ldr	r2, [r0, #16]
200084e2:	690b      	ldr	r3, [r1, #16]
200084e4:	b530      	push	{r4, r5, lr}
200084e6:	0005      	movs	r5, r0
200084e8:	1ad0      	subs	r0, r2, r3
200084ea:	429a      	cmp	r2, r3
200084ec:	d114      	bne.n	20008518 <__mcmp+0x38>
200084ee:	009b      	lsls	r3, r3, #2
200084f0:	3514      	adds	r5, #20
200084f2:	3114      	adds	r1, #20
200084f4:	18ea      	adds	r2, r5, r3
200084f6:	18cb      	adds	r3, r1, r3
200084f8:	e001      	b.n	200084fe <__mcmp+0x1e>
200084fa:	4295      	cmp	r5, r2
200084fc:	d20c      	bcs.n	20008518 <__mcmp+0x38>
200084fe:	3a04      	subs	r2, #4
20008500:	3b04      	subs	r3, #4
20008502:	6814      	ldr	r4, [r2, #0]
20008504:	6819      	ldr	r1, [r3, #0]
20008506:	428c      	cmp	r4, r1
20008508:	d0f7      	beq.n	200084fa <__mcmp+0x1a>
2000850a:	2300      	movs	r3, #0
2000850c:	428c      	cmp	r4, r1
2000850e:	415b      	adcs	r3, r3
20008510:	2002      	movs	r0, #2
20008512:	425b      	negs	r3, r3
20008514:	4018      	ands	r0, r3
20008516:	3801      	subs	r0, #1
20008518:	bd30      	pop	{r4, r5, pc}
2000851a:	46c0      	nop			@ (mov r8, r8)

2000851c <__mdiff>:
2000851c:	b5f0      	push	{r4, r5, r6, r7, lr}
2000851e:	4645      	mov	r5, r8
20008520:	4690      	mov	r8, r2
20008522:	4657      	mov	r7, sl
20008524:	46de      	mov	lr, fp
20008526:	464e      	mov	r6, r9
20008528:	4643      	mov	r3, r8
2000852a:	b5e0      	push	{r5, r6, r7, lr}
2000852c:	690a      	ldr	r2, [r1, #16]
2000852e:	691b      	ldr	r3, [r3, #16]
20008530:	000f      	movs	r7, r1
20008532:	b083      	sub	sp, #12
20008534:	1ad1      	subs	r1, r2, r3
20008536:	429a      	cmp	r2, r3
20008538:	d000      	beq.n	2000853c <__mdiff+0x20>
2000853a:	e098      	b.n	2000866e <__mdiff+0x152>
2000853c:	003d      	movs	r5, r7
2000853e:	4642      	mov	r2, r8
20008540:	0099      	lsls	r1, r3, #2
20008542:	3514      	adds	r5, #20
20008544:	3214      	adds	r2, #20
20008546:	186b      	adds	r3, r5, r1
20008548:	1852      	adds	r2, r2, r1
2000854a:	e002      	b.n	20008552 <__mdiff+0x36>
2000854c:	429d      	cmp	r5, r3
2000854e:	d300      	bcc.n	20008552 <__mdiff+0x36>
20008550:	e095      	b.n	2000867e <__mdiff+0x162>
20008552:	3b04      	subs	r3, #4
20008554:	3a04      	subs	r2, #4
20008556:	681c      	ldr	r4, [r3, #0]
20008558:	6811      	ldr	r1, [r2, #0]
2000855a:	428c      	cmp	r4, r1
2000855c:	d0f6      	beq.n	2000854c <__mdiff+0x30>
2000855e:	2501      	movs	r5, #1
20008560:	428c      	cmp	r4, r1
20008562:	d303      	bcc.n	2000856c <__mdiff+0x50>
20008564:	4643      	mov	r3, r8
20008566:	2500      	movs	r5, #0
20008568:	46b8      	mov	r8, r7
2000856a:	001f      	movs	r7, r3
2000856c:	4643      	mov	r3, r8
2000856e:	6859      	ldr	r1, [r3, #4]
20008570:	f7ff fc98 	bl	20007ea4 <_Balloc>
20008574:	4684      	mov	ip, r0
20008576:	2800      	cmp	r0, #0
20008578:	d100      	bne.n	2000857c <__mdiff+0x60>
2000857a:	e094      	b.n	200086a6 <__mdiff+0x18a>
2000857c:	2214      	movs	r2, #20
2000857e:	4442      	add	r2, r8
20008580:	4691      	mov	r9, r2
20008582:	2214      	movs	r2, #20
20008584:	4643      	mov	r3, r8
20008586:	0039      	movs	r1, r7
20008588:	4462      	add	r2, ip
2000858a:	4692      	mov	sl, r2
2000858c:	2200      	movs	r2, #0
2000858e:	60c5      	str	r5, [r0, #12]
20008590:	6938      	ldr	r0, [r7, #16]
20008592:	691b      	ldr	r3, [r3, #16]
20008594:	3114      	adds	r1, #20
20008596:	0080      	lsls	r0, r0, #2
20008598:	464d      	mov	r5, r9
2000859a:	1808      	adds	r0, r1, r0
2000859c:	009c      	lsls	r4, r3, #2
2000859e:	444c      	add	r4, r9
200085a0:	46bb      	mov	fp, r7
200085a2:	2614      	movs	r6, #20
200085a4:	0007      	movs	r7, r0
200085a6:	4699      	mov	r9, r3
200085a8:	0010      	movs	r0, r2
200085aa:	000a      	movs	r2, r1
200085ac:	9500      	str	r5, [sp, #0]
200085ae:	9401      	str	r4, [sp, #4]
200085b0:	4643      	mov	r3, r8
200085b2:	ca02      	ldmia	r2!, {r1}
200085b4:	599d      	ldr	r5, [r3, r6]
200085b6:	040b      	lsls	r3, r1, #16
200085b8:	042c      	lsls	r4, r5, #16
200085ba:	0c1b      	lsrs	r3, r3, #16
200085bc:	0c24      	lsrs	r4, r4, #16
200085be:	1ae4      	subs	r4, r4, r3
200085c0:	4663      	mov	r3, ip
200085c2:	1824      	adds	r4, r4, r0
200085c4:	0c09      	lsrs	r1, r1, #16
200085c6:	0c2d      	lsrs	r5, r5, #16
200085c8:	1a6d      	subs	r5, r5, r1
200085ca:	1421      	asrs	r1, r4, #16
200085cc:	1869      	adds	r1, r5, r1
200085ce:	0424      	lsls	r4, r4, #16
200085d0:	1408      	asrs	r0, r1, #16
200085d2:	0c24      	lsrs	r4, r4, #16
200085d4:	0409      	lsls	r1, r1, #16
200085d6:	430c      	orrs	r4, r1
200085d8:	519c      	str	r4, [r3, r6]
200085da:	3604      	adds	r6, #4
200085dc:	4297      	cmp	r7, r2
200085de:	d8e7      	bhi.n	200085b0 <__mdiff+0x94>
200085e0:	0002      	movs	r2, r0
200085e2:	0038      	movs	r0, r7
200085e4:	465f      	mov	r7, fp
200085e6:	9900      	ldr	r1, [sp, #0]
200085e8:	464b      	mov	r3, r9
200085ea:	4689      	mov	r9, r1
200085ec:	0039      	movs	r1, r7
200085ee:	2600      	movs	r6, #0
200085f0:	3115      	adds	r1, #21
200085f2:	4288      	cmp	r0, r1
200085f4:	4176      	adcs	r6, r6
200085f6:	1bc0      	subs	r0, r0, r7
200085f8:	3815      	subs	r0, #21
200085fa:	0880      	lsrs	r0, r0, #2
200085fc:	0025      	movs	r5, r4
200085fe:	4683      	mov	fp, r0
20008600:	2704      	movs	r7, #4
20008602:	9c01      	ldr	r4, [sp, #4]
20008604:	b2f1      	uxtb	r1, r6
20008606:	2e00      	cmp	r6, #0
20008608:	d136      	bne.n	20008678 <__mdiff+0x15c>
2000860a:	4648      	mov	r0, r9
2000860c:	19c0      	adds	r0, r0, r7
2000860e:	4457      	add	r7, sl
20008610:	46b8      	mov	r8, r7
20008612:	003e      	movs	r6, r7
20008614:	4699      	mov	r9, r3
20008616:	0007      	movs	r7, r0
20008618:	4284      	cmp	r4, r0
2000861a:	d93b      	bls.n	20008694 <__mdiff+0x178>
2000861c:	0013      	movs	r3, r2
2000861e:	cf20      	ldmia	r7!, {r5}
20008620:	0429      	lsls	r1, r5, #16
20008622:	0c09      	lsrs	r1, r1, #16
20008624:	1889      	adds	r1, r1, r2
20008626:	1409      	asrs	r1, r1, #16
20008628:	0c2a      	lsrs	r2, r5, #16
2000862a:	18ed      	adds	r5, r5, r3
2000862c:	1889      	adds	r1, r1, r2
2000862e:	042d      	lsls	r5, r5, #16
20008630:	140a      	asrs	r2, r1, #16
20008632:	0c2d      	lsrs	r5, r5, #16
20008634:	0409      	lsls	r1, r1, #16
20008636:	430d      	orrs	r5, r1
20008638:	c620      	stmia	r6!, {r5}
2000863a:	42bc      	cmp	r4, r7
2000863c:	d8ee      	bhi.n	2000861c <__mdiff+0x100>
2000863e:	3c01      	subs	r4, #1
20008640:	1a22      	subs	r2, r4, r0
20008642:	0892      	lsrs	r2, r2, #2
20008644:	0092      	lsls	r2, r2, #2
20008646:	4442      	add	r2, r8
20008648:	464b      	mov	r3, r9
2000864a:	0016      	movs	r6, r2
2000864c:	2d00      	cmp	r5, #0
2000864e:	d104      	bne.n	2000865a <__mdiff+0x13e>
20008650:	3e04      	subs	r6, #4
20008652:	6832      	ldr	r2, [r6, #0]
20008654:	3b01      	subs	r3, #1
20008656:	2a00      	cmp	r2, #0
20008658:	d0fa      	beq.n	20008650 <__mdiff+0x134>
2000865a:	4662      	mov	r2, ip
2000865c:	6113      	str	r3, [r2, #16]
2000865e:	4660      	mov	r0, ip
20008660:	b003      	add	sp, #12
20008662:	bcf0      	pop	{r4, r5, r6, r7}
20008664:	46bb      	mov	fp, r7
20008666:	46b2      	mov	sl, r6
20008668:	46a9      	mov	r9, r5
2000866a:	46a0      	mov	r8, r4
2000866c:	bdf0      	pop	{r4, r5, r6, r7, pc}
2000866e:	2501      	movs	r5, #1
20008670:	2900      	cmp	r1, #0
20008672:	db00      	blt.n	20008676 <__mdiff+0x15a>
20008674:	e776      	b.n	20008564 <__mdiff+0x48>
20008676:	e779      	b.n	2000856c <__mdiff+0x50>
20008678:	1c47      	adds	r7, r0, #1
2000867a:	00bf      	lsls	r7, r7, #2
2000867c:	e7c5      	b.n	2000860a <__mdiff+0xee>
2000867e:	2100      	movs	r1, #0
20008680:	f7ff fc10 	bl	20007ea4 <_Balloc>
20008684:	4684      	mov	ip, r0
20008686:	2800      	cmp	r0, #0
20008688:	d013      	beq.n	200086b2 <__mdiff+0x196>
2000868a:	2301      	movs	r3, #1
2000868c:	6103      	str	r3, [r0, #16]
2000868e:	2300      	movs	r3, #0
20008690:	6143      	str	r3, [r0, #20]
20008692:	e7e4      	b.n	2000865e <__mdiff+0x142>
20008694:	2600      	movs	r6, #0
20008696:	2900      	cmp	r1, #0
20008698:	d101      	bne.n	2000869e <__mdiff+0x182>
2000869a:	4456      	add	r6, sl
2000869c:	e7d6      	b.n	2000864c <__mdiff+0x130>
2000869e:	465a      	mov	r2, fp
200086a0:	0096      	lsls	r6, r2, #2
200086a2:	4456      	add	r6, sl
200086a4:	e7d2      	b.n	2000864c <__mdiff+0x130>
200086a6:	2200      	movs	r2, #0
200086a8:	4b05      	ldr	r3, [pc, #20]	@ (200086c0 <__mdiff+0x1a4>)
200086aa:	4806      	ldr	r0, [pc, #24]	@ (200086c4 <__mdiff+0x1a8>)
200086ac:	4906      	ldr	r1, [pc, #24]	@ (200086c8 <__mdiff+0x1ac>)
200086ae:	f7fc fe45 	bl	2000533c <__assert_func>
200086b2:	2200      	movs	r2, #0
200086b4:	4b02      	ldr	r3, [pc, #8]	@ (200086c0 <__mdiff+0x1a4>)
200086b6:	4803      	ldr	r0, [pc, #12]	@ (200086c4 <__mdiff+0x1a8>)
200086b8:	4904      	ldr	r1, [pc, #16]	@ (200086cc <__mdiff+0x1b0>)
200086ba:	f7fc fe3f 	bl	2000533c <__assert_func>
200086be:	46c0      	nop			@ (mov r8, r8)
200086c0:	200098b0 	.word	0x200098b0
200086c4:	200098f8 	.word	0x200098f8
200086c8:	00000245 	.word	0x00000245
200086cc:	00000237 	.word	0x00000237

200086d0 <__ulp>:
200086d0:	4a0d      	ldr	r2, [pc, #52]	@ (20008708 <__ulp+0x38>)
200086d2:	4b0e      	ldr	r3, [pc, #56]	@ (2000870c <__ulp+0x3c>)
200086d4:	4694      	mov	ip, r2
200086d6:	400b      	ands	r3, r1
200086d8:	4463      	add	r3, ip
200086da:	2200      	movs	r2, #0
200086dc:	2b00      	cmp	r3, #0
200086de:	dd02      	ble.n	200086e6 <__ulp+0x16>
200086e0:	0019      	movs	r1, r3
200086e2:	0010      	movs	r0, r2
200086e4:	4770      	bx	lr
200086e6:	425b      	negs	r3, r3
200086e8:	1519      	asrs	r1, r3, #20
200086ea:	2913      	cmp	r1, #19
200086ec:	dc03      	bgt.n	200086f6 <__ulp+0x26>
200086ee:	2380      	movs	r3, #128	@ 0x80
200086f0:	031b      	lsls	r3, r3, #12
200086f2:	410b      	asrs	r3, r1
200086f4:	e7f4      	b.n	200086e0 <__ulp+0x10>
200086f6:	3914      	subs	r1, #20
200086f8:	2201      	movs	r2, #1
200086fa:	291e      	cmp	r1, #30
200086fc:	dc02      	bgt.n	20008704 <__ulp+0x34>
200086fe:	2280      	movs	r2, #128	@ 0x80
20008700:	0612      	lsls	r2, r2, #24
20008702:	40ca      	lsrs	r2, r1
20008704:	2300      	movs	r3, #0
20008706:	e7eb      	b.n	200086e0 <__ulp+0x10>
20008708:	fcc00000 	.word	0xfcc00000
2000870c:	7ff00000 	.word	0x7ff00000

20008710 <__b2d>:
20008710:	b5f8      	push	{r3, r4, r5, r6, r7, lr}
20008712:	0006      	movs	r6, r0
20008714:	4647      	mov	r7, r8
20008716:	46ce      	mov	lr, r9
20008718:	6904      	ldr	r4, [r0, #16]
2000871a:	3614      	adds	r6, #20
2000871c:	00a4      	lsls	r4, r4, #2
2000871e:	1934      	adds	r4, r6, r4
20008720:	1f23      	subs	r3, r4, #4
20008722:	681d      	ldr	r5, [r3, #0]
20008724:	b580      	push	{r7, lr}
20008726:	0028      	movs	r0, r5
20008728:	000f      	movs	r7, r1
2000872a:	4698      	mov	r8, r3
2000872c:	f7ff fc98 	bl	20008060 <__hi0bits>
20008730:	2220      	movs	r2, #32
20008732:	1a11      	subs	r1, r2, r0
20008734:	0003      	movs	r3, r0
20008736:	6039      	str	r1, [r7, #0]
20008738:	280a      	cmp	r0, #10
2000873a:	dd2e      	ble.n	2000879a <__b2d+0x8a>
2000873c:	0007      	movs	r7, r0
2000873e:	3f0b      	subs	r7, #11
20008740:	4546      	cmp	r6, r8
20008742:	d219      	bcs.n	20008778 <__b2d+0x68>
20008744:	2308      	movs	r3, #8
20008746:	425b      	negs	r3, r3
20008748:	469c      	mov	ip, r3
2000874a:	44a4      	add	ip, r4
2000874c:	4663      	mov	r3, ip
2000874e:	681b      	ldr	r3, [r3, #0]
20008750:	2f00      	cmp	r7, #0
20008752:	d01a      	beq.n	2000878a <__b2d+0x7a>
20008754:	0019      	movs	r1, r3
20008756:	1bd2      	subs	r2, r2, r7
20008758:	40d1      	lsrs	r1, r2
2000875a:	40bd      	lsls	r5, r7
2000875c:	4691      	mov	r9, r2
2000875e:	4a19      	ldr	r2, [pc, #100]	@ (200087c4 <__b2d+0xb4>)
20008760:	430d      	orrs	r5, r1
20008762:	432a      	orrs	r2, r5
20008764:	0011      	movs	r1, r2
20008766:	40bb      	lsls	r3, r7
20008768:	4566      	cmp	r6, ip
2000876a:	d211      	bcs.n	20008790 <__b2d+0x80>
2000876c:	464a      	mov	r2, r9
2000876e:	3c0c      	subs	r4, #12
20008770:	6824      	ldr	r4, [r4, #0]
20008772:	40d4      	lsrs	r4, r2
20008774:	4323      	orrs	r3, r4
20008776:	e00b      	b.n	20008790 <__b2d+0x80>
20008778:	280b      	cmp	r0, #11
2000877a:	d005      	beq.n	20008788 <__b2d+0x78>
2000877c:	40bd      	lsls	r5, r7
2000877e:	4b11      	ldr	r3, [pc, #68]	@ (200087c4 <__b2d+0xb4>)
20008780:	432b      	orrs	r3, r5
20008782:	0019      	movs	r1, r3
20008784:	2300      	movs	r3, #0
20008786:	e003      	b.n	20008790 <__b2d+0x80>
20008788:	2300      	movs	r3, #0
2000878a:	4a0e      	ldr	r2, [pc, #56]	@ (200087c4 <__b2d+0xb4>)
2000878c:	432a      	orrs	r2, r5
2000878e:	0011      	movs	r1, r2
20008790:	0018      	movs	r0, r3
20008792:	bcc0      	pop	{r6, r7}
20008794:	46b9      	mov	r9, r7
20008796:	46b0      	mov	r8, r6
20008798:	bdf8      	pop	{r3, r4, r5, r6, r7, pc}
2000879a:	002f      	movs	r7, r5
2000879c:	3a15      	subs	r2, #21
2000879e:	1a12      	subs	r2, r2, r0
200087a0:	40d7      	lsrs	r7, r2
200087a2:	4691      	mov	r9, r2
200087a4:	4a07      	ldr	r2, [pc, #28]	@ (200087c4 <__b2d+0xb4>)
200087a6:	433a      	orrs	r2, r7
200087a8:	0011      	movs	r1, r2
200087aa:	2700      	movs	r7, #0
200087ac:	4546      	cmp	r6, r8
200087ae:	d203      	bcs.n	200087b8 <__b2d+0xa8>
200087b0:	464a      	mov	r2, r9
200087b2:	3c08      	subs	r4, #8
200087b4:	6827      	ldr	r7, [r4, #0]
200087b6:	40d7      	lsrs	r7, r2
200087b8:	3315      	adds	r3, #21
200087ba:	409d      	lsls	r5, r3
200087bc:	002b      	movs	r3, r5
200087be:	433b      	orrs	r3, r7
200087c0:	e7e6      	b.n	20008790 <__b2d+0x80>
200087c2:	46c0      	nop			@ (mov r8, r8)
200087c4:	3ff00000 	.word	0x3ff00000

200087c8 <__d2b>:
200087c8:	b5f0      	push	{r4, r5, r6, r7, lr}
200087ca:	2101      	movs	r1, #1
200087cc:	b083      	sub	sp, #12
200087ce:	0014      	movs	r4, r2
200087d0:	001d      	movs	r5, r3
200087d2:	f7ff fb67 	bl	20007ea4 <_Balloc>
200087d6:	1e06      	subs	r6, r0, #0
200087d8:	d04a      	beq.n	20008870 <__d2b+0xa8>
200087da:	032b      	lsls	r3, r5, #12
200087dc:	006f      	lsls	r7, r5, #1
200087de:	0b1b      	lsrs	r3, r3, #12
200087e0:	0d7f      	lsrs	r7, r7, #21
200087e2:	d002      	beq.n	200087ea <__d2b+0x22>
200087e4:	2280      	movs	r2, #128	@ 0x80
200087e6:	0352      	lsls	r2, r2, #13
200087e8:	4313      	orrs	r3, r2
200087ea:	9301      	str	r3, [sp, #4]
200087ec:	2c00      	cmp	r4, #0
200087ee:	d116      	bne.n	2000881e <__d2b+0x56>
200087f0:	a801      	add	r0, sp, #4
200087f2:	f7ff fc5b 	bl	200080ac <__lo0bits>
200087f6:	2401      	movs	r4, #1
200087f8:	9b01      	ldr	r3, [sp, #4]
200087fa:	3020      	adds	r0, #32
200087fc:	6173      	str	r3, [r6, #20]
200087fe:	6134      	str	r4, [r6, #16]
20008800:	2f00      	cmp	r7, #0
20008802:	d024      	beq.n	2000884e <__d2b+0x86>
20008804:	4b1d      	ldr	r3, [pc, #116]	@ (2000887c <__d2b+0xb4>)
20008806:	2435      	movs	r4, #53	@ 0x35
20008808:	469c      	mov	ip, r3
2000880a:	9b08      	ldr	r3, [sp, #32]
2000880c:	4467      	add	r7, ip
2000880e:	183f      	adds	r7, r7, r0
20008810:	601f      	str	r7, [r3, #0]
20008812:	1a24      	subs	r4, r4, r0
20008814:	0030      	movs	r0, r6
20008816:	9b09      	ldr	r3, [sp, #36]	@ 0x24
20008818:	601c      	str	r4, [r3, #0]
2000881a:	b003      	add	sp, #12
2000881c:	bdf0      	pop	{r4, r5, r6, r7, pc}
2000881e:	4668      	mov	r0, sp
20008820:	9400      	str	r4, [sp, #0]
20008822:	f7ff fc43 	bl	200080ac <__lo0bits>
20008826:	9c01      	ldr	r4, [sp, #4]
20008828:	2800      	cmp	r0, #0
2000882a:	d01f      	beq.n	2000886c <__d2b+0xa4>
2000882c:	2320      	movs	r3, #32
2000882e:	0022      	movs	r2, r4
20008830:	1a1b      	subs	r3, r3, r0
20008832:	409a      	lsls	r2, r3
20008834:	40c4      	lsrs	r4, r0
20008836:	0013      	movs	r3, r2
20008838:	9a00      	ldr	r2, [sp, #0]
2000883a:	9401      	str	r4, [sp, #4]
2000883c:	4313      	orrs	r3, r2
2000883e:	6173      	str	r3, [r6, #20]
20008840:	61b4      	str	r4, [r6, #24]
20008842:	1e63      	subs	r3, r4, #1
20008844:	419c      	sbcs	r4, r3
20008846:	3401      	adds	r4, #1
20008848:	6134      	str	r4, [r6, #16]
2000884a:	2f00      	cmp	r7, #0
2000884c:	d1da      	bne.n	20008804 <__d2b+0x3c>
2000884e:	4b0c      	ldr	r3, [pc, #48]	@ (20008880 <__d2b+0xb8>)
20008850:	469c      	mov	ip, r3
20008852:	9b08      	ldr	r3, [sp, #32]
20008854:	4460      	add	r0, ip
20008856:	6018      	str	r0, [r3, #0]
20008858:	4b0a      	ldr	r3, [pc, #40]	@ (20008884 <__d2b+0xbc>)
2000885a:	18e3      	adds	r3, r4, r3
2000885c:	009b      	lsls	r3, r3, #2
2000885e:	18f3      	adds	r3, r6, r3
20008860:	6958      	ldr	r0, [r3, #20]
20008862:	f7ff fbfd 	bl	20008060 <__hi0bits>
20008866:	0164      	lsls	r4, r4, #5
20008868:	1a24      	subs	r4, r4, r0
2000886a:	e7d3      	b.n	20008814 <__d2b+0x4c>
2000886c:	9b00      	ldr	r3, [sp, #0]
2000886e:	e7e6      	b.n	2000883e <__d2b+0x76>
20008870:	2200      	movs	r2, #0
20008872:	4b05      	ldr	r3, [pc, #20]	@ (20008888 <__d2b+0xc0>)
20008874:	4805      	ldr	r0, [pc, #20]	@ (2000888c <__d2b+0xc4>)
20008876:	4906      	ldr	r1, [pc, #24]	@ (20008890 <__d2b+0xc8>)
20008878:	f7fc fd60 	bl	2000533c <__assert_func>
2000887c:	fffffbcd 	.word	0xfffffbcd
20008880:	fffffbce 	.word	0xfffffbce
20008884:	3fffffff 	.word	0x3fffffff
20008888:	200098b0 	.word	0x200098b0
2000888c:	200098f8 	.word	0x200098f8
20008890:	0000030f 	.word	0x0000030f

20008894 <__ratio>:
20008894:	b5f0      	push	{r4, r5, r6, r7, lr}
20008896:	46ce      	mov	lr, r9
20008898:	4647      	mov	r7, r8
2000889a:	b580      	push	{r7, lr}
2000889c:	b085      	sub	sp, #20
2000889e:	4688      	mov	r8, r1
200088a0:	a902      	add	r1, sp, #8
200088a2:	4681      	mov	r9, r0
200088a4:	f7ff ff34 	bl	20008710 <__b2d>
200088a8:	0004      	movs	r4, r0
200088aa:	000d      	movs	r5, r1
200088ac:	4640      	mov	r0, r8
200088ae:	a903      	add	r1, sp, #12
200088b0:	f7ff ff2e 	bl	20008710 <__b2d>
200088b4:	0002      	movs	r2, r0
200088b6:	000b      	movs	r3, r1
200088b8:	4640      	mov	r0, r8
200088ba:	4649      	mov	r1, r9
200088bc:	6900      	ldr	r0, [r0, #16]
200088be:	6909      	ldr	r1, [r1, #16]
200088c0:	9200      	str	r2, [sp, #0]
200088c2:	9301      	str	r3, [sp, #4]
200088c4:	1a09      	subs	r1, r1, r0
200088c6:	0149      	lsls	r1, r1, #5
200088c8:	4688      	mov	r8, r1
200088ca:	9802      	ldr	r0, [sp, #8]
200088cc:	9903      	ldr	r1, [sp, #12]
200088ce:	1a40      	subs	r0, r0, r1
200088d0:	0001      	movs	r1, r0
200088d2:	4441      	add	r1, r8
200088d4:	2900      	cmp	r1, #0
200088d6:	dd0b      	ble.n	200088f0 <__ratio+0x5c>
200088d8:	0509      	lsls	r1, r1, #20
200088da:	194f      	adds	r7, r1, r5
200088dc:	003d      	movs	r5, r7
200088de:	0020      	movs	r0, r4
200088e0:	0029      	movs	r1, r5
200088e2:	f7fa fbea 	bl	200030ba <__wrap___aeabi_ddiv>
200088e6:	b005      	add	sp, #20
200088e8:	bcc0      	pop	{r6, r7}
200088ea:	46b9      	mov	r9, r7
200088ec:	46b0      	mov	r8, r6
200088ee:	bdf0      	pop	{r4, r5, r6, r7, pc}
200088f0:	0509      	lsls	r1, r1, #20
200088f2:	1a5b      	subs	r3, r3, r1
200088f4:	9301      	str	r3, [sp, #4]
200088f6:	9a00      	ldr	r2, [sp, #0]
200088f8:	9b01      	ldr	r3, [sp, #4]
200088fa:	e7f0      	b.n	200088de <__ratio+0x4a>

200088fc <_mprec_log10>:
200088fc:	b510      	push	{r4, lr}
200088fe:	0004      	movs	r4, r0
20008900:	2817      	cmp	r0, #23
20008902:	dd09      	ble.n	20008918 <_mprec_log10+0x1c>
20008904:	2000      	movs	r0, #0
20008906:	4907      	ldr	r1, [pc, #28]	@ (20008924 <_mprec_log10+0x28>)
20008908:	2200      	movs	r2, #0
2000890a:	4b07      	ldr	r3, [pc, #28]	@ (20008928 <_mprec_log10+0x2c>)
2000890c:	3c01      	subs	r4, #1
2000890e:	f7fa fbf2 	bl	200030f6 <__wrap___aeabi_dmul>
20008912:	2c00      	cmp	r4, #0
20008914:	d1f8      	bne.n	20008908 <_mprec_log10+0xc>
20008916:	bd10      	pop	{r4, pc}
20008918:	4b04      	ldr	r3, [pc, #16]	@ (2000892c <_mprec_log10+0x30>)
2000891a:	00c4      	lsls	r4, r0, #3
2000891c:	191b      	adds	r3, r3, r4
2000891e:	6818      	ldr	r0, [r3, #0]
20008920:	6859      	ldr	r1, [r3, #4]
20008922:	e7f8      	b.n	20008916 <_mprec_log10+0x1a>
20008924:	3ff00000 	.word	0x3ff00000
20008928:	40240000 	.word	0x40240000
2000892c:	2000a180 	.word	0x2000a180

20008930 <__copybits>:
20008930:	0013      	movs	r3, r2
20008932:	3901      	subs	r1, #1
20008934:	b570      	push	{r4, r5, r6, lr}
20008936:	114c      	asrs	r4, r1, #5
20008938:	6911      	ldr	r1, [r2, #16]
2000893a:	3401      	adds	r4, #1
2000893c:	3314      	adds	r3, #20
2000893e:	0089      	lsls	r1, r1, #2
20008940:	00a4      	lsls	r4, r4, #2
20008942:	1859      	adds	r1, r3, r1
20008944:	1904      	adds	r4, r0, r4
20008946:	428b      	cmp	r3, r1
20008948:	d20a      	bcs.n	20008960 <__copybits+0x30>
2000894a:	0005      	movs	r5, r0
2000894c:	cb40      	ldmia	r3!, {r6}
2000894e:	c540      	stmia	r5!, {r6}
20008950:	4299      	cmp	r1, r3
20008952:	d8fb      	bhi.n	2000894c <__copybits+0x1c>
20008954:	1a8b      	subs	r3, r1, r2
20008956:	3b15      	subs	r3, #21
20008958:	089b      	lsrs	r3, r3, #2
2000895a:	3301      	adds	r3, #1
2000895c:	009b      	lsls	r3, r3, #2
2000895e:	18c0      	adds	r0, r0, r3
20008960:	4284      	cmp	r4, r0
20008962:	d903      	bls.n	2000896c <__copybits+0x3c>
20008964:	2300      	movs	r3, #0
20008966:	c008      	stmia	r0!, {r3}
20008968:	4284      	cmp	r4, r0
2000896a:	d8fc      	bhi.n	20008966 <__copybits+0x36>
2000896c:	bd70      	pop	{r4, r5, r6, pc}
2000896e:	46c0      	nop			@ (mov r8, r8)

20008970 <__any_on>:
20008970:	b510      	push	{r4, lr}
20008972:	0004      	movs	r4, r0
20008974:	6902      	ldr	r2, [r0, #16]
20008976:	3414      	adds	r4, #20
20008978:	1148      	asrs	r0, r1, #5
2000897a:	4282      	cmp	r2, r0
2000897c:	da0a      	bge.n	20008994 <__any_on+0x24>
2000897e:	0092      	lsls	r2, r2, #2
20008980:	18a3      	adds	r3, r4, r2
20008982:	e003      	b.n	2000898c <__any_on+0x1c>
20008984:	3b04      	subs	r3, #4
20008986:	681a      	ldr	r2, [r3, #0]
20008988:	2a00      	cmp	r2, #0
2000898a:	d114      	bne.n	200089b6 <__any_on+0x46>
2000898c:	42a3      	cmp	r3, r4
2000898e:	d8f9      	bhi.n	20008984 <__any_on+0x14>
20008990:	2000      	movs	r0, #0
20008992:	bd10      	pop	{r4, pc}
20008994:	0083      	lsls	r3, r0, #2
20008996:	18e3      	adds	r3, r4, r3
20008998:	4282      	cmp	r2, r0
2000899a:	ddf7      	ble.n	2000898c <__any_on+0x1c>
2000899c:	221f      	movs	r2, #31
2000899e:	0010      	movs	r0, r2
200089a0:	4008      	ands	r0, r1
200089a2:	420a      	tst	r2, r1
200089a4:	d0f2      	beq.n	2000898c <__any_on+0x1c>
200089a6:	6819      	ldr	r1, [r3, #0]
200089a8:	000a      	movs	r2, r1
200089aa:	40c2      	lsrs	r2, r0
200089ac:	4082      	lsls	r2, r0
200089ae:	2001      	movs	r0, #1
200089b0:	4291      	cmp	r1, r2
200089b2:	d1ee      	bne.n	20008992 <__any_on+0x22>
200089b4:	e7ea      	b.n	2000898c <__any_on+0x1c>
200089b6:	2001      	movs	r0, #1
200089b8:	e7eb      	b.n	20008992 <__any_on+0x22>
200089ba:	46c0      	nop			@ (mov r8, r8)

Disassembly of section .data:

200089c0 <mutex_try_enter>:
200089c0:	0003      	movs	r3, r0
200089c2:	6800      	ldr	r0, [r0, #0]
200089c4:	f3ef 8c10 	mrs	ip, PRIMASK
200089c8:	b672      	cpsid	i
200089ca:	6802      	ldr	r2, [r0, #0]
200089cc:	2a00      	cmp	r2, #0
200089ce:	d0fc      	beq.n	200089ca <mutex_try_enter+0xa>
200089d0:	f3bf 8f5f 	dmb	sy
200089d4:	2204      	movs	r2, #4
200089d6:	569a      	ldrsb	r2, [r3, r2]
200089d8:	2a00      	cmp	r2, #0
200089da:	db04      	blt.n	200089e6 <mutex_try_enter+0x26>
200089dc:	2900      	cmp	r1, #0
200089de:	d000      	beq.n	200089e2 <mutex_try_enter+0x22>
200089e0:	600a      	str	r2, [r1, #0]
200089e2:	2000      	movs	r0, #0
200089e4:	e004      	b.n	200089f0 <mutex_try_enter+0x30>
200089e6:	22d0      	movs	r2, #208	@ 0xd0
200089e8:	2001      	movs	r0, #1
200089ea:	0612      	lsls	r2, r2, #24
200089ec:	6812      	ldr	r2, [r2, #0]
200089ee:	711a      	strb	r2, [r3, #4]
200089f0:	681b      	ldr	r3, [r3, #0]
200089f2:	f3bf 8f5f 	dmb	sy
200089f6:	2200      	movs	r2, #0
200089f8:	601a      	str	r2, [r3, #0]
200089fa:	f38c 8810 	msr	PRIMASK, ip
200089fe:	4770      	bx	lr

20008a00 <mutex_enter_block_until>:
20008a00:	b5f0      	push	{r4, r5, r6, r7, lr}
20008a02:	464f      	mov	r7, r9
20008a04:	46d6      	mov	lr, sl
20008a06:	4646      	mov	r6, r8
20008a08:	b5c0      	push	{r6, r7, lr}
20008a0a:	001f      	movs	r7, r3
20008a0c:	23d0      	movs	r3, #208	@ 0xd0
20008a0e:	061b      	lsls	r3, r3, #24
20008a10:	681b      	ldr	r3, [r3, #0]
20008a12:	0004      	movs	r4, r0
20008a14:	469a      	mov	sl, r3
20008a16:	2300      	movs	r3, #0
20008a18:	4690      	mov	r8, r2
20008a1a:	4699      	mov	r9, r3
20008a1c:	e00c      	b.n	20008a38 <mutex_enter_block_until+0x38>
20008a1e:	6822      	ldr	r2, [r4, #0]
20008a20:	f3bf 8f5f 	dmb	sy
20008a24:	4649      	mov	r1, r9
20008a26:	6011      	str	r1, [r2, #0]
20008a28:	f383 8810 	msr	PRIMASK, r3
20008a2c:	4640      	mov	r0, r8
20008a2e:	0039      	movs	r1, r7
20008a30:	f7f9 fc28 	bl	20002284 <best_effort_wfe_or_timeout>
20008a34:	2800      	cmp	r0, #0
20008a36:	d11a      	bne.n	20008a6e <mutex_enter_block_until+0x6e>
20008a38:	6826      	ldr	r6, [r4, #0]
20008a3a:	f3ef 8310 	mrs	r3, PRIMASK
20008a3e:	b672      	cpsid	i
20008a40:	6835      	ldr	r5, [r6, #0]
20008a42:	2d00      	cmp	r5, #0
20008a44:	d0fc      	beq.n	20008a40 <mutex_enter_block_until+0x40>
20008a46:	f3bf 8f5f 	dmb	sy
20008a4a:	7925      	ldrb	r5, [r4, #4]
20008a4c:	2d7f      	cmp	r5, #127	@ 0x7f
20008a4e:	d9e6      	bls.n	20008a1e <mutex_enter_block_until+0x1e>
20008a50:	4652      	mov	r2, sl
20008a52:	7122      	strb	r2, [r4, #4]
20008a54:	6822      	ldr	r2, [r4, #0]
20008a56:	f3bf 8f5f 	dmb	sy
20008a5a:	2100      	movs	r1, #0
20008a5c:	6011      	str	r1, [r2, #0]
20008a5e:	f383 8810 	msr	PRIMASK, r3
20008a62:	2001      	movs	r0, #1
20008a64:	bce0      	pop	{r5, r6, r7}
20008a66:	46ba      	mov	sl, r7
20008a68:	46b1      	mov	r9, r6
20008a6a:	46a8      	mov	r8, r5
20008a6c:	bdf0      	pop	{r4, r5, r6, r7, pc}
20008a6e:	2000      	movs	r0, #0
20008a70:	e7f8      	b.n	20008a64 <mutex_enter_block_until+0x64>
20008a72:	46c0      	nop			@ (mov r8, r8)

20008a74 <mutex_try_enter_block_until>:
20008a74:	b570      	push	{r4, r5, r6, lr}
20008a76:	b082      	sub	sp, #8
20008a78:	a901      	add	r1, sp, #4
20008a7a:	0004      	movs	r4, r0
20008a7c:	0016      	movs	r6, r2
20008a7e:	001d      	movs	r5, r3
20008a80:	f7ff ff9e 	bl	200089c0 <mutex_try_enter>
20008a84:	2800      	cmp	r0, #0
20008a86:	d107      	bne.n	20008a98 <mutex_try_enter_block_until+0x24>
20008a88:	23d0      	movs	r3, #208	@ 0xd0
20008a8a:	061b      	lsls	r3, r3, #24
20008a8c:	9901      	ldr	r1, [sp, #4]
20008a8e:	781b      	ldrb	r3, [r3, #0]
20008a90:	b249      	sxtb	r1, r1
20008a92:	b25b      	sxtb	r3, r3
20008a94:	4299      	cmp	r1, r3
20008a96:	d101      	bne.n	20008a9c <mutex_try_enter_block_until+0x28>
20008a98:	b002      	add	sp, #8
20008a9a:	bd70      	pop	{r4, r5, r6, pc}
20008a9c:	0032      	movs	r2, r6
20008a9e:	002b      	movs	r3, r5
20008aa0:	0020      	movs	r0, r4
20008aa2:	f7ff ffad 	bl	20008a00 <mutex_enter_block_until>
20008aa6:	e7f7      	b.n	20008a98 <mutex_try_enter_block_until+0x24>

20008aa8 <mutex_exit>:
20008aa8:	6802      	ldr	r2, [r0, #0]
20008aaa:	f3ef 8110 	mrs	r1, PRIMASK
20008aae:	b672      	cpsid	i
20008ab0:	6813      	ldr	r3, [r2, #0]
20008ab2:	2b00      	cmp	r3, #0
20008ab4:	d0fc      	beq.n	20008ab0 <mutex_exit+0x8>
20008ab6:	f3bf 8f5f 	dmb	sy
20008aba:	23ff      	movs	r3, #255	@ 0xff
20008abc:	7103      	strb	r3, [r0, #4]
20008abe:	6803      	ldr	r3, [r0, #0]
20008ac0:	f3bf 8f5f 	dmb	sy
20008ac4:	2200      	movs	r2, #0
20008ac6:	601a      	str	r2, [r3, #0]
20008ac8:	f381 8810 	msr	PRIMASK, r1
20008acc:	bf40      	sev
20008ace:	4770      	bx	lr
20008ad0:	0000002d 	.word	0x0000002d
20008ad4:	00736579 	.word	0x00736579
20008ad8:	00006f6e 	.word	0x00006f6e
20008adc:	73736170 	.word	0x73736170
20008ae0:	00000000 	.word	0x00000000
20008ae4:	6c696166 	.word	0x6c696166
20008ae8:	00000000 	.word	0x00000000
20008aec:	65732820 	.word	0x65732820
20008af0:	726f736e 	.word	0x726f736e
20008af4:	70657220 	.word	0x70657220
20008af8:	6574726f 	.word	0x6574726f
20008afc:	20612064 	.word	0x20612064
20008b00:	666c616d 	.word	0x666c616d
20008b04:	74636e75 	.word	0x74636e75
20008b08:	296e6f69 	.word	0x296e6f69
20008b0c:	00000000 	.word	0x00000000
20008b10:	6c756f63 	.word	0x6c756f63
20008b14:	6f6e2064 	.word	0x6f6e2064
20008b18:	65732074 	.word	0x65732074
20008b1c:	53412074 	.word	0x53412074
20008b20:	00000043 	.word	0x00000043
20008b24:	6c756f63 	.word	0x6c756f63
20008b28:	6f6e2064 	.word	0x6f6e2064
20008b2c:	65722074 	.word	0x65722074
20008b30:	41206461 	.word	0x41206461
20008b34:	00004353 	.word	0x00004353
20008b38:	00006e6f 	.word	0x00006e6f
20008b3c:	0066666f 	.word	0x0066666f
20008b40:	6c756f63 	.word	0x6c756f63
20008b44:	6f6e2064 	.word	0x6f6e2064
20008b48:	65732074 	.word	0x65732074
20008b4c:	65742074 	.word	0x65742074
20008b50:	7265706d 	.word	0x7265706d
20008b54:	72757461 	.word	0x72757461
20008b58:	666f2065 	.word	0x666f2065
20008b5c:	74657366 	.word	0x74657366
20008b60:	00000000 	.word	0x00000000
20008b64:	6c756f63 	.word	0x6c756f63
20008b68:	6f6e2064 	.word	0x6f6e2064
20008b6c:	65722074 	.word	0x65722074
20008b70:	74206461 	.word	0x74206461
20008b74:	65706d65 	.word	0x65706d65
20008b78:	75746172 	.word	0x75746172
20008b7c:	6f206572 	.word	0x6f206572
20008b80:	65736666 	.word	0x65736666
20008b84:	00000074 	.word	0x00000074
20008b88:	7366666f 	.word	0x7366666f
20008b8c:	203a7465 	.word	0x203a7465
20008b90:	20746573 	.word	0x20746573
20008b94:	00000000 	.word	0x00000000
20008b98:	7366666f 	.word	0x7366666f
20008b9c:	203a7465 	.word	0x203a7465
20008ba0:	00000000 	.word	0x00000000
20008ba4:	6c756f63 	.word	0x6c756f63
20008ba8:	6f6e2064 	.word	0x6f6e2064
20008bac:	65732074 	.word	0x65732074
20008bb0:	6c612074 	.word	0x6c612074
20008bb4:	75746974 	.word	0x75746974
20008bb8:	00006564 	.word	0x00006564
20008bbc:	6c756f63 	.word	0x6c756f63
20008bc0:	6f6e2064 	.word	0x6f6e2064
20008bc4:	65722074 	.word	0x65722074
20008bc8:	61206461 	.word	0x61206461
20008bcc:	7469746c 	.word	0x7469746c
20008bd0:	00656475 	.word	0x00656475
20008bd4:	69726570 	.word	0x69726570
20008bd8:	6369646f 	.word	0x6369646f
20008bdc:	00000000 	.word	0x00000000
20008be0:	676e6973 	.word	0x676e6973
20008be4:	0000656c 	.word	0x0000656c
20008be8:	746f6f62 	.word	0x746f6f62
20008bec:	3a676e69 	.word	0x3a676e69
20008bf0:	44435320 	.word	0x44435320
20008bf4:	70203134 	.word	0x70203134
20008bf8:	7265776f 	.word	0x7265776f
20008bfc:	2c70752d 	.word	0x2c70752d
20008c00:	20642520 	.word	0x20642520
20008c04:	7220736d 	.word	0x7220736d
20008c08:	69616d65 	.word	0x69616d65
20008c0c:	676e696e 	.word	0x676e696e
20008c10:	00000a0d 	.word	0x00000a0d
20008c14:	20637263 	.word	0x20637263
20008c18:	666c6573 	.word	0x666c6573
20008c1c:	6568632d 	.word	0x6568632d
20008c20:	203a6b63 	.word	0x203a6b63
20008c24:	4c494146 	.word	0x4c494146
20008c28:	203b4445 	.word	0x203b4445
20008c2c:	28435243 	.word	0x28435243
20008c30:	45427830 	.word	0x45427830
20008c34:	20294645 	.word	0x20294645
20008c38:	20646964 	.word	0x20646964
20008c3c:	20746f6e 	.word	0x20746f6e
20008c40:	61757165 	.word	0x61757165
20008c44:	7830206c 	.word	0x7830206c
20008c48:	203b3239 	.word	0x203b3239
20008c4c:	736e6573 	.word	0x736e6573
20008c50:	6320726f 	.word	0x6320726f
20008c54:	616d6d6f 	.word	0x616d6d6f
20008c58:	2073646e 	.word	0x2073646e
20008c5c:	61736964 	.word	0x61736964
20008c60:	64656c62 	.word	0x64656c62
20008c64:	00000a0d 	.word	0x00000a0d
20008c68:	20637263 	.word	0x20637263
20008c6c:	666c6573 	.word	0x666c6573
20008c70:	6568632d 	.word	0x6568632d
20008c74:	203a6b63 	.word	0x203a6b63
20008c78:	73736170 	.word	0x73736170
20008c7c:	203b6465 	.word	0x203b6465
20008c80:	28435243 	.word	0x28435243
20008c84:	45427830 	.word	0x45427830
20008c88:	20294645 	.word	0x20294645
20008c8c:	7830203d 	.word	0x7830203d
20008c90:	0a0d3239 	.word	0x0a0d3239
20008c94:	00000000 	.word	0x00000000
20008c98:	65646f6d 	.word	0x65646f6d
20008c9c:	6570203a 	.word	0x6570203a
20008ca0:	646f6972 	.word	0x646f6972
20008ca4:	6d206369 	.word	0x6d206369
20008ca8:	75736165 	.word	0x75736165
20008cac:	656d6572 	.word	0x656d6572
20008cb0:	7320746e 	.word	0x7320746e
20008cb4:	74726174 	.word	0x74726174
20008cb8:	0a0d6465 	.word	0x0a0d6465
20008cbc:	00000000 	.word	0x00000000
20008cc0:	6c756f63 	.word	0x6c756f63
20008cc4:	6f6e2064 	.word	0x6f6e2064
20008cc8:	74732074 	.word	0x74732074
20008ccc:	20747261 	.word	0x20747261
20008cd0:	69726570 	.word	0x69726570
20008cd4:	6369646f 	.word	0x6369646f
20008cd8:	61656d20 	.word	0x61656d20
20008cdc:	65727573 	.word	0x65727573
20008ce0:	746e656d 	.word	0x746e656d
20008ce4:	00000000 	.word	0x00000000
20008ce8:	6f727265 	.word	0x6f727265
20008cec:	25203a72 	.word	0x25203a72
20008cf0:	25203a73 	.word	0x25203a73
20008cf4:	000a0d73 	.word	0x000a0d73
20008cf8:	736e6f63 	.word	0x736e6f63
20008cfc:	20656c6f 	.word	0x20656c6f
20008d00:	64616572 	.word	0x64616572
20008d04:	74203b79 	.word	0x74203b79
20008d08:	20657079 	.word	0x20657079
20008d0c:	706c6568 	.word	0x706c6568
20008d10:	00000a0d 	.word	0x00000a0d
20008d14:	00326f63 	.word	0x00326f63
20008d18:	656a6572 	.word	0x656a6572
20008d1c:	64657463 	.word	0x64657463
20008d20:	6f63203a 	.word	0x6f63203a
20008d24:	61742032 	.word	0x61742032
20008d28:	2073656b 	.word	0x2073656b
20008d2c:	61206f6e 	.word	0x61206f6e
20008d30:	6d756772 	.word	0x6d756772
20008d34:	73746e65 	.word	0x73746e65
20008d38:	7865203b 	.word	0x7865203b
20008d3c:	6c706d61 	.word	0x6c706d61
20008d40:	63203a65 	.word	0x63203a65
20008d44:	0a0d326f 	.word	0x0a0d326f
20008d48:	00000000 	.word	0x00000000
20008d4c:	676e6973 	.word	0x676e6973
20008d50:	732d656c 	.word	0x732d656c
20008d54:	20746f68 	.word	0x20746f68
20008d58:	7361656d 	.word	0x7361656d
20008d5c:	6d657275 	.word	0x6d657275
20008d60:	3a746e65 	.word	0x3a746e65
20008d64:	69617720 	.word	0x69617720
20008d68:	676e6974 	.word	0x676e6974
20008d6c:	30303520 	.word	0x30303520
20008d70:	736d2030 	.word	0x736d2030
20008d74:	00000a0d 	.word	0x00000a0d
20008d78:	3a326f63 	.word	0x3a326f63
20008d7c:	206f6e20 	.word	0x206f6e20
20008d80:	69726570 	.word	0x69726570
20008d84:	6369646f 	.word	0x6369646f
20008d88:	61656d20 	.word	0x61656d20
20008d8c:	65727573 	.word	0x65727573
20008d90:	746e656d 	.word	0x746e656d
20008d94:	61766120 	.word	0x61766120
20008d98:	62616c69 	.word	0x62616c69
20008d9c:	7920656c 	.word	0x7920656c
20008da0:	203b7465 	.word	0x203b7465
20008da4:	20797274 	.word	0x20797274
20008da8:	69616761 	.word	0x69616761
20008dac:	6661206e 	.word	0x6661206e
20008db0:	20726574 	.word	0x20726574
20008db4:	65732035 	.word	0x65732035
20008db8:	646e6f63 	.word	0x646e6f63
20008dbc:	000a0d73 	.word	0x000a0d73
20008dc0:	6c756f63 	.word	0x6c756f63
20008dc4:	6f6e2064 	.word	0x6f6e2064
20008dc8:	65722074 	.word	0x65722074
20008dcc:	6d206461 	.word	0x6d206461
20008dd0:	75736165 	.word	0x75736165
20008dd4:	656d6572 	.word	0x656d6572
20008dd8:	0000746e 	.word	0x0000746e
20008ddc:	3a326f63 	.word	0x3a326f63
20008de0:	20752520 	.word	0x20752520
20008de4:	2c6d7070 	.word	0x2c6d7070
20008de8:	6d657420 	.word	0x6d657420
20008dec:	61726570 	.word	0x61726570
20008df0:	65727574 	.word	0x65727574
20008df4:	0000203a 	.word	0x0000203a
20008df8:	6c257325 	.word	0x6c257325
20008dfc:	30252e75 	.word	0x30252e75
20008e00:	25756c33 	.word	0x25756c33
20008e04:	00000073 	.word	0x00000073
20008e08:	67656420 	.word	0x67656420
20008e0c:	73656572 	.word	0x73656572
20008e10:	00004320 	.word	0x00004320
20008e14:	7568202c 	.word	0x7568202c
20008e18:	6964696d 	.word	0x6964696d
20008e1c:	203a7974 	.word	0x203a7974
20008e20:	00000000 	.word	0x00000000
20008e24:	48522520 	.word	0x48522520
20008e28:	00000a0d 	.word	0x00000a0d
20008e2c:	64616572 	.word	0x64616572
20008e30:	00000079 	.word	0x00000079
20008e34:	656a6572 	.word	0x656a6572
20008e38:	64657463 	.word	0x64657463
20008e3c:	6572203a 	.word	0x6572203a
20008e40:	20796461 	.word	0x20796461
20008e44:	656b6174 	.word	0x656b6174
20008e48:	6f6e2073 	.word	0x6f6e2073
20008e4c:	67726120 	.word	0x67726120
20008e50:	6e656d75 	.word	0x6e656d75
20008e54:	203b7374 	.word	0x203b7374
20008e58:	6d617865 	.word	0x6d617865
20008e5c:	3a656c70 	.word	0x3a656c70
20008e60:	61657220 	.word	0x61657220
20008e64:	0a0d7964 	.word	0x0a0d7964
20008e68:	00000000 	.word	0x00000000
20008e6c:	6c756f63 	.word	0x6c756f63
20008e70:	6f6e2064 	.word	0x6f6e2064
20008e74:	65722074 	.word	0x65722074
20008e78:	64206461 	.word	0x64206461
20008e7c:	2d617461 	.word	0x2d617461
20008e80:	64616572 	.word	0x64616572
20008e84:	74732079 	.word	0x74732079
20008e88:	73757461 	.word	0x73757461
20008e8c:	00000000 	.word	0x00000000
20008e90:	61746164 	.word	0x61746164
20008e94:	61657220 	.word	0x61657220
20008e98:	203a7964 	.word	0x203a7964
20008e9c:	0a0d7325 	.word	0x0a0d7325
20008ea0:	00000000 	.word	0x00000000
20008ea4:	69726573 	.word	0x69726573
20008ea8:	00006c61 	.word	0x00006c61
20008eac:	656a6572 	.word	0x656a6572
20008eb0:	64657463 	.word	0x64657463
20008eb4:	6573203a 	.word	0x6573203a
20008eb8:	6c616972 	.word	0x6c616972
20008ebc:	6b617420 	.word	0x6b617420
20008ec0:	6e207365 	.word	0x6e207365
20008ec4:	7261206f 	.word	0x7261206f
20008ec8:	656d7567 	.word	0x656d7567
20008ecc:	3b73746e 	.word	0x3b73746e
20008ed0:	61786520 	.word	0x61786520
20008ed4:	656c706d 	.word	0x656c706d
20008ed8:	6573203a 	.word	0x6573203a
20008edc:	6c616972 	.word	0x6c616972
20008ee0:	00000a0d 	.word	0x00000a0d
20008ee4:	6c756f63 	.word	0x6c756f63
20008ee8:	6f6e2064 	.word	0x6f6e2064
20008eec:	74732074 	.word	0x74732074
20008ef0:	7020706f 	.word	0x7020706f
20008ef4:	6f697265 	.word	0x6f697265
20008ef8:	20636964 	.word	0x20636964
20008efc:	7361656d 	.word	0x7361656d
20008f00:	6d657275 	.word	0x6d657275
20008f04:	00746e65 	.word	0x00746e65
20008f08:	6c756f63 	.word	0x6c756f63
20008f0c:	6f6e2064 	.word	0x6f6e2064
20008f10:	65722074 	.word	0x65722074
20008f14:	726f7473 	.word	0x726f7473
20008f18:	65702065 	.word	0x65702065
20008f1c:	646f6972 	.word	0x646f6972
20008f20:	6d206369 	.word	0x6d206369
20008f24:	75736165 	.word	0x75736165
20008f28:	656d6572 	.word	0x656d6572
20008f2c:	0000746e 	.word	0x0000746e
20008f30:	6c756f63 	.word	0x6c756f63
20008f34:	6f6e2064 	.word	0x6f6e2064
20008f38:	65722074 	.word	0x65722074
20008f3c:	73206461 	.word	0x73206461
20008f40:	61697265 	.word	0x61697265
20008f44:	756e206c 	.word	0x756e206c
20008f48:	7265626d 	.word	0x7265626d
20008f4c:	00000000 	.word	0x00000000
20008f50:	69726573 	.word	0x69726573
20008f54:	203a6c61 	.word	0x203a6c61
20008f58:	58343025 	.word	0x58343025
20008f5c:	58343025 	.word	0x58343025
20008f60:	58343025 	.word	0x58343025
20008f64:	00000a0d 	.word	0x00000a0d
20008f68:	666c6573 	.word	0x666c6573
20008f6c:	74736574 	.word	0x74736574
20008f70:	00000000 	.word	0x00000000
20008f74:	656a6572 	.word	0x656a6572
20008f78:	64657463 	.word	0x64657463
20008f7c:	6573203a 	.word	0x6573203a
20008f80:	6574666c 	.word	0x6574666c
20008f84:	74207473 	.word	0x74207473
20008f88:	73656b61 	.word	0x73656b61
20008f8c:	206f6e20 	.word	0x206f6e20
20008f90:	75677261 	.word	0x75677261
20008f94:	746e656d 	.word	0x746e656d
20008f98:	65203b73 	.word	0x65203b73
20008f9c:	706d6178 	.word	0x706d6178
20008fa0:	203a656c 	.word	0x203a656c
20008fa4:	666c6573 	.word	0x666c6573
20008fa8:	74736574 	.word	0x74736574
20008fac:	00000a0d 	.word	0x00000a0d
20008fb0:	666c6573 	.word	0x666c6573
20008fb4:	7365742d 	.word	0x7365742d
20008fb8:	72203a74 	.word	0x72203a74
20008fbc:	696e6e75 	.word	0x696e6e75
20008fc0:	202c676e 	.word	0x202c676e
20008fc4:	73696874 	.word	0x73696874
20008fc8:	6b617420 	.word	0x6b617420
20008fcc:	75207365 	.word	0x75207365
20008fd0:	6f742070 	.word	0x6f742070
20008fd4:	20303120 	.word	0x20303120
20008fd8:	6f636573 	.word	0x6f636573
20008fdc:	0d73646e 	.word	0x0d73646e
20008fe0:	0000000a 	.word	0x0000000a
20008fe4:	666c6573 	.word	0x666c6573
20008fe8:	7365742d 	.word	0x7365742d
20008fec:	61662074 	.word	0x61662074
20008ff0:	64656c69 	.word	0x64656c69
20008ff4:	206f7420 	.word	0x206f7420
20008ff8:	63657865 	.word	0x63657865
20008ffc:	00657475 	.word	0x00657475
20009000:	666c6573 	.word	0x666c6573
20009004:	7365742d 	.word	0x7365742d
20009008:	25203a74 	.word	0x25203a74
2000900c:	0d732573 	.word	0x0d732573
20009010:	0000000a 	.word	0x0000000a
20009014:	00637361 	.word	0x00637361
20009018:	656a6572 	.word	0x656a6572
2000901c:	64657463 	.word	0x64657463
20009020:	7361203a 	.word	0x7361203a
20009024:	756d2063 	.word	0x756d2063
20009028:	62207473 	.word	0x62207473
2000902c:	61272065 	.word	0x61272065
20009030:	2c276373 	.word	0x2c276373
20009034:	73612720 	.word	0x73612720
20009038:	6e6f2063 	.word	0x6e6f2063
2000903c:	6f202c27 	.word	0x6f202c27
20009040:	61272072 	.word	0x61272072
20009044:	6f206373 	.word	0x6f206373
20009048:	3b276666 	.word	0x3b276666
2000904c:	61786520 	.word	0x61786520
20009050:	656c706d 	.word	0x656c706d
20009054:	7361203a 	.word	0x7361203a
20009058:	666f2063 	.word	0x666f2063
2000905c:	000a0d66 	.word	0x000a0d66
20009060:	3a637361 	.word	0x3a637361
20009064:	25732520 	.word	0x25732520
20009068:	000a0d73 	.word	0x000a0d73
2000906c:	7366666f 	.word	0x7366666f
20009070:	00007465 	.word	0x00007465
20009074:	656a6572 	.word	0x656a6572
20009078:	64657463 	.word	0x64657463
2000907c:	666f203a 	.word	0x666f203a
20009080:	74657366 	.word	0x74657366
20009084:	73756d20 	.word	0x73756d20
20009088:	65622074 	.word	0x65622074
2000908c:	6e206120 	.word	0x6e206120
20009090:	65626d75 	.word	0x65626d75
20009094:	65622072 	.word	0x65622072
20009098:	65657774 	.word	0x65657774
2000909c:	2030206e 	.word	0x2030206e
200090a0:	20646e61 	.word	0x20646e61
200090a4:	64203032 	.word	0x64203032
200090a8:	65726765 	.word	0x65726765
200090ac:	203b7365 	.word	0x203b7365
200090b0:	6d617865 	.word	0x6d617865
200090b4:	3a656c70 	.word	0x3a656c70
200090b8:	66666f20 	.word	0x66666f20
200090bc:	20746573 	.word	0x20746573
200090c0:	0d352e34 	.word	0x0d352e34
200090c4:	0000000a 	.word	0x0000000a
200090c8:	67656420 	.word	0x67656420
200090cc:	73656572 	.word	0x73656572
200090d0:	0a0d4320 	.word	0x0a0d4320
200090d4:	00000000 	.word	0x00000000
200090d8:	69746c61 	.word	0x69746c61
200090dc:	65647574 	.word	0x65647574
200090e0:	00000000 	.word	0x00000000
200090e4:	656a6572 	.word	0x656a6572
200090e8:	64657463 	.word	0x64657463
200090ec:	6c61203a 	.word	0x6c61203a
200090f0:	75746974 	.word	0x75746974
200090f4:	6d206564 	.word	0x6d206564
200090f8:	20747375 	.word	0x20747375
200090fc:	61206562 	.word	0x61206562
20009100:	6f687720 	.word	0x6f687720
20009104:	6e20656c 	.word	0x6e20656c
20009108:	65626d75 	.word	0x65626d75
2000910c:	72662072 	.word	0x72662072
20009110:	30206d6f 	.word	0x30206d6f
20009114:	206f7420 	.word	0x206f7420
20009118:	30303033 	.word	0x30303033
2000911c:	74656d20 	.word	0x74656d20
20009120:	3b736572 	.word	0x3b736572
20009124:	61786520 	.word	0x61786520
20009128:	656c706d 	.word	0x656c706d
2000912c:	6c61203a 	.word	0x6c61203a
20009130:	75746974 	.word	0x75746974
20009134:	31206564 	.word	0x31206564
20009138:	000a0d32 	.word	0x000a0d32
2000913c:	69746c61 	.word	0x69746c61
20009140:	65647574 	.word	0x65647574
20009144:	7325203a 	.word	0x7325203a
20009148:	6d207525 	.word	0x6d207525
2000914c:	00000a0d 	.word	0x00000a0d
20009150:	65646f6d 	.word	0x65646f6d
20009154:	00000000 	.word	0x00000000
20009158:	65646f6d 	.word	0x65646f6d
2000915c:	7325203a 	.word	0x7325203a
20009160:	00000a0d 	.word	0x00000a0d
20009164:	656a6572 	.word	0x656a6572
20009168:	64657463 	.word	0x64657463
2000916c:	6f6d203a 	.word	0x6f6d203a
20009170:	6d206564 	.word	0x6d206564
20009174:	20747375 	.word	0x20747375
20009178:	27206562 	.word	0x27206562
2000917c:	65646f6d 	.word	0x65646f6d
20009180:	27202c27 	.word	0x27202c27
20009184:	65646f6d 	.word	0x65646f6d
20009188:	72657020 	.word	0x72657020
2000918c:	69646f69 	.word	0x69646f69
20009190:	202c2763 	.word	0x202c2763
20009194:	2720726f 	.word	0x2720726f
20009198:	65646f6d 	.word	0x65646f6d
2000919c:	6e697320 	.word	0x6e697320
200091a0:	27656c67 	.word	0x27656c67
200091a4:	7865203b 	.word	0x7865203b
200091a8:	6c706d61 	.word	0x6c706d61
200091ac:	6d203a65 	.word	0x6d203a65
200091b0:	2065646f 	.word	0x2065646f
200091b4:	676e6973 	.word	0x676e6973
200091b8:	0a0d656c 	.word	0x0a0d656c
200091bc:	00000000 	.word	0x00000000
200091c0:	65646f6d 	.word	0x65646f6d
200091c4:	6c61203a 	.word	0x6c61203a
200091c8:	64616572 	.word	0x64616572
200091cc:	73252079 	.word	0x73252079
200091d0:	00000a0d 	.word	0x00000a0d
200091d4:	6c756f63 	.word	0x6c756f63
200091d8:	6f6e2064 	.word	0x6f6e2064
200091dc:	77732074 	.word	0x77732074
200091e0:	68637469 	.word	0x68637469
200091e4:	61656d20 	.word	0x61656d20
200091e8:	65727573 	.word	0x65727573
200091ec:	746e656d 	.word	0x746e656d
200091f0:	646f6d20 	.word	0x646f6d20
200091f4:	00000065 	.word	0x00000065
200091f8:	65646f6d 	.word	0x65646f6d
200091fc:	6573203a 	.word	0x6573203a
20009200:	73252074 	.word	0x73252074
20009204:	00000a0d 	.word	0x00000a0d
20009208:	74617473 	.word	0x74617473
2000920c:	00007375 	.word	0x00007375
20009210:	656a6572 	.word	0x656a6572
20009214:	64657463 	.word	0x64657463
20009218:	7473203a 	.word	0x7473203a
2000921c:	73757461 	.word	0x73757461
20009220:	6b617420 	.word	0x6b617420
20009224:	6e207365 	.word	0x6e207365
20009228:	7261206f 	.word	0x7261206f
2000922c:	656d7567 	.word	0x656d7567
20009230:	3b73746e 	.word	0x3b73746e
20009234:	61786520 	.word	0x61786520
20009238:	656c706d 	.word	0x656c706d
2000923c:	7473203a 	.word	0x7473203a
20009240:	73757461 	.word	0x73757461
20009244:	00000a0d 	.word	0x00000a0d
20009248:	74617473 	.word	0x74617473
2000924c:	203a7375 	.word	0x203a7375
20009250:	65646f6d 	.word	0x65646f6d
20009254:	2c73253d 	.word	0x2c73253d
20009258:	63736120 	.word	0x63736120
2000925c:	0000003d 	.word	0x0000003d
20009260:	6f727265 	.word	0x6f727265
20009264:	25282072 	.word	0x25282072
20009268:	00002973 	.word	0x00002973
2000926c:	616c202c 	.word	0x616c202c
20009270:	72207473 	.word	0x72207473
20009274:	69646165 	.word	0x69646165
20009278:	003d676e 	.word	0x003d676e
2000927c:	656e6f6e 	.word	0x656e6f6e
20009280:	00000000 	.word	0x00000000
20009284:	70207525 	.word	0x70207525
20009288:	002f6d70 	.word	0x002f6d70
2000928c:	002f4320 	.word	0x002f4320
20009290:	48522520 	.word	0x48522520
20009294:	00000000 	.word	0x00000000
20009298:	6164202c 	.word	0x6164202c
2000929c:	72206174 	.word	0x72206174
200092a0:	79646165 	.word	0x79646165
200092a4:	0d73253d 	.word	0x0d73253d
200092a8:	0000000a 	.word	0x0000000a
200092ac:	6164202c 	.word	0x6164202c
200092b0:	72206174 	.word	0x72206174
200092b4:	79646165 	.word	0x79646165
200092b8:	7272653d 	.word	0x7272653d
200092bc:	2820726f 	.word	0x2820726f
200092c0:	0d297325 	.word	0x0d297325
200092c4:	0000000a 	.word	0x0000000a
200092c8:	706c6568 	.word	0x706c6568
200092cc:	00000000 	.word	0x00000000
200092d0:	73657270 	.word	0x73657270
200092d4:	65727573 	.word	0x65727573
200092d8:	00000000 	.word	0x00000000
200092dc:	73657270 	.word	0x73657270
200092e0:	65727573 	.word	0x65727573
200092e4:	6f6e203a 	.word	0x6f6e203a
200092e8:	6d692074 	.word	0x6d692074
200092ec:	6d656c70 	.word	0x6d656c70
200092f0:	65746e65 	.word	0x65746e65
200092f4:	65622064 	.word	0x65622064
200092f8:	73756163 	.word	0x73756163
200092fc:	43532065 	.word	0x43532065
20009300:	20313444 	.word	0x20313444
20009304:	69626d61 	.word	0x69626d61
20009308:	20746e65 	.word	0x20746e65
2000930c:	73657270 	.word	0x73657270
20009310:	65727573 	.word	0x65727573
20009314:	73616820 	.word	0x73616820
20009318:	206f6e20 	.word	0x206f6e20
2000931c:	64616572 	.word	0x64616572
20009320:	6361622d 	.word	0x6361622d
20009324:	6f63206b 	.word	0x6f63206b
20009328:	6e616d6d 	.word	0x6e616d6d
2000932c:	0a0d2e64 	.word	0x0a0d2e64
20009330:	00000000 	.word	0x00000000
20009334:	656a6572 	.word	0x656a6572
20009338:	64657463 	.word	0x64657463
2000933c:	6e75203a 	.word	0x6e75203a
20009340:	776f6e6b 	.word	0x776f6e6b
20009344:	6568206e 	.word	0x6568206e
20009348:	7420706c 	.word	0x7420706c
2000934c:	6369706f 	.word	0x6369706f
20009350:	73252720 	.word	0x73252720
20009354:	65203b27 	.word	0x65203b27
20009358:	706d6178 	.word	0x706d6178
2000935c:	203a656c 	.word	0x203a656c
20009360:	706c6568 	.word	0x706c6568
20009364:	66666f20 	.word	0x66666f20
20009368:	0d746573 	.word	0x0d746573
2000936c:	0000000a 	.word	0x0000000a
20009370:	656a6572 	.word	0x656a6572
20009374:	64657463 	.word	0x64657463
20009378:	6e75203a 	.word	0x6e75203a
2000937c:	776f6e6b 	.word	0x776f6e6b
20009380:	6f63206e 	.word	0x6f63206e
20009384:	6e616d6d 	.word	0x6e616d6d
20009388:	25272064 	.word	0x25272064
2000938c:	203b2773 	.word	0x203b2773
20009390:	65707974 	.word	0x65707974
20009394:	6c656820 	.word	0x6c656820
20009398:	6f662070 	.word	0x6f662070
2000939c:	78652072 	.word	0x78652072
200093a0:	6c706d61 	.word	0x6c706d61
200093a4:	0a0d7365 	.word	0x0a0d7365
200093a8:	00000000 	.word	0x00000000
200093ac:	00082008 	.word	0x00082008
200093b0:	65720a0d 	.word	0x65720a0d
200093b4:	7463656a 	.word	0x7463656a
200093b8:	203a6465 	.word	0x203a6465
200093bc:	6d6d6f63 	.word	0x6d6d6f63
200093c0:	20646e61 	.word	0x20646e61
200093c4:	74207369 	.word	0x74207369
200093c8:	6c206f6f 	.word	0x6c206f6f
200093cc:	3b676e6f 	.word	0x3b676e6f
200093d0:	78616d20 	.word	0x78616d20
200093d4:	6d756d69 	.word	0x6d756d69
200093d8:	20736920 	.word	0x20736920
200093dc:	63203539 	.word	0x63203539
200093e0:	61726168 	.word	0x61726168
200093e4:	72657463 	.word	0x72657463
200093e8:	000a0d73 	.word	0x000a0d73
200093ec:	3a326f63 	.word	0x3a326f63
200093f0:	69727020 	.word	0x69727020
200093f4:	7420746e 	.word	0x7420746e
200093f8:	6c206568 	.word	0x6c206568
200093fc:	73657461 	.word	0x73657461
20009400:	65702074 	.word	0x65702074
20009404:	646f6972 	.word	0x646f6972
20009408:	72206369 	.word	0x72206369
2000940c:	69646165 	.word	0x69646165
20009410:	202c676e 	.word	0x202c676e
20009414:	7420726f 	.word	0x7420726f
20009418:	20656b61 	.word	0x20656b61
2000941c:	2d352061 	.word	0x2d352061
20009420:	6f636573 	.word	0x6f636573
20009424:	7320646e 	.word	0x7320646e
20009428:	6c676e69 	.word	0x6c676e69
2000942c:	68732065 	.word	0x68732065
20009430:	202e746f 	.word	0x202e746f
20009434:	6d617845 	.word	0x6d617845
20009438:	3a656c70 	.word	0x3a656c70
2000943c:	326f6320 	.word	0x326f6320
20009440:	00000a0d 	.word	0x00000a0d
20009444:	64616572 	.word	0x64616572
20009448:	70203a79 	.word	0x70203a79
2000944c:	746e6972 	.word	0x746e6972
20009450:	65687720 	.word	0x65687720
20009454:	72656874 	.word	0x72656874
20009458:	726e7520 	.word	0x726e7520
2000945c:	20646165 	.word	0x20646165
20009460:	7361656d 	.word	0x7361656d
20009464:	6d657275 	.word	0x6d657275
20009468:	20746e65 	.word	0x20746e65
2000946c:	61746164 	.word	0x61746164
20009470:	20736920 	.word	0x20736920
20009474:	64616572 	.word	0x64616572
20009478:	45202e79 	.word	0x45202e79
2000947c:	706d6178 	.word	0x706d6178
20009480:	203a656c 	.word	0x203a656c
20009484:	64616572 	.word	0x64616572
20009488:	000a0d79 	.word	0x000a0d79
2000948c:	69726573 	.word	0x69726573
20009490:	203a6c61 	.word	0x203a6c61
20009494:	6e697270 	.word	0x6e697270
20009498:	68742074 	.word	0x68742074
2000949c:	65732065 	.word	0x65732065
200094a0:	726f736e 	.word	0x726f736e
200094a4:	34207327 	.word	0x34207327
200094a8:	69622d38 	.word	0x69622d38
200094ac:	65732074 	.word	0x65732074
200094b0:	6c616972 	.word	0x6c616972
200094b4:	6d756e20 	.word	0x6d756e20
200094b8:	2e726562 	.word	0x2e726562
200094bc:	61784520 	.word	0x61784520
200094c0:	656c706d 	.word	0x656c706d
200094c4:	6573203a 	.word	0x6573203a
200094c8:	6c616972 	.word	0x6c616972
200094cc:	00000a0d 	.word	0x00000a0d
200094d0:	666c6573 	.word	0x666c6573
200094d4:	74736574 	.word	0x74736574
200094d8:	7473203a 	.word	0x7473203a
200094dc:	6d20706f 	.word	0x6d20706f
200094e0:	75736165 	.word	0x75736165
200094e4:	656d6572 	.word	0x656d6572
200094e8:	6120746e 	.word	0x6120746e
200094ec:	7220646e 	.word	0x7220646e
200094f0:	74206e75 	.word	0x74206e75
200094f4:	61206568 	.word	0x61206568
200094f8:	6f727070 	.word	0x6f727070
200094fc:	616d6978 	.word	0x616d6978
20009500:	796c6574 	.word	0x796c6574
20009504:	2d303120 	.word	0x2d303120
20009508:	6f636573 	.word	0x6f636573
2000950c:	7320646e 	.word	0x7320646e
20009510:	6f736e65 	.word	0x6f736e65
20009514:	65732072 	.word	0x65732072
20009518:	742d666c 	.word	0x742d666c
2000951c:	2e747365 	.word	0x2e747365
20009520:	61784520 	.word	0x61784520
20009524:	656c706d 	.word	0x656c706d
20009528:	6573203a 	.word	0x6573203a
2000952c:	6574666c 	.word	0x6574666c
20009530:	0a0d7473 	.word	0x0a0d7473
20009534:	00000000 	.word	0x00000000
20009538:	20637361 	.word	0x20637361
2000953c:	7c6e6f5b 	.word	0x7c6e6f5b
20009540:	5d66666f 	.word	0x5d66666f
20009544:	6572203a 	.word	0x6572203a
20009548:	6f206461 	.word	0x6f206461
2000954c:	65732072 	.word	0x65732072
20009550:	75612074 	.word	0x75612074
20009554:	616d6f74 	.word	0x616d6f74
20009558:	20636974 	.word	0x20636974
2000955c:	666c6573 	.word	0x666c6573
20009560:	6c61632d 	.word	0x6c61632d
20009564:	61726269 	.word	0x61726269
20009568:	6e6f6974 	.word	0x6e6f6974
2000956c:	7845202e 	.word	0x7845202e
20009570:	6c706d61 	.word	0x6c706d61
20009574:	61203a65 	.word	0x61203a65
20009578:	6f206373 	.word	0x6f206373
2000957c:	0a0d6666 	.word	0x0a0d6666
20009580:	00000000 	.word	0x00000000
20009584:	7366666f 	.word	0x7366666f
20009588:	5b207465 	.word	0x5b207465
2000958c:	72676564 	.word	0x72676564
20009590:	5d736565 	.word	0x5d736565
20009594:	6572203a 	.word	0x6572203a
20009598:	6f206461 	.word	0x6f206461
2000959c:	65732072 	.word	0x65732072
200095a0:	65742074 	.word	0x65742074
200095a4:	7265706d 	.word	0x7265706d
200095a8:	72757461 	.word	0x72757461
200095ac:	666f2065 	.word	0x666f2065
200095b0:	74657366 	.word	0x74657366
200095b4:	6f726620 	.word	0x6f726620
200095b8:	2030206d 	.word	0x2030206d
200095bc:	32206f74 	.word	0x32206f74
200095c0:	65642030 	.word	0x65642030
200095c4:	65657267 	.word	0x65657267
200095c8:	2e432073 	.word	0x2e432073
200095cc:	61784520 	.word	0x61784520
200095d0:	656c706d 	.word	0x656c706d
200095d4:	666f203a 	.word	0x666f203a
200095d8:	74657366 	.word	0x74657366
200095dc:	352e3420 	.word	0x352e3420
200095e0:	00000a0d 	.word	0x00000a0d
200095e4:	69746c61 	.word	0x69746c61
200095e8:	65647574 	.word	0x65647574
200095ec:	656d5b20 	.word	0x656d5b20
200095f0:	73657274 	.word	0x73657274
200095f4:	72203a5d 	.word	0x72203a5d
200095f8:	20646165 	.word	0x20646165
200095fc:	7320726f 	.word	0x7320726f
20009600:	61207465 	.word	0x61207465
20009604:	7469746c 	.word	0x7469746c
20009608:	20656475 	.word	0x20656475
2000960c:	6d6f7266 	.word	0x6d6f7266
20009610:	74203020 	.word	0x74203020
20009614:	3033206f 	.word	0x3033206f
20009618:	6d203030 	.word	0x6d203030
2000961c:	7845202e 	.word	0x7845202e
20009620:	6c706d61 	.word	0x6c706d61
20009624:	61203a65 	.word	0x61203a65
20009628:	7469746c 	.word	0x7469746c
2000962c:	20656475 	.word	0x20656475
20009630:	0a0d3231 	.word	0x0a0d3231
20009634:	00000000 	.word	0x00000000
20009638:	65646f6d 	.word	0x65646f6d
2000963c:	65705b20 	.word	0x65705b20
20009640:	646f6972 	.word	0x646f6972
20009644:	737c6369 	.word	0x737c6369
20009648:	6c676e69 	.word	0x6c676e69
2000964c:	203a5d65 	.word	0x203a5d65
20009650:	64616572 	.word	0x64616572
20009654:	20726f20 	.word	0x20726f20
20009658:	656c6573 	.word	0x656c6573
2000965c:	6d207463 	.word	0x6d207463
20009660:	75736165 	.word	0x75736165
20009664:	656d6572 	.word	0x656d6572
20009668:	6d20746e 	.word	0x6d20746e
2000966c:	2e65646f 	.word	0x2e65646f
20009670:	61784520 	.word	0x61784520
20009674:	656c706d 	.word	0x656c706d
20009678:	6f6d203a 	.word	0x6f6d203a
2000967c:	73206564 	.word	0x73206564
20009680:	6c676e69 	.word	0x6c676e69
20009684:	000a0d65 	.word	0x000a0d65
20009688:	74617473 	.word	0x74617473
2000968c:	203a7375 	.word	0x203a7375
20009690:	6e697270 	.word	0x6e697270
20009694:	6f6d2074 	.word	0x6f6d2074
20009698:	202c6564 	.word	0x202c6564
2000969c:	2c435341 	.word	0x2c435341
200096a0:	73616c20 	.word	0x73616c20
200096a4:	65722074 	.word	0x65722074
200096a8:	6e696461 	.word	0x6e696461
200096ac:	61202c67 	.word	0x61202c67
200096b0:	6420646e 	.word	0x6420646e
200096b4:	2d617461 	.word	0x2d617461
200096b8:	64616572 	.word	0x64616572
200096bc:	74732079 	.word	0x74732079
200096c0:	2e657461 	.word	0x2e657461
200096c4:	61784520 	.word	0x61784520
200096c8:	656c706d 	.word	0x656c706d
200096cc:	7473203a 	.word	0x7473203a
200096d0:	73757461 	.word	0x73757461
200096d4:	00000a0d 	.word	0x00000a0d
200096d8:	706c6568 	.word	0x706c6568
200096dc:	6f635b20 	.word	0x6f635b20
200096e0:	6e616d6d 	.word	0x6e616d6d
200096e4:	203a5d64 	.word	0x203a5d64
200096e8:	7473696c 	.word	0x7473696c
200096ec:	6d6f6320 	.word	0x6d6f6320
200096f0:	646e616d 	.word	0x646e616d
200096f4:	726f2073 	.word	0x726f2073
200096f8:	6f687320 	.word	0x6f687320
200096fc:	6e6f2077 	.word	0x6e6f2077
20009700:	6f632065 	.word	0x6f632065
20009704:	6e616d6d 	.word	0x6e616d6d
20009708:	6e692064 	.word	0x6e692064
2000970c:	74656420 	.word	0x74656420
20009710:	2e6c6961 	.word	0x2e6c6961
20009714:	61784520 	.word	0x61784520
20009718:	656c706d 	.word	0x656c706d
2000971c:	6568203a 	.word	0x6568203a
20009720:	6f20706c 	.word	0x6f20706c
20009724:	65736666 	.word	0x65736666
20009728:	000a0d74 	.word	0x000a0d74
2000972c:	6e6b6e75 	.word	0x6e6b6e75
20009730:	206e776f 	.word	0x206e776f
20009734:	736e6573 	.word	0x736e6573
20009738:	6520726f 	.word	0x6520726f
2000973c:	726f7272 	.word	0x726f7272
20009740:	00000000 	.word	0x00000000
20009744:	00006b6f 	.word	0x00006b6f
20009748:	20433249 	.word	0x20433249
2000974c:	6d6d6f63 	.word	0x6d6d6f63
20009750:	20646e61 	.word	0x20646e61
20009754:	74697277 	.word	0x74697277
20009758:	61662065 	.word	0x61662065
2000975c:	64656c69 	.word	0x64656c69
20009760:	00000000 	.word	0x00000000
20009764:	20433249 	.word	0x20433249
20009768:	70736572 	.word	0x70736572
2000976c:	65736e6f 	.word	0x65736e6f
20009770:	61657220 	.word	0x61657220
20009774:	61662064 	.word	0x61662064
20009778:	64656c69 	.word	0x64656c69
2000977c:	00000000 	.word	0x00000000
20009780:	70736572 	.word	0x70736572
20009784:	65736e6f 	.word	0x65736e6f
20009788:	43524320 	.word	0x43524320
2000978c:	65686320 	.word	0x65686320
20009790:	66206b63 	.word	0x66206b63
20009794:	656c6961 	.word	0x656c6961
20009798:	00000064 	.word	0x00000064
2000979c:	736e6573 	.word	0x736e6573
200097a0:	7220726f 	.word	0x7220726f
200097a4:	72757465 	.word	0x72757465
200097a8:	2064656e 	.word	0x2064656e
200097ac:	69206e61 	.word	0x69206e61
200097b0:	6c61766e 	.word	0x6c61766e
200097b4:	76206469 	.word	0x76206469
200097b8:	65756c61 	.word	0x65756c61
200097bc:	00000000 	.word	0x00000000
200097c0:	2a2a2a0a 	.word	0x2a2a2a0a
200097c4:	4e415020 	.word	0x4e415020
200097c8:	2a204349 	.word	0x2a204349
200097cc:	000a2a2a 	.word	0x000a2a2a
200097d0:	64726148 	.word	0x64726148
200097d4:	65726177 	.word	0x65726177
200097d8:	616c6120 	.word	0x616c6120
200097dc:	25206d72 	.word	0x25206d72
200097e0:	6c612064 	.word	0x6c612064
200097e4:	64616572 	.word	0x64616572
200097e8:	6c632079 	.word	0x6c632079
200097ec:	656d6961 	.word	0x656d6961
200097f0:	00000064 	.word	0x00000064
200097f4:	64726148 	.word	0x64726148
200097f8:	73736120 	.word	0x73736120
200097fc:	00747265 	.word	0x00747265
20009800:	656c6552 	.word	0x656c6552
20009804:	00657361 	.word	0x00657361
20009808:	746f6f62 	.word	0x746f6f62
2000980c:	32775f32 	.word	0x32775f32
20009810:	38307135 	.word	0x38307135
20009814:	00000030 	.word	0x00000030
20009818:	2e332e32 	.word	0x2e332e32
2000981c:	00000030 	.word	0x00000030
20009820:	6f636970 	.word	0x6f636970
20009824:	00000000 	.word	0x00000000
20009828:	34636473 	.word	0x34636473
2000982c:	00000031 	.word	0x00000031
20009830:	20677541 	.word	0x20677541
20009834:	32203931 	.word	0x32203931
20009838:	00363230 	.word	0x00363230
2000983c:	2b696e66 	.word	0x2b696e66
20009840:	00000000 	.word	0x00000000
20009844:	00696e66 	.word	0x00696e66
20009848:	006e616e 	.word	0x006e616e
2000984c:	2d696e66 	.word	0x2d696e66
20009850:	00000000 	.word	0x00000000
20009854:	7566202c 	.word	0x7566202c
20009858:	6974636e 	.word	0x6974636e
2000985c:	203a6e6f 	.word	0x203a6e6f
20009860:	00000000 	.word	0x00000000
20009864:	65737361 	.word	0x65737361
20009868:	6f697472 	.word	0x6f697472
2000986c:	2522206e 	.word	0x2522206e
20009870:	66202273 	.word	0x66202273
20009874:	656c6961 	.word	0x656c6961
20009878:	66203a64 	.word	0x66203a64
2000987c:	20656c69 	.word	0x20656c69
20009880:	22732522 	.word	0x22732522
20009884:	696c202c 	.word	0x696c202c
20009888:	2520656e 	.word	0x2520656e
2000988c:	25732564 	.word	0x25732564
20009890:	00000a73 	.word	0x00000a73
20009894:	0000002e 	.word	0x0000002e
20009898:	0000666e 	.word	0x0000666e
2000989c:	74696e69 	.word	0x74696e69
200098a0:	00000079 	.word	0x00000079
200098a4:	00006e61 	.word	0x00006e61
200098a8:	49534f50 	.word	0x49534f50
200098ac:	00000058 	.word	0x00000058
200098b0:	6c6c6142 	.word	0x6c6c6142
200098b4:	7320636f 	.word	0x7320636f
200098b8:	65636375 	.word	0x65636375
200098bc:	64656465 	.word	0x64656465
200098c0:	00000000 	.word	0x00000000
200098c4:	2e2f2e2e 	.word	0x2e2f2e2e
200098c8:	2e2e2f2e 	.word	0x2e2e2f2e
200098cc:	2f2e2e2f 	.word	0x2f2e2e2f
200098d0:	2e2f2e2e 	.word	0x2e2f2e2e
200098d4:	656e2f2e 	.word	0x656e2f2e
200098d8:	62696c77 	.word	0x62696c77
200098dc:	62696c2f 	.word	0x62696c2f
200098e0:	74732f63 	.word	0x74732f63
200098e4:	62696c64 	.word	0x62696c64
200098e8:	7464672f 	.word	0x7464672f
200098ec:	672d616f 	.word	0x672d616f
200098f0:	65687465 	.word	0x65687465
200098f4:	00632e78 	.word	0x00632e78
200098f8:	2e2f2e2e 	.word	0x2e2f2e2e
200098fc:	2e2e2f2e 	.word	0x2e2e2f2e
20009900:	2f2e2e2f 	.word	0x2f2e2e2f
20009904:	2e2f2e2e 	.word	0x2e2f2e2e
20009908:	656e2f2e 	.word	0x656e2f2e
2000990c:	62696c77 	.word	0x62696c77
20009910:	62696c2f 	.word	0x62696c2f
20009914:	74732f63 	.word	0x74732f63
20009918:	62696c64 	.word	0x62696c64
2000991c:	72706d2f 	.word	0x72706d2f
20009920:	632e6365 	.word	0x632e6365
20009924:	00000000 	.word	0x00000000

20009928 <details.0>:
20009928:	20008d14 200093ec 20008e2c 20009444     ... ... ,.. D.. 
20009938:	20008ea4 2000948c 20008f68 200094d0     ... ... h.. ... 
20009948:	20009014 20009538 2000906c 20009584     ... 8.. l.. ... 
20009958:	200090d8 200095e4 20009150 20009638     ... ... P.. 8.. 
20009968:	20009208 20009688 200092c8 200096d8     ... ... ... ... 

20009978 <help_text>:
20009978:	6d6d6f63 73646e61 200a0d3a 326f6320     commands:..  co2
20009988:	20202020 20202020 20202020 20202020                     
20009998:	61786520 656c706d 6f63203a 200a0d32      example: co2.. 
200099a8:	61657220 20207964 20202020 20202020      ready          
200099b8:	20202020 61786520 656c706d 6572203a          example: re
200099c8:	0d796461 7320200a 61697265 2020206c     ady..  serial   
200099d8:	20202020 20202020 65202020 706d6178                examp
200099e8:	203a656c 69726573 0a0d6c61 65732020     le: serial..  se
200099f8:	6574666c 20207473 20202020 20202020     lftest          
20009a08:	78652020 6c706d61 73203a65 74666c65       example: selft
20009a18:	0d747365 6120200a 5b206373 6f7c6e6f     est..  asc [on|o
20009a28:	205d6666 20202020 65202020 706d6178     ff]        examp
20009a38:	203a656c 20637361 0d66666f 6f20200a     le: asc off..  o
20009a48:	65736666 645b2074 65726765 205d7365     ffset [degrees] 
20009a58:	65202020 706d6178 203a656c 7366666f        example: offs
20009a68:	34207465 0a0d352e 6c612020 75746974     et 4.5..  altitu
20009a78:	5b206564 7274656d 205d7365 78652020     de [metres]   ex
20009a88:	6c706d61 61203a65 7469746c 20656475     ample: altitude 
20009a98:	0a0d3231 6f6d2020 5b206564 69726570     12..  mode [peri
20009aa8:	6369646f 6e69737c 5d656c67 78652020     odic|single]  ex
20009ab8:	6c706d61 6d203a65 2065646f 676e6973     ample: mode sing
20009ac8:	0a0d656c 74732020 73757461 20202020     le..  status    
20009ad8:	20202020 20202020 78652020 6c706d61               exampl
20009ae8:	73203a65 75746174 200a0d73 6c656820     e: status..  hel
20009af8:	635b2070 616d6d6f 205d646e 20202020     p [command]     
20009b08:	61786520 656c706d 6568203a 6f20706c      example: help o
20009b18:	65736666 6e0a0d74 3a65746f 626d6120     ffset..note: amb
20009b28:	746e6569 65727020 72757373 61632065     ient pressure ca
20009b38:	6562206e 74657320 20796220 20656874     n be set by the 
20009b48:	736e6573 7020726f 6f746f72 206c6f63     sensor protocol 
20009b58:	20747562 6e6e6163 6220746f 65722065     but cannot be re
20009b68:	62206461 3b6b6361 69687420 61682073     ad back; this ha
20009b78:	73656e72 61682073 6f6e2073 65727020     rness has no pre
20009b88:	72757373 6f632065 6e616d6d 0a0d2e64     ssure command...
20009b98:	00000000                                ....

20009b9c <CSWTCH.10>:
20009b9c:	20009744 20009748 20009764 20009780     D.. H.. d.. ... 
20009bac:	2000979c                                ... 

20009bb0 <__bi_84>:
20009bb0:	50520006 4275f0d3 20009800              ..RP..uB... 

20009bbc <__bi_78>:
20009bbc:	50520006 7f8882e1 20009808              ..RP....... 

20009bc8 <__bi_54>:
20009bc8:	50520006 5360b3ab 20009818              ..RP..`S... 

20009bd4 <__bi_48>:
20009bd4:	50520006 b63cffbb 20009820              ..RP..<. .. 

20009be0 <__bi_42>:
20009be0:	50520006 02031c86 20009828              ..RP....(.. 

20009bec <__bi_34>:
20009bec:	50520006 9da22254 20009830              ..RPT"..0.. 

20009bf8 <__bi_26>:
20009bf8:	50520005 68f465de 1000ab70 2000477c     ..RP.e.hp...|G. 
20009c08:	2000472c 2000472c 20004774 2000472c     ,G. ,G. tG. ,G. 
20009c18:	2000472c 2000472c 2000472c 2000472c     ,G. ,G. ,G. ,G. 
20009c28:	2000472c 2000472c 2000476c 2000472c     ,G. ,G. lG. ,G. 
20009c38:	20004764 2000472c 2000472c 2000475c     dG. ,G. ,G. \G. 
20009c48:	20004a30 20004792 20004a2a 20004792     0J. .G. *J. .G. 
20009c58:	20004a14 20004792 20004792 20004792     .J. .G. .G. .G. 
20009c68:	20004792 20004792 20004792 20004792     .G. .G. .G. .G. 
20009c78:	20004784 20004792 20004792 20004792     .G. .G. .G. .G. 
20009c88:	20004792 20004792 20004784 20004ab8     .G. .G. .G. .J. 
20009c98:	200046e6 200046e6 200046e6 200046e6     .F. .F. .F. .F. 
20009ca8:	200046e6 200046e6 200046e6 200046e6     .F. .F. .F. .F. 
20009cb8:	200046e6 200046e6 200046e6 200046e6     .F. .F. .F. .F. 
20009cc8:	200046e6 200046e6 200046e6 200046e6     .F. .F. .F. .F. 
20009cd8:	200046e6 200046e6 200046e6 200046e6     .F. .F. .F. .F. 
20009ce8:	200046e6 200046e6 200046e6 200046e6     .F. .F. .F. .F. 
20009cf8:	200046e6 200046e6 200046e6 200046e6     .F. .F. .F. .F. 
20009d08:	200046e6 200046e6 200046e6 20004a44     .F. .F. .F. DJ. 
20009d18:	20004a84 20004a44 200046e6 200046e6     .J. DJ. .F. .F. 
20009d28:	200046e6 200046e6 200046e6 200046e6     .F. .F. .F. .F. 
20009d38:	200046e6 200046e6 200046e6 200046e6     .F. .F. .F. .F. 
20009d48:	200046e6 200046e6 200046e6 200046e6     .F. .F. .F. .F. 
20009d58:	200046e6 200046e6 20004c58 200046e6     .F. .F. XL. .F. 
20009d68:	200046e6 200046e6 200046e6 200046e6     .F. .F. .F. .F. 
20009d78:	200046e6 200046e6 200046e6 200046e6     .F. .F. .F. .F. 
20009d88:	20004c58 20004aca 20004c58 20004a44     XL. .J. XL. DJ. 
20009d98:	20004a84 20004a44                       .J. DJ. 

20009da0 <pow10.0>:
20009da0:	00000000 3ff00000 00000000 40240000     .......?......$@
20009db0:	00000000 40590000 00000000 408f4000     ......Y@.....@.@
20009dc0:	00000000 40c38800 00000000 40f86a00     .......@.....j.@
20009dd0:	00000000 412e8480 00000000 416312d0     .......A......cA
20009de0:	00000000 4197d784 00000000 41cdcd65     .......A....e..A

20009df0 <crlf_str.0>:
20009df0:	00000a0d 00000000 200059b8 20005924     .........Y. $Y. 
20009e00:	20005924 20005924 20005924 20005924     $Y. $Y. $Y. $Y. 
20009e10:	20005924 20005924 20005924 200059a6     $Y. $Y. $Y. .Y. 
20009e20:	200059a6 200059a6 200059a6 200059a6     .Y. .Y. .Y. .Y. 
20009e30:	20005924 20005924 20005924 20005924     $Y. $Y. $Y. $Y. 
20009e40:	20005924 20005924 20005924 20005924     $Y. $Y. $Y. $Y. 
20009e50:	20005924 20005924 20005924 20005924     $Y. $Y. $Y. $Y. 
20009e60:	20005924 20005924 20005924 20005924     $Y. $Y. $Y. $Y. 
20009e70:	20005924 20005924 200059a6 20005924     $Y. $Y. .Y. $Y. 
20009e80:	20005924 20005924 20005924 20005924     $Y. $Y. $Y. $Y. 
20009e90:	20005924 20005924 20005924 20005924     $Y. $Y. $Y. $Y. 
20009ea0:	20005924 200059aa 20005924 2000612e     $Y. .Y. $Y. .a. 
20009eb0:	20006778 2000647c 200064ce 200064c8     xg. |d. .d. .d. 
20009ec0:	200064b4 2000647c                       .d. |d. 

20009ec8 <fpi.1>:
20009ec8:	00000035 fffffbce 000003cb 00000001     5...............
20009ed8:	00000000                                ....

20009edc <fpinan.0>:
20009edc:	00000034 fffffbce 000003cb 00000001     4...............
20009eec:	00000000                                ....

20009ef0 <tinytens>:
20009ef0:	97d889bc 3c9cd2b2 d5a8a733 3949f623     .......<3...#.I9
20009f00:	44f4a73d 32a50ffd cf8c979d 255bba08     =..D...2......[%
20009f10:	64ac6f43 11680628                       Co.d(.h.

20009f18 <__hexdig>:
	...
20009f48:	13121110 17161514 00001918 00000000     ................
20009f58:	1c1b1a00 001f1e1d 00000000 00000000     ................
	...
20009f78:	1c1b1a00 001f1e1d 00000000 00000000     ................
	...

2000a018 <_ctype_>:
2000a018:	20202000 20202020 28282020 20282828     .         ((((( 
2000a028:	20202020 20202020 20202020 20202020                     
2000a038:	10108820 10101010 10101010 10101010      ...............
2000a048:	04040410 04040404 10040404 10101010     ................
2000a058:	41411010 41414141 01010101 01010101     ..AAAAAA........
2000a068:	01010101 01010101 01010101 10101010     ................
2000a078:	42421010 42424242 02020202 02020202     ..BBBBBB........
2000a088:	02020202 02020202 02020202 10101010     ................
2000a098:	00000020 00000000 00000000 00000000      ...............
	...

2000a120 <p05.0>:
2000a120:	00000005 00000019 0000007d 00000000     ........}.......

2000a130 <__mprec_tinytens>:
2000a130:	97d889bc 3c9cd2b2 d5a8a733 3949f623     .......<3...#.I9
2000a140:	44f4a73d 32a50ffd cf8c979d 255bba08     =..D...2......[%
2000a150:	64ac6f43 0ac80628                       Co.d(...

2000a158 <__mprec_bigtens>:
2000a158:	37e08000 4341c379 b5056e17 4693b8b5     ...7y.AC.n.....F
2000a168:	e93ff9f5 4d384f03 f9301d32 5a827748     ..?..O8M2.0.Hw.Z
2000a178:	7f73bf3c 75154fdd                       <.s..O.u

2000a180 <__mprec_tens>:
2000a180:	00000000 3ff00000 00000000 40240000     .......?......$@
2000a190:	00000000 40590000 00000000 408f4000     ......Y@.....@.@
2000a1a0:	00000000 40c38800 00000000 40f86a00     .......@.....j.@
2000a1b0:	00000000 412e8480 00000000 416312d0     .......A......cA
2000a1c0:	00000000 4197d784 00000000 41cdcd65     .......A....e..A
2000a1d0:	20000000 4202a05f e8000000 42374876     ... _..B....vH7B
2000a1e0:	a2000000 426d1a94 e5400000 42a2309c     ......mB..@..0.B
2000a1f0:	1e900000 42d6bcc4 26340000 430c6bf5     .......B..4&.k.C
2000a200:	37e08000 4341c379 85d8a000 43763457     ...7y.AC....W4vC
2000a210:	674ec800 43abc16d 60913d00 43e158e4     ..Ngm..C.=.`.X.C
2000a220:	78b58c40 4415af1d d6e2ef50 444b1ae4     @..x...DP.....KD
2000a230:	064dd592 4480f0cf c7e14af6 44b52d02     ..M....D.J...-.D
2000a240:	79d99db4 44ea7843                       ...yCx.D

2000a248 <striped_spin_lock_num>:
2000a248:	00000010 00000000                       ........

2000a250 <last_added.0>:
2000a250:	ffffffff 7fffffff                       ........

2000a258 <default_alarm_pool>:
	...
2000a26c:	2000a990                                ... 

2000a270 <aeabi_bits_funcs>:
2000a270:	00003350 	.word	0x00003350
2000a274:	0000334c 	.word	0x0000334c
2000a278:	00003354 	.word	0x00003354
2000a27c:	00003352 	.word	0x00003352

2000a280 <aeabi_bits_funcs_end>:
2000a280:	0000534d 	.word	0x0000534d
2000a284:	0000434d 	.word	0x0000434d
2000a288:	00003453 	.word	0x00003453
2000a28c:	00003443 	.word	0x00003443

2000a290 <i2c1_inst>:
2000a290:	40048000 00000000                       ...@....

2000a298 <i2c0_inst>:
2000a298:	40044000 00000000                       .@.@....

2000a2a0 <__global_locale>:
2000a2a0:	00000043 00000000 00000000 00000000     C...............
	...
2000a2c0:	00000043 00000000 00000000 00000000     C...............
	...
2000a2e0:	00000043 00000000 00000000 00000000     C...............
	...
2000a300:	00000043 00000000 00000000 00000000     C...............
	...
2000a320:	00000043 00000000 00000000 00000000     C...............
	...
2000a340:	00000043 00000000 00000000 00000000     C...............
	...
2000a360:	00000043 00000000 00000000 00000000     C...............
	...
2000a380:	20007ba1 20007071 00000000 2000a018     .{. qp. ....... 
2000a390:	20009894 20009330 20009330 20009330     ... 0.. 0.. 0.. 
2000a3a0:	20009330 20009330 20009330 20009330     0.. 0.. 0.. 0.. 
2000a3b0:	20009330 20009330 ffffffff ffffffff     0.. 0.. ........
2000a3c0:	ffffffff 0000ffff 53410001 00494943     ..........ASCII.
	...
2000a3e8:	53410000 00494943 00000000 00000000     ..ASCII.........
	...

2000a410 <_impure_ptr>:
2000a410:	2000a418 00000000                       ... ....

2000a418 <_impure_data>:
2000a418:	00000000 2000ad48 2000adb0 2000ae18     ....H.. ... ... 
	...
2000a4b0:	00000001 00000000 abcd330e e66d1234     .........3..4.m.
2000a4c0:	0005deec 0000000b 00000000 00000000     ................
	...

2000a538 <__malloc_sbrk_base>:
2000a538:	ffffffff                                ....

2000a53c <__malloc_trim_threshold>:
2000a53c:	00020000                                ....

2000a540 <__malloc_av_>:
	...
2000a548:	2000a540 2000a540 2000a548 2000a548     @.. @.. H.. H.. 
2000a558:	2000a550 2000a550 2000a558 2000a558     P.. P.. X.. X.. 
2000a568:	2000a560 2000a560 2000a568 2000a568     `.. `.. h.. h.. 
2000a578:	2000a570 2000a570 2000a578 2000a578     p.. p.. x.. x.. 
2000a588:	2000a580 2000a580 2000a588 2000a588     ... ... ... ... 
2000a598:	2000a590 2000a590 2000a598 2000a598     ... ... ... ... 
2000a5a8:	2000a5a0 2000a5a0 2000a5a8 2000a5a8     ... ... ... ... 
2000a5b8:	2000a5b0 2000a5b0 2000a5b8 2000a5b8     ... ... ... ... 
2000a5c8:	2000a5c0 2000a5c0 2000a5c8 2000a5c8     ... ... ... ... 
2000a5d8:	2000a5d0 2000a5d0 2000a5d8 2000a5d8     ... ... ... ... 
2000a5e8:	2000a5e0 2000a5e0 2000a5e8 2000a5e8     ... ... ... ... 
2000a5f8:	2000a5f0 2000a5f0 2000a5f8 2000a5f8     ... ... ... ... 
2000a608:	2000a600 2000a600 2000a608 2000a608     ... ... ... ... 
2000a618:	2000a610 2000a610 2000a618 2000a618     ... ... ... ... 
2000a628:	2000a620 2000a620 2000a628 2000a628      ..  .. (.. (.. 
2000a638:	2000a630 2000a630 2000a638 2000a638     0.. 0.. 8.. 8.. 
2000a648:	2000a640 2000a640 2000a648 2000a648     @.. @.. H.. H.. 
2000a658:	2000a650 2000a650 2000a658 2000a658     P.. P.. X.. X.. 
2000a668:	2000a660 2000a660 2000a668 2000a668     `.. `.. h.. h.. 
2000a678:	2000a670 2000a670 2000a678 2000a678     p.. p.. x.. x.. 
2000a688:	2000a680 2000a680 2000a688 2000a688     ... ... ... ... 
2000a698:	2000a690 2000a690 2000a698 2000a698     ... ... ... ... 
2000a6a8:	2000a6a0 2000a6a0 2000a6a8 2000a6a8     ... ... ... ... 
2000a6b8:	2000a6b0 2000a6b0 2000a6b8 2000a6b8     ... ... ... ... 
2000a6c8:	2000a6c0 2000a6c0 2000a6c8 2000a6c8     ... ... ... ... 
2000a6d8:	2000a6d0 2000a6d0 2000a6d8 2000a6d8     ... ... ... ... 
2000a6e8:	2000a6e0 2000a6e0 2000a6e8 2000a6e8     ... ... ... ... 
2000a6f8:	2000a6f0 2000a6f0 2000a6f8 2000a6f8     ... ... ... ... 
2000a708:	2000a700 2000a700 2000a708 2000a708     ... ... ... ... 
2000a718:	2000a710 2000a710 2000a718 2000a718     ... ... ... ... 
2000a728:	2000a720 2000a720 2000a728 2000a728      ..  .. (.. (.. 
2000a738:	2000a730 2000a730 2000a738 2000a738     0.. 0.. 8.. 8.. 
2000a748:	2000a740 2000a740 2000a748 2000a748     @.. @.. H.. H.. 
2000a758:	2000a750 2000a750 2000a758 2000a758     P.. P.. X.. X.. 
2000a768:	2000a760 2000a760 2000a768 2000a768     `.. `.. h.. h.. 
2000a778:	2000a770 2000a770 2000a778 2000a778     p.. p.. x.. x.. 
2000a788:	2000a780 2000a780 2000a788 2000a788     ... ... ... ... 
2000a798:	2000a790 2000a790 2000a798 2000a798     ... ... ... ... 
2000a7a8:	2000a7a0 2000a7a0 2000a7a8 2000a7a8     ... ... ... ... 
2000a7b8:	2000a7b0 2000a7b0 2000a7b8 2000a7b8     ... ... ... ... 
2000a7c8:	2000a7c0 2000a7c0 2000a7c8 2000a7c8     ... ... ... ... 
2000a7d8:	2000a7d0 2000a7d0 2000a7d8 2000a7d8     ... ... ... ... 
2000a7e8:	2000a7e0 2000a7e0 2000a7e8 2000a7e8     ... ... ... ... 
2000a7f8:	2000a7f0 2000a7f0 2000a7f8 2000a7f8     ... ... ... ... 
2000a808:	2000a800 2000a800 2000a808 2000a808     ... ... ... ... 
2000a818:	2000a810 2000a810 2000a818 2000a818     ... ... ... ... 
2000a828:	2000a820 2000a820 2000a828 2000a828      ..  .. (.. (.. 
2000a838:	2000a830 2000a830 2000a838 2000a838     0.. 0.. 8.. 8.. 
2000a848:	2000a840 2000a840 2000a848 2000a848     @.. @.. H.. H.. 
2000a858:	2000a850 2000a850 2000a858 2000a858     P.. P.. X.. X.. 
2000a868:	2000a860 2000a860 2000a868 2000a868     `.. `.. h.. h.. 
2000a878:	2000a870 2000a870 2000a878 2000a878     p.. p.. x.. x.. 
2000a888:	2000a880 2000a880 2000a888 2000a888     ... ... ... ... 
2000a898:	2000a890 2000a890 2000a898 2000a898     ... ... ... ... 
2000a8a8:	2000a8a0 2000a8a0 2000a8a8 2000a8a8     ... ... ... ... 
2000a8b8:	2000a8b0 2000a8b0 2000a8b8 2000a8b8     ... ... ... ... 
2000a8c8:	2000a8c0 2000a8c0 2000a8c8 2000a8c8     ... ... ... ... 
2000a8d8:	2000a8d0 2000a8d0 2000a8d8 2000a8d8     ... ... ... ... 
2000a8e8:	2000a8e0 2000a8e0 2000a8e8 2000a8e8     ... ... ... ... 
2000a8f8:	2000a8f0 2000a8f0 2000a8f8 2000a8f8     ... ... ... ... 
2000a908:	2000a900 2000a900 2000a908 2000a908     ... ... ... ... 
2000a918:	2000a910 2000a910 2000a918 2000a918     ... ... ... ... 
2000a928:	2000a920 2000a920 2000a928 2000a928      ..  .. (.. (.. 
2000a938:	2000a930 2000a930 2000a938 2000a938     0.. 0.. 8.. 8.. 

2000a948 <print_mutex>:
	...

2000a950 <__pre_init_runtime_init_early_resets>:
2000a950:	200029b1                                .). 

2000a954 <__pre_init_runtime_init_usb_power_down>:
2000a954:	200029dd 20002bc1 20003b41 200032fd     .). .+. A;. .2. 
2000a964:	20003ab1                                .:. 

2000a968 <__pre_init_runtime_init_clocks>:
2000a968:	20002ae9                                .*. 

2000a96c <__pre_init_runtime_init_post_clock_resets>:
2000a96c:	200029f9                                .). 

2000a970 <__pre_init_runtime_init_rp2040_gpio_ie_disable>:
2000a970:	20002a19                                .*. 

2000a974 <__pre_init_runtime_init_spin_locks_reset>:
2000a974:	20002a2d                                -*. 

2000a978 <__pre_init_runtime_init_mutex>:
2000a978:	20001bf9                                ... 

2000a97c <__pre_init_runtime_init_install_ram_vector_table>:
2000a97c:	20002a35                                5*. 

2000a980 <__pre_init_runtime_init_default_alarm_pool>:
2000a980:	20001f75                                u.. 

2000a984 <__pre_init_first_per_core_initializer>:
2000a984:	20002979                                y). 

2000a988 <__pre_init_runtime_init_per_core_irq_priorities>:
2000a988:	20001b4d                                M.. 
