:020000041000EA
:1000000000B5324B212058609868022188439860DF
:10001000D860186158612E4B002199600221596106
:100020000121F02299502B49196001219960352056
:1000300000F044F80222904214D00621196600F024
:1000400034F8196E01211966002018661A6600F04E
:100050002CF8196E196E196E052000F02FF8012189
:100060000842F9D1002199601B49196000215960AB
:100070001A491B48016001219960EB211966A021F2
:10008000196600F012F800219960164914480160C1
:100090000121996001BC002800D000471248134993
:1000A000086003C880F30888084703B5996A0420EC
:1000B0000142FBD001200142F8D103BD02B5186610
:1000C0001866FFF7F2FF186E186E02BD00000240BE
:1000D000000000180000070000035F00212200005C
:1000E000F4000018222000A00001001008ED00E03C
:1000F00000000000000000000000000074B24E7A12
:1001000000200420F7010010CB010010CD010010E9
:10011000C9010010C9010010C9010010C901001077
:10012000C9010010C9010010C9010010CF01001061
:10013000C9010010C9010010D1010010D301001045
:10014000C1010010C1010010C1010010C101001067
:10015000C1010010C1010010C1010010C101001057
:10016000C1010010C1010010C1010010C101001047
:10017000C1010010C1010010C1010010C101001037
:10018000C1010010C1010010C1010010C101001027
:10019000C1010010C1010010C1010010C101001017
:1001A000C1010010C1010010C1010010C101001007
:1001B000C1010010C1010010C1010010C1010010F7
:1001C000EFF30580103800BE00BE00BE00BE00BECA
:1001D00000BE00BEF2EB88718C020010A802001075
:1001E0003802001090A31AE700202149086006C8D1
:1001F00081F3088810471F480068002801D00020BC
:10020000F3E70DA40ECC002902D000F012F8F9E7B4
:1002100019491A4A002000E001C19142FCD1184955
:100220008847184988471849884700BEFDE701C933
:1002300001C29A42FBD37047A8020010C000002000
:10024000BC890020A48B0010C08900208CA900204C
:1002500070AB0010000004200000042070AB001000
:10026000001004200010042000000000704700006F
:1002700008ED00E0000000D08CA90020ECAE0020CA
:0C0280007553002095010020355300202C
:10028C00B09B0020BC9B0020C89B0020D49B00206E
:0C029C00E09B0020EC9B0020F89B002061
:1002A80070B50478002C17D0002120220D26114BA0
:1002B80002255D5F104B00290FD1A54214D0996922
:1002C8000A42FCD11C60017801300D394C42614171
:1002D8000478C9B2002CEED170BD99690A42F1D0F8
:1002E80099690A42F9D1EDE799690A42FCD11E6081
:1002F800E5E7C046E4AE0020008003400FB470B5C7
:10030800B2B036AB04CB02AEC0213000019305F089
:100318009DF83478002C18D03000002120220D26BA
:10032800124B02255D5F124B002913D1A54218D04C
:1003380099690A42FCD11C60017801300D394C42A0
:1003480061410478C9B2002CEED132B070BC08BC4F
:1003580004B0184799690A42EDD099690A42F9D15F
:10036800E9E799690A42FCD11E60E1E7E4AE0020A2
:1003780000800340F0B5DE46454657464E46E1212B
:10038800E0B5BE4CF7B02000490202F057F902214F
:10039800082001F05DFC0221092001F059FC200031
:1003A80000230122082102F0D9F9C022236B200082
:1003B800FA2412021340B24A0121136002F00AFA29
:1003C80001F068F9AF4DA40021002800FFF796FF5F
:1003D800002C07D101F03AFC002808D1AA48FFF701
:1003E8005FFFFEE7642002F021F8643CECE7A748D1
:1003F800FFF756FF01F06CF9002800D1E5E001F0A5
:100408005BF90200A248A3490690FFF777FFA248CC
:10041800FFF746FFA14B1027049302229B5E974CDF
:100428000293002303931D009D4B05939D4B984613
:100438009D4B07939D4B24939D4B08939D4B259370
:100448009D4B0C939D4B13939D4B2B939D4B159359
:100458009D4B2C939D4B12939D4B0A939D4B109350
:100468009D4B2D939D4B3D939D4B3E939D4B0993E7
:100478009D4B3F939D4B40939D4B1B939D4B1C93D2
:100488009D4B4B939D4B0B939D4B4C939D4B0E93C8
:100498009D4B0F939D4B39939D4B3A939D4B1193D5
:1004A8009D4B3B939D4B3C939D4B47939D4B359365
:1004B8009D4B36939D4B34939D4B48939D4B18937E
:1004C8009D4B16939D4B17939D4B49939D4B37938B
:1004D8009D4B38939D4B1D939D4B4A939D4B1E936B
:1004E8009D4B51939D4B45939D4B46939D4B4D93EF
:1004F8009D4B4E939D4B52939D4B53939D4B5493C1
:100508009D4B4F939D4B50939D4B55939D4B5693AD
:100518009D4B19939D4B1A939D4B57939D4B589305
:100528009D4B59939D4B1F939D4B20939D4B21931E
:100538009D4B22939D4B23939D4B26939D4B279335
:100548009D4B28939D4B29939D4B2A939D4B2E930E
:100558009D4B2F939D4B30939D4B31939D4B3293E5
:100568009D4B33939D4B41939D4B42939D4B43939E
:100578009D4B44939D4B0D939D4B1493A3691F4230
:10058800FCD1A3691F42FCD12268D3B20D2B22D023
:100598000A2B00D1E9E1082B00D1DCE17F2B00D147
:1005A800D9E1FF210A4041466820895C8143002047
:1005B80003900029E2D0681C5F2800D895E21498BF
:1005C800FFF76EFE00250395D8E78A48FFF768FE17
:1005D8002F4B06931BE70D3B5A425341DBB2039363
:1005E8000D26002220230D200599002A00D0A5E120
:1005F800029A964200D1A9E1A2691342FCD1266071
:100608000A7801310D3A564272410E78D2B2002E64
:10061800EBD1182258AB9B1842465E5558AB1B7E4F
:100628005EADD35C1B0707D5082241466B780135C0
:10063800CB5C1A42FAD18846280007F0C1FB28187B
:10064800A84212D9B44608222E0000214546013896
:1006580004E00170431E864204D018000378EB5C66
:100668001A42F6D1A846350066462B78002B00D1F1
:10067800A3E1082229004046C3E0C04600800340A9
:1006880030900340E88B0020148C0020688C0020F8
:10069800E88C0020C08C0020F88C0020E4AE0020FC
:1006A8004094002019A00020148D0020188D0020EF
:1006B800E9AE00204C8D0020BCAE0020E8AE002042
:1006C800788D0020C08D0020DC8D0020D08A00208D
:1006D80030930020F88D0020088E0020148E002012
:1006E800248E00202C8E0020348E00206C8E00205A
:1006F800D48A0020D88A0020908E0020A48E002062
:10070800AC8E0020E48E0020088F0020308F00205F
:10071800508F0020688F0020748F0020B08F002039
:10072800E48F0020E48A0020EC8A0020DC8A002084
:100738000090002014900020388B00203C8B002073
:1007480018900020108B0020248B0020908B002014
:10075800609000206C90002074900020408B002056
:10076800648B0020888B0020988B0020C890002084
:10077800D8900020E4900020A48B0020BC8B00209F
:100788003C91002050910020D48B0020E08B002069
:100798005891002064910020C0910020D49100203D
:1007A800F891002008920020109200204892002022
:1007B800609200206C9200207C920020849200209D
:1007C8008C9200209092002098920020AC920020F9
:1007D800C89200207899002028990020D092002003
:1007E800DC9200203493002070930020AC9300200A
:1007F800B0930020988C00204B780131002B00D159
:10080800DDE0C35C1A42F7D08A46012353449B4675
:1008180000230B704B7880469946C35C08211A4226
:100828000BD0AC465B4645465A780133A85C01427A
:10083800FAD1A8469B46914665462800079906F0D6
:100848008BF9002800D15BE12800099906F084F9AA
:10085800002800D190E028000B9906F07DF90028C7
:1008680000D180E12800119906F076F9002800D11E
:10087800AFE12800189906F06FF98246002800D1E8
:100888000EE228001E9906F067F9002800D17CE2E4
:100898002800539906F060F9002800D1EFE22800FB
:1008A800569906F059F98246002801D100F0EEFB6E
:1008B8002800219906F050F9031E01D100F049FCE7
:1008C8002800319906F048F9002800D06EE34B461D
:1008D8000500002B01D100F083FE339BEE009C46FF
:1008E80066445846316806F037F9002801D100F00F
:1008F8003DFE01350A2DF0D15846419906F02CF9F4
:10090800031E01D000F0FCFD20210D264298C84AA4
:100918000578002D00D131E6002B00D04EE3029B74
:100928009D4200D14EE393690B42FCD115600378D8
:1009380001300D3B5D426B41DBB2E9E7A26913422E
:1009480000D15CE6A2691342F8D158E6A2691342C5
:10095800FCD1206050E6002D00D133E60D98FFF75A
:100968009FFC0023013D039308E6039A002A00D167
:1009780031E60023039301E64B46002B00D10BE13F
:100988003F98722684460021300020220D256646B5
:10099800A74B002900D00FE10299884200D113E14A
:1009A80099690A42FCD11860317801360D394842FC
:1009B80041413078C9B20028EBD10025DEE58A46EE
:1009C800804607992800994606F0C6F8002808D0FE
:1009D8002800099906F0C0F8002800D1DCE0D346C9
:1009E80039E7089B1B78012B00D123E1002358AA83
:1009F80013745CA800F028FF002800D0ABE058ABC7
:100A08001B7C002B00D035E1139B1A78002A00D1FB
:100A180076E30C9D2C982988FFF770FC0A9B6D687B
:100A28009946002D02DA129B6D429946FA21280058
:100A3800890002F0E5F90E00FA212800890002F089
:100A4800DFF92D9B02004946109800933300FFF709
:100A580055FC049B0D2102255D5F002399468C46B9
:100A68002C26202249463D98714B002930D1B542A9
:100A780035D099690A42FCD11E60017801300D39E0
:100A88004E4271410678C9B2002EEED10C9B9D688A
:100A98000A9B9946002D02DA129B6D429946FA216B
:100AA8002800890002F0ACF90E00FA21280089001C
:100AB80002F0A6F93E9B02000093494633001098C5
:100AC800FFF71CFC049B002502229B5E029355E560
:100AD80099690A42D0D099690A42F9D1CCE7996953
:100AE8000A42FCD161461960C3E7182658A989193A
:100AF8004B552021A3691942FCD10500226038E733
:100B08004B46002B00D16CE70021722620220D25D0
:100B18002498474B002912D102998E4216D0996920
:100B28000A42FCD11E60017801300D394E427141F4
:100B38000678C9B2002E00D13FE70029ECD09969A8
:100B48000A42EFD099690A42F9D1EBE799690A425A
:100B5800FCD11D60E3E700F0AFFD1599020006988F
:100B6800FFF7CCFBAEE74B46002B00D0D5E0089B47
:100B78001B78002B00D132E15CA800F09DFE050037
:100B8800002D00D1B0E1280000F096FD399902004F
:100B98000698FFF7B3FB95E75CA800F055FE002820
:100BA80000D0B2E058AB1B7C1C99002B00D01B99DD
:100BB8004B98FFF7A3FB85E799690A4200D1F2E653
:100BC80099690A42F8D1EEE699690A42FCD11D609A
:100BD800E6E64B46002B00D017E1089B1D78002D58
:100BE80000D178E2049B002102229B5EAC469A4623
:100BF8002022D3463C980E4B0578002D00D129E1E0
:100C080000290CD05E4699690A42FCD11D60017822
:100C1800B3460D394D4269410130C9B2ECE75E4631
:100C2800AB4500D1A0E099690A42FCD1EEE7C04685
:100C38000080034025987326844600213000202236
:100C48000D256646B74B00291ED10299884222D04D
:100C580099690A42FCD11860317801360D39484249
:100C680041413078C9B20028EDD100F065FD002877
:100C780000D070E70C9800F07FFD002800D06AE7EC
:100C88000123139A1370C4E699690A42E3D099695B
:100C98000A42F9D1DFE799690A42FCD11D60D7E71A
:100CA8004B46002B00D129E15846169905F054FF10
:100CB800051E06D05846179905F04EFF002800D0AB
:100CC8008AE1089B1E78002E00D123E16B425D412A
:100CD800002358AAEDB22800137400F0A3FE824640
:100CE800002E00D182E25346002B00D1F9E14B4699
:100CF800389D002B00D0379D504600F0DDFC2900C0
:100D080002000698FFF7FAFADCE600F0D5FC4099F5
:100D180002000698FFF7F2FAD4E600217226202294
:100D28000D254C987F4B002912D102998E4216D07E
:100D380099690A42FCD11E60017801300D394E4292
:100D480071410678C9B2002E00D1BBE60029ECD06B
:100D580099690A42EFD099690A42F9D1EBE7996992
:100D68000A42FCD11D60E3E76E49029089462021C2
:100D78008A464946504689690842FAD1B3460D2148
:100D88004E46029831605E464DE758ABD8814B46D7
:100D9800002B00D18FE043464A469B5C1B0700D4DA
:100DA8003CE1202100228B46049B519802255D5F7F
:100DB8005C4B0678002E00D184E6002A00D0F8E0CB
:100DC800B54200D1A0E359469A690A42FBD11E6098
:100DD800027801300D3A56427241D2B2E9E700F08A
:100DE8008DFC002800D0D2E05CA800F065FD05006D
:100DF80000F06EFC002800D1C2E600F05DFC0F99FF
:100E080002000698FFF77AFABAE672260021202235
:100E18000D253B98434B002910D102998E4214D0DE
:100E280099690A42FCD11E60017801300D394E42A1
:100E380071410678C9B2002EEDD143E699690A429C
:100E4800F1D099690A42F9D1EDE799690A42FCD1D2
:100E58001D60E5E75CA8654600F06CFD0600002D06
:100E680000D182E0002E00D097E058AB1B8A34995D
:100E78000A9A002B01D03599369A489870E64B4665
:100E8800002B51D14A4658AB1A82089B1D78002D79
:100E980000D155E35CA800F03BFE0600002D00D110
:100EA80041E3002E00D1AEE14B46509D002B00D00F
:100EB8004F9D300021E7089B1D78002D62D058AA6D
:100EC80094460E236344180000F0CCFD0600002D64
:100ED80000D1F6E1002E00D1AAE14B46469D002B39
:100EE800E7D03000459D08E758AB58AA58A99B8A17
:100EF800528A098A3A98FFF701FAE3E5089B1E78B7
:100F0800002E64D0002558AB1D745CA800F04AFD83
:100F18008246E5E600F0F2FB061E00D1D6E6300078
:100F280035E0C0460080034043464A469B5C1B07A9
:100F380000D5D3E10A2258465CA906F00DFF5C9B58
:100F48001B78002B00D0C9E1B34B984200D9C5E10A
:100F580058AB1882089B1D78002D00D192E358AB3E
:100F6800188A00F00BFE060098E700F0B1FB002895
:100F780000D177E700F0A0FB0F9902000698FFF771
:100F8800BDF96FE700F0BAFB051E98D0280000F005
:100F980093FB0E9902000698E2E5300000F08CFB06
:100FA800479902000698FFF7A9F98BE529004498AC
:100FB800FFE559469A690A42FBD108E793690B4253
:100FC800FCD1B3E493690B42FCD11660ABE400F0AA
:100FD80095FB061E96D0A2E7534620210D25499879
:100FE8008E4A0678002E00D16CE5002B0DD1029BAD
:100FF8009E420ED093690B42FCD1166003780130F3
:101008000D3B5E427341DBB2EBE793690B42FCD1C7
:10101800F3E793690B42FCD11560EBE758465CA9EE
:1010280005F0C6FC5C9B05001B780E00002B00D069
:10103800B7E60022002302F099F9002800D0B0E6B4
:10104800002228003100764B02F0A6F9002800D0D3
:10105800A7E600222800734B310002F03CF9002279
:10106800714B02F01AF9714B002202F00DF902F0EF
:10107800E5F958ABD881089B1D78002D00D1A9E26D
:1010880058ABD88900F024FD060020E74B46002B1A
:1010980000D196E25846199905F05EFD002800D166
:1010A80087E258461A9905F057FD002800D0BDE29E
:1010B800089B1B78012B00D1B4E200F01FFB01262E
:1010C8000500002D00D141E2280000F0F5FA1F9933
:1010D8000200069844E500F011FB002800D181E5E4
:1010E80055E74B461D99002B02D158AB1D7C0A9938
:1010F800179A002D00D0169A4A98FFF7FFF8E1E4F6
:10110800049B0D2602215B5E202102932B98434B02
:101118000578002D01D1FFF731FA002A0DD1029A86
:10112800AA4211D09A691142FCD11D60027801309F
:101138000D3A55426A41D2B2EAE79A691142F4D0AF
:101148009A691142F9D1F0E79A690A42FCD11E6006
:10115800E8E74A46002A00D0B0E158AA94460E2390
:101168006344180000F070FB089B05001B78002BF7
:1011780000D18DE15CA800F015FC0600089B1A99C7
:101188001B78002B00D119992398FFF7B7F8002E88
:1011980000D0D4E058AB1B7C179A002B00D0169ACD
:1011A8000D26049B202002215B5EB1469C4600234D
:1011B8001A491678002E00D1C8E0002B0CD1B4458E
:1011C8000ED08B690342FCD10E60137801320D3BBF
:1011D8005E427341DBB2ECE78B690342FCD1F3E773
:1011E8008B690342FCD14B460B60EAE700F070FACA
:1011F800002800D177E500F05FFA0F990200069801
:10120800FFF77CF86FE54B460A99002B00D01D9933
:1012180058AB1A8A5598A3E4B80B00000080034025
:10122800000034400000F04000E065400000E03F6E
:1012380058ABD88931000023CA4A02F0D3FC4B4688
:10124800050C09044E980D43002B00D04D980D262F
:10125800049B002102229B5EB14620229C46C24B81
:101268000678002E1BD000290CD1B44511D09969FD
:101278000A42FCD11E60017801300D394E4271419D
:10128800C9B2EDE799690A42F4D099690A42F9D1DD
:10129800F0E799691142FCD149461960E7E7FA215C
:1012A8002800890001F0ACFD0E00FA212800890011
:1012B80001F0A6FD529B020000930A993300FFF744
:1012C800FEFB00F005FA002800D103E600F0F4F96F
:1012D8000F9902000698FFF711F8FBE52021049BFF
:1012E8008B4602269E5F002354989F4A0578002D5E
:1012F80001D1FFF7E7FB002B0DD1AE4210D05946C4
:1013080093690B42FBD11560037801300D3B5D42B8
:101318006B41DBB2EAE7594693690B42FBD1F2E72E
:10132800914B81469A4620239C46534698696346CA
:101338001842FAD10D23514648460B60DFE73000CA
:1013480000F0BAF901002698FEF7D8FF202082465F
:10135800133800228446049B279E0221595E824B43
:101368003078814600281DD0002A0FD1494512D077
:1013780050469A690242FBD14A461A6032780136D1
:101388000D3A100042424241D2B2E9E750469A690A
:101398000242FBD1F0E750469A690242FBD162460D
:1013A8001A60E5E7139B1B78002B27D12026B2464D
:1013B800133EB44628986C4A0678B146002E59D098
:1013C800002B0FD1494512D0564693693342FBD1C1
:1013D8004B461360037801300D3B1E007342734186
:1013E800DBB2E9E7564693693342FBD1F0E756464C
:1013F80093693342FBD163461360E5E70C9E299855
:101408003188FEF77BFF0A9B76689A46002E02DA3F
:10141800129B76429A46FA213000890001F0F0FCCE
:101428008946FA213000890001F0EAFC2A9B020073
:101438005146009310984B46FEF760FF0C9B9E6840
:101448000A9B9A46002E02DA129B76429A46FA21A5
:101458003000890001F0D4FC8946FA213000890067
:1014680001F0CEFC2E9B0200009351464B4610988B
:10147800FEF744FF002D00D0FBE058AB9B7B1C9986
:10148800002B00D01B992F98FEF738FFFFF71AFBA7
:1014980000F034F9002800D079E55CA800F082FA61
:1014A800060000F015F9002800D167E600F004F9FD
:1014B8000F9902000698FEF721FF5FE620210D250F
:1014C8002298294A0678002E01D1FFF7FBFA002B53
:1014D8000DD1029B9E420ED093690B42FCD116603F
:1014E800037801300D3B5E427341DBB2EAE7936952
:1014F8000B42FCD1F3E793690B42FCD11560EBE793
:1015080059464398FFF755FB174A814692462022D1
:1015180094465246906962461042FAD10D225146CD
:1015280048460A604FE400F0D3F8002800D1B8E438
:1015380000F0C2F80F9902000698FEF7DFFEB0E44B
:1015480000F0DCF8051E00D020E5A3E4089B59460E
:1015580020981E70FEF7D2FE049B02229B5E029327
:10156800FFF70CF898AB020000800340030020212D
:1015780070680D26464A0578002D01D1FEF7FEFF5A
:10158800002B0DD1029B9D420ED093690B42FCD1DA
:101598001560037801300D3B5D426B41DBB2EAE731
:1015A80093690B42FCD1F3E793690B42FCD11660B7
:1015B800EBE7089B1B78002B34D000F089F8050076
:1015C8007FE5089B1A991B78002B00D11999579829
:1015D800FFF7EFFA00F092F8051E00D150E5D5E4C8
:1015E8000D2632992A4A20300D78002D01D1FEF7B8
:1015F800C5FF002B0DD1029B9D420ED0936903427B
:10160800FCD115600B7801310D3B5D426B41DBB2BB
:10161800EAE793690342FCD1F3E793690342FCD1FB
:101628001660EBE759465998FFF7C3FA534620204E
:101638000D265899164A0D78002D01D1FEF79EFF08
:10164800002B0DD1029B9D420ED093690342FCD121
:1016580015600B7801310D3B5D426B41DBB2EAE767
:1016680093690342FCD1F3E793690342FCD1166006
:10167800EBE7280000F020F801003098FEF73EFE66
:10168800FFF720FA00F03AF8051E00D167E47DE480
:101698000080034010B50649064804F0C1F903214B
:1016A800042000F0D5FA0321052000F0D1FA10BD7E
:1016B800A086010098A20020042803D8024B8000CD
:1016C800C05870470148FCE79C9B00202C970020DD
:1016D80000B5084B85B003AA13800023622100934C
:1016E8000548023304F0C6F90238431E9841C0B2D7
:1016F80005B000BD21B1FFFF98A2002010B50C4B2A
:1017080084B003AA1380002362210093094802339E
:1017180004F0B0F9841E631E9C41E4B2022802D092
:10172800200004B010BDF330FF3000F07FFEF7E773
:101738003F86FFFF98A2002010B50C4B84B003AA87
:1017480013800023622100930948023304F092F9C0
:10175800841E631E9C41E4B2022802D0200004B01B
:1017680010BD044800F062FEF8E7C046219DFFFF67
:1017780098A2002088130000F0B5C646002600B5E0
:101788002B4B88B02B4D05AC238007000223220089
:1017980062212800009604F06DF90123022804D084
:1017A800180008B080BCB846F0BD013800F03EFE15
:1017B8000923220062212800009604F065F902231B
:1017C8000928EDD11D2303AD6B442E00984608E08F
:1017D8002278637812021343033433800236444577
:1017E80008D00221200000F0E9F9A3788342EFD065
:1017F8000323D5E72B88104A3B8068880023002103
:1018080002F0F0F900230D4A01F020FB0C4B0D4AC1
:101818009C46604478600023A888002102F0E2F921
:101828000023064A01F02AFB0023B860B8E7C04647
:10183800EC05000098A2002098AB0200FFFF000012
:101848003850FFFFA0860100F0B5002787B0184B7D
:10185800184E03AC238005000223220062213000C9
:10186800009704F007F90123022802D0180007B0F6
:10187800F0BD013800F0DAFD0323220062213000B8
:10188800009704F001F902230328EFD10221200078
:1018980000F094F9A378834207D123885BBA5B05EB
:1018A8005A1E93412B700023E0E70323DEE7C0466E
:1018B800E4B8FFFF98A20020F0B5002787B01B4BC3
:1018C8001B4E03AC23800500022322006221300056
:1018D800009704F0CFF80123022802D0180007B0BF
:1018E800F0BD013800F0A2FD09232200622130007A
:1018F800009704F0C9F8092813D1AE1D08E0227832
:101908006378120213432B8002350334B5420AD0A0
:101918000221200000F052F9A3788342EFD003237C
:10192800DCE70223DAE70023D8E7C0463682FFFF68
:1019380098A20020F0B5002787B0174B174E03ACCC
:10194800238005000223220062213000009704F062
:1019580091F80123022802D0180007B0F0BD104802
:1019680000F064FD0323220062213000009704F098
:101978008BF803280BD10221200000F01FF9A3786F
:10198800834206D123885BBA2B800023E4E7022335
:10199800E2E70323E0E7C0463639000098A20020BA
:1019A80010270000F0B5C646002500B51B4B86B0D1
:1019B8001B4F03AC2380804602232200622138009B
:1019C800009504F057F80126022804D0300006B02C
:1019D80080BCB846F0BD013800F028FD0323220082
:1019E80062213800009504F04FF8032812D1022133
:1019F800200000F0E3F8A37883420DD123885BBA76
:101A08009BB2012B04D84246334013700026DDE711
:101A18000426DBE70136D9E70326D7E723130000BE
:101A280098A2002030B585B002ACE0700A200025ED
:101A38000A4B022168442380A570257100F0BEF886
:101A480005232071220062210095054804F012F850
:101A58000538431E9841C0B205B030BD24160000B9
:101A680098A20020F0B5002787B0174B174E03AC9B
:101A7800238005000223220062213000009703F032
:101A8800F9FF0123022802D0180007B0F0BD013881
:101A980000F0CCFC0323220062213000009703F001
:101AA800F3FF03280BD10221200000F087F8A37868
:101AB800834206D123885BBA2B800023E4E7022304
:101AC800E2E70323E0E7C0462318000098A20020BD
:101AD80030B585B002AC40BA60800A2000250A4BB8
:101AE800022168442380257100F068F805232071DD
:101AF800220062210095054803F0BCFF0538431E0B
:101B08009841C0B205B030BD241D000098A2002045
:101B1800F0B5002787B0174B174E03AC238005009C
:101B28000223220062213000009703F0A3FF012363
:101B3800022802D0180007B0F0BD013800F076FC8A
:101B48000323220062213000009703F09DFF032841
:101B58000BD10221200000F031F8A378834206D18E
:101B680023885BBA2B800023E4E70223E2E7032300
:101B7800E0E7C0462322000098A2002030B585B0D7
:101B880002AC40BA60800A2000250A4B0221684452
:101B98002380257100F012F80523207122006221AC
:101BA8000095054803F066FF0538431E9841C0B20A
:101BB80005B030BD2427000098A2002030B50029C8
:101BC80041D0451804003121FF20237858404300B4
:101BD80040B2DBB2002801DA4B40DBB25A005BB2FC
:101BE800D2B2002B01DA4A40D2B2530052B2DBB271
:101BF800002A01DA4B40DBB25A005BB2D2B2002BAA
:101C080001DA4A40D2B2530052B2DBB2002A01DAFA
:101C18004B40DBB25A005BB2D2B2002B01DA4A4029
:101C2800D2B2530052B2DBB2002A01DA4B40DBB227
:101C380058005BB2C0B2002B01DA4840C0B2013490
:101C4800AC42C2D130BDFF20FCE7C046012070473E
:101C5800094A83009A1810B514684022544080320B
:101C68002240064CC000A44663441A60044B9C46BC
:101C78006044416010BDC04604C0014004D001402A
:101C8800004001400FB400B5084883B003F096FD4A
:101C9800049B002B07D005A91800019103F004FC50
:101CA800034803F08BFD012003F016FCC0970020C9
:101CB8003093002070B5EFF3108C72B60D4D2B6881
:101CC800002BFCD0BFF35F8F0724CB08C618C05C7D
:101CD80001230C40A3401C000440034207D11843D1
:101CE8003070BFF35F8F2C608CF3108870BD1000CC
:101CF800FFF7C8FF2C0100D0044A1078431CDBB260
:101D0800172B00D9102313707047C04648A2002033
:101D18000021044B044ABFF35F8F02C39342FAD1F8
:101D28007047C046000100D0800100D0054B064A2C
:101D38001360064A136053609360D3601361536164
:101D4800936170478080808000E400E004E400E054
:101D58001F2318401E3B8340002905D0C021044A98
:101D68004900535013607047802201498B50FAE7AD
:101D780000E100E010B5EFF3108C72B60F4A13685B
:101D8800002BFCD0BFF35F8F0D4B10309B68800099
:101D98001B580C4A934201D099420CD1084B9B68BE
:101DA8001950BFF35F8FBFF35F8F0022034B1A6098
:101DB8008CF3108810BD00F0D1FEC046240100D07D
:101DC80000ED00E0C1010010024B9C46614489000F
:101DD800016070474000003470B5114C114DAC42A1
:101DE8000FD2FF262368002B0CD0FFF785FF0100D8
:101DF8002000FFF7E9FFA680BFF35F8F0834AC42ED
:101E0800F0D370BDFFF778FF01002000FFF7DCFF7B
:101E18002671BFF35F8F0834AC42E3D3F1E7C046C5
:101E280048A9002050A900200A4B1968EFF3108038
:101E380072B60A68002AFCD0BFF35F8F1B68BFF335
:101E48005F8F00221A6080F3108840BF00200021B5
:101E58007047C046E0AE0020F0B5DE4657464E4615
:101E68004546E0B583B0EFF3058203231340B54A36
:101E7800990052580091904601229A409346B24BDD
:101E88001A60B24B01935B46B1484363434608224C
:101E98009B5E9946002B3ADA43469B881BB2002B7F
:101EA80000DB9DE043469B79002B00D0E1E04346F0
:101EB80008241C5F002C20DB43465A6963001B1969
:101EC800DB00D3189D68DC686B1C00D103E1A048D7
:101ED800009984466144826A0B69AE1A9B1A9E4235
:101EE80013D35A46036A1A420FD0994800F050FBA0
:101EF8008C4202DCC7D18542C5D940BF03B0F0BCD3
:101F0800BB46B246A946A046F0BD0D61EDE7424684
:101F180052695B0092464B44DB009A4453469E68E4
:101F2800DF6800F035FB8F42B6DC00D1F8E0002F07
:101F380000DAD9E05246534654691B69019A934224
:101F480000D1CCE0414652460820085E5288000481
:101F580021001043984704000D0023002B4300D1B3
:101F6800C2E0002D00DBDFE030003900001BA94192
:101F780053469860D96000229A5E002A00DA8BE7FF
:101F880043465D6953009C18E4002C19A768E4686F
:101F98008C4200DD80E702D1874200D97CE74646C3
:101FA800328108360DE08C4200D1C6E01E000023C5
:101FB800F25E002A0ADB53009C18E4002C19A7687B
:101FC800E4689B18DB00EB188C42ECDD53461A8062
:101FD8004B46338043469B881BB2002B00DA61E7EF
:101FE80043461A69EFF3108172B61368002BFCD0D0
:101FF800BFF35F8F43469E88012342465B4293802E
:1020080036B21369BFF35F8F00221A6081F310881C
:10201800002E00DA46E743465D69083342469C468F
:102028007700BF19FF00EF19BB6860469846082380
:10203800D15E9246FC68002907DA0EE0A24246D03B
:1020480018000023C15E002906DB4B005B18DB008B
:10205800EB18DA68A242F1DD524606800023FE5EE4
:102068003980002EDCDA904643469B79002B00D15C
:102078001DE7002342469371434646460821595EB0
:1020880008364B1C00D138E747468946556902E0B7
:1020980006004B1C18D04B005B18DB00E8180A0040
:1020A8008C46E95E43881BB2002BF1DA01235B42C0
:1020B800DC178360C4604A4503D031803B890380C4
:1020C8003A81E1464B1CE6D1B8464C46F2E69A689E
:1020D8004245B5D9C0E7631C00D0F8E605E7200003
:1020E80023699847002825D1534642461B88138107
:1020F8001269EFF3108372B611680029FCD0BFF3A0
:102108005F8F4246514652880A804246494651806E
:102118001269BFF35F8F0021116083F31088BBE65B
:10212800864200D803E7B7E6094800F031FA0019FB
:1021380069411DE7656824680FE7874200D835E7DD
:1021480044E7C046CCAE00203C700540791C002016
:102158000040054070B52E4C2569002D04D00A2199
:102168002C48FFF731FE70BD2B4E0321300000F0E4
:1021780005FAE660FFF7C0FD284B03229C46D023F2
:1021880022701B061B6801216370254B6044A36005
:102198000F23800020610220638063694942A18087
:1021A80019800231198647311D83585218315A5205
:1021B80075325C399952183201319952183201310D
:1021C8009952183201319952083518329D5202310C
:1021D80018329952183201319952183201319952F4
:1021E800183201319952183201319952183201319D
:1021F80099520C4B0C49DC6001303562FFF7BAFD8F
:1022080001210320FFF7A4FD084B1D60A7E7C04686
:1022180058A20020E0AE00200040054040000034F5
:10222800FFFF1000CCAE0020791C0020386005406C
:1022380070B501000469EFF3108C72B620680028AD
:10224800FCD0BFF35F8F02200D5E4C696800401917
:10225800C0002418002D37DB208848800869BFF3A8
:102268005F8F002606608CF31088E360638804980B
:10227800013320615B0405985B0CA26060611A1C45
:10228800002B1FD093B22804628018430A69EFF329
:10229800108C72B61368002BFCD0BFF35F8F8B884D
:1022A80023808D800B69BFF35F8F00221A608CF347
:1022B80010880B7801329A40CB6808498C466344F1
:1022C8001A6070BD0122DDE70B69BFF35F8F002242
:1022D8001A608CF3108801204042F2E73C2000008D
:1022E80010B543890A1493421ADD53009B184269BA
:1022F800DB00D3180469EFF3108C72B62268002A49
:10230800FCD0BFF35F8F5A88090494B2090C8A4243
:1023180008D00369BFF35F8F00221A608CF310881E
:10232800002010BD8022120214435C800123026940
:102338008371BFF35F8F002111608CF3108804490B
:1023480002788C469340C268012062441360E8E733
:102358003C200000F0B504000D0006267642F71771
:10236800C64636196F4100B582B08F4214D811D0D5
:1023780000F016F932003B00121A8B41002B17DCD3
:10238800002B47D02000290000F048F902B080BC9B
:10239800B846F0BD8642EBD90022002316001F0084
:1023A80000F0FEF832003B00121A8B41002BE7DDEB
:1023B80000F0F6F832003B00121A8B41002B0ADBC2
:1023C80000230193154B3200009315483B00FFF79B
:1023D8002FFF0028D6DB00239C46B046114A124E38
:1023E800736A9F4204D8B16A8845CBD99F42C9D144
:1023F8001168EFF3108072B60B68002BFCD0BFF3A6
:102408005F8F1368BFF35F8F6146196080F3108890
:1024180020BFE5E7002AB5D0CAE7C046491C00201E
:1024280058A20020E0AE00200040054070B506002C
:1024380000F0B6F8FA2204000D0000233000002155
:10244800920001F0CFFB8023001969411B069942D5
:1024580002D3012002494042FFF77CFF70BDC0460D
:10246800FFFFFF7FF0B5D6464F464646C0B504008D
:102478000D0082B0EFF305830F00002B31D13B4BE9
:1024880098461B68834227D0394B9946DB689A46A1
:102498004B4650461E7800F07BF80B005146020070
:1024A8000436B60071582000891A8C462900002687
:1024B800801A99418E4224DC21D020BF2D4A536ACC
:1024C800BB422AD3926A0120A24213D302B0E0BCD5
:1024D800BA46B146A846F0BD43465B688B42D3D1A5
:1024E800EBE7244900204B6AAB42EFD38A6A0130FC
:1024F800A242EBD25B1B5A1E9341D8B2E6E7844551
:10250800DBD900F04DF822002B00121A8B41002B6A
:1025180005DA184A536ABB42D4D20020D6E7002312
:102528000193154B2200009348462B00FFF780FECD
:10253800011EEEDD43461C605D600E4B5A6ABA42CE
:1025480011D39B6AA3420CD34846FFF7C9FE094A38
:102558000020536ABB42B9D3926A0130A242B5D275
:10256800C8E7BA42F0D120BFEEE7C04650A200202B
:1025780058A2002000400540491C002010B5024A1E
:102588000248FFF797FB10BDD097002084AE0020CB
:102598000300416A0A00986A596A8A42FAD1704768
:1025A800034B596A0A00986A596A9142FAD17047EE
:1025B8000040054070B504000D00174A536A190021
:1025C800966A536A8B42FAD13000190024184D419B
:1025D800AB4216D813D0104A2B00526A954203D941
:1025E8000D494A6A9A42FCD39A4207D10A4A02E044
:1025F800516A994202D1916AA142F9D370BDA642AB
:10260800E9D9054B5B6A1C005A1CEFD00123012451
:102618006442E5175B42E3E700400540064A536A17
:102628009942FCD807D1044B02E05A6A914202D180
:102638009A6A8242F9D3704700400540F8B5040011
:1026480006200D0000F0E2F9002844D0374B384945
:10265800E3185A1E93418022120494465B429B0D54
:10266800344A9B0563441360334A136018000A68B0
:102678009043FBD12D4B314AE31859424B418021FD
:102688005B0049000620995200F0C0F92900C000FB
:1026980000F0B6FB0130C3091ED140270122626257
:1026A800A362266BF30722D4E36A254B0620E518BC
:1026B80000232B60266300F0A9F93900800000F0A0
:1026C8009FFB7023E26A5A400E3313402B601D4B68
:1026D80023630323A364F8BD1B4A93421ED9002336
:1026E8001A4A1B4F6262A362266BF307DCD5194BAB
:1026F800144AE3181A60656AA36A0620AD01ED184A
:1027080000F084F9144900F07BFBAD0201002800B9
:1027180000F076FB0021FFF74DFFC5E74006800E6D
:102728009F011A003F180300B9E7C0460080FCBFAC
:1027380008C0004000E0004000F00040E4AE002087
:102748002C10000001030000FEFF0000FFFF000046
:10275800C0FF3F00303000004E0E00000539013A3E
:10276800F8B5D2004C0105001443002B06D0013BFC
:102778005A4253419B00234302241C432E6BF30708
:1027880008D46E23EA6A624013400E4AAA181360FE
:102798002E63F8BD0C4B0D4AEB181A606F6AAB6AD2
:1027A8000620BF01FF1800F031F9094900F028FBA5
:1027B800BF020100380000F023FB0021FFF7FAFEFA
:1027C800DFE7C0462C100000303000000103000095
:1027D8004E0E0000F8B5066B04000D01F30708D48F
:1027E800E36A5D4010231D400D4BE3181D6026630E
:1027F800F8BD0C4B0C4AC3181A60476A836ABF01BC
:102808000620FF1800F002F9084900F0F9FABF02A3
:102818000100380000F0F4FA0021FFF7CBFEDFE7F3
:102828002C10000030300000010300004E0E0000A4
:10283800F8B5DE464E4657464546E0B58B46050098
:102848000A991800160000F0DBFA0A9B6C001F02B8
:10285800324B64199C46A4006444636881469F42D5
:1028680000D967602B1FDBB29846012B30D9C023F3
:1028780080229B01E31812011A60294BAD005959B7
:102888009A4600291BD17301E026226853401E4056
:10289800802342465B01E3181E60012A30D9802359
:1028A80080229B01E31812011A6053464A4667606A
:1028B8005A51F0BCBB46B246A946A046F8BD586975
:1028C80000F09EFA013043001B18033BFDD2DAE703
:1028D8005B46012BCBD1C02303229B01E3181A606E
:1028E800023AA3681A42FCD07301E0262268AD00C0
:1028F80053401E4080230A4A5B019246E3181E603B
:102908005A462168514003220A401A6001225B4658
:102918009A40A3681A42FCD0C1E7C0460080004034
:1029280088AE0020F0B546464F46D646C0B51F00D3
:10293800344B44009C462418A400644463688846C9
:102948001600FF2B02D880235B006360031FDBB2F5
:102958009A46012B30D9C02380229B01E31812012B
:102968001A60294B85005959994600291BD17301D2
:10297800E026226853401E40802352465B01E3183C
:102988001E60012A30D9802380229B01E31812019E
:102998001A6080235B0063604B465F51E0BCBA4617
:1029A800B146A846F0BD586900F02AFA0130430044
:1029B8001B18033BFDD2DAE74346012BCBD1C023DA
:1029C80003229B01E3181A60023AA3681A42FCD05A
:1029D8007301E0262268850053401E4080230A4A7E
:1029E8005B019146E3181E6042462168514003226C
:1029F8000A401A60012342469340A2681342FCD061
:102A0800C1E7C0460080004088AE0020014B80002E
:102A1800C058704788AE0020F8B5040021481E0051
:102A280017000D0000F0ECF90100380000F0E8F99B
:102A3800069B36041B031E432368002B20DB1A4B1E
:102A48001A49E3185A1E93418022920194465B4228
:102A58001B0B174A1B0363441360164A13601F00BD
:102A68000A689743FBD1144B2560E2182123A06024
:102A780013602368002BFCDA0823E6601360F8BDB6
:102A88003F2322681340AB42D9D1A3681B051B0D15
:102A98008342D4D1EE22E368D2021340B342CED1AE
:102AA800EDE7C046001BB7000040FDBF08C000406E
:102AB80000E0004000F00040043000008023024A9B
:102AC8009B000B43D362704700800540142310B568
:102AD8000100188804331B88984710BD162310B5C9
:102AE8000100188802331B88984710BDF8B547467F
:102AF800CE4680B50F1E19D014239946043304001E
:102B08000025012698464B461888434621681B88AD
:102B1800984701C4431E9841013540420640AF42E0
:102B2800F1D13000C0BCB946B046F8BD0126F8E77F
:102B3800AA23064A1B0113608D235B00D360044956
:102B4800044B19605368002BFCDA704700400240C0
:102B580000B0FA00006002407047C04610B5014856
:102B6800FFF790F8F497002070B5074D074EB5426F
:102B780009D20024013E761BB60808CD98472300E9
:102B88000134B342F9D170BD50A900208CA90020AE
:102B9800054B064A06491A60064A074B1A60100098
:102BA8000B689843FBD1704700E00040BFCDFBFEA7
:102BB80008C00040FE7F3C0000F00040044BDB6C86
:102BC800002B03D18022034BD2021A607047C04603
:102BD800000011504C201150044A054B1A60054A58
:102BE8001368DB018033FBD17047C046FFFFFF014C
:102BF80000F0004008C000404022034B9A675A6723
:102C08001A67DA667047C04600F0014010B5FFF752
:102C18007FF810BDF8B52749274C284D641AA40839
:102C28002200302C00D930222800920001F086F8CA
:102C38002F2C3BD830202F21A700EB195B07204A07
:102C4800001BDB0F091B052916D92600002B01D014
:102C5800EA51661CC01AE3189B004108EB18C9002A
:102C6800C9181A605A6008338B42FAD1012303420B
:102C78001CD098438419A700EA51631C2F2C15D047
:102C88009B00EA50A31C2E2C10D09B00EA50E31C9A
:102C98002D2C0BD09B00EA50231D2C2C06D09B001A
:102CA800EA50631D2B2C01D09B00EA50054B9D6018
:102CB800F8BDC04600010010C0010010000000204F
:102CC800C101001000ED00E0002310B5294C82B0CE
:102CD800A367FFF72DFF0122274B1A60636C012BB6
:102CE800FCD10322254B1A60224A936B012BFCD19D
:102CF800013300930121224A22480433FFF78CFE56
:102D0800052301210093204A2048FFF785FE002271
:102D1800022104201E4BFFF705FE00220121052099
:102D28001C4BFFF7FFFD0022002107201A4BFFF77D
:102D3800F9FD002200210820174BFFF7F3FD80233F
:102D4800DB000093002200210920134BFFF770FDE0
:102D58000022104B00210620FFF7E4FD0420FFF7B6
:102D680055FE0E4900F04CF801000020FFF7A6FEC2
:102D780002B010BD008000403CB0004030B00040C0
:102D8800002F685900800240008C864700C002402E
:102D9800001BB70040597307006CDC0240420F006B
:102DA80001480421014B184770A200200D2900207A
:102DB800124A936F9B0815D29066D166002905D0F8
:102DC800FFE7FFE7FFE7516F106F704704B58021F9
:102DD8000906C2175140002800D0C84302F05EFE21
:102DE800002104BDF0B5146E556E576F166FFFF7CE
:102DF800E3FF1466556657671667F0BD000000D0FC
:102E0800114A936F9B0813D210665166002905D0AA
:102E1800FFE7FFE7FFE7516F106F704704B5002821
:102E280001D00020C04302F039FE002104BDC04695
:102E3800F0B5146E556E576F166FFFF7E5FF146601
:102E4800556657671667F0BD000000D094464A4A99
:102E5800926F9208624601D228E0C046F0B5464E0D
:102E6800346E756E776F366F00F020F89446424ADC
:102E780014665566576716676246F0BD94463E4A23
:102E8800926F9208624601D254E0C046F0B53A4EBD
:102E9800346E756E776F366F00F04CF89446364A8C
:102EA80014665566576716676246F0BD002B24DB2B
:102EB80011D000293EDA00B5C943404200D10131A2
:102EC80000F038F8C943404200D10131DB43524297
:102ED80000D1013300BD002AEBD1002801D100291F
:102EE80005D00020C90FC90701D1C043410800B56A
:102EF80002F0D4FD0022002300BD00B500290ADB42
:102F0800DB43524200D1013300F014F8C943404278
:102F180000D1013100BDC943404200D10131DB433A
:102F2800524200D1013300F005F8DB43524200D190
:102F3800013300BD002923D1002B18D1002A0CD061
:102F4800BC460D4F38667A6600210023FFE7FFE78D
:102F5800FFE77A6F386F67467047002801D0074847
:102F6800010000B502F09AFD0022002300BD020016
:102F78000B00002000217047000000D0FFFFFFFF7A
:102F8800002B00D0BFE0130C28D1002AE7D080B472
:102F9800114F39667A66FFE7FFE730B4040C7B6FA0
:102FA800396F1B0423433B667A66FFE7FFE7FFE7B9
:102FB800C04684B27B6F3D6F1B0423433B667A6631
:102FC800FFE7FFE7C04600232C042D0C7A6F386F0B
:102FD80000196941B0BC7047000000D0F0B59446B4
:102FE8000025140E01D112020835140F01D1120167
:102FF8000435940F01D192000235D40F01D152004B
:103008000135D40B0134254F7C66254C3C660E0CEB
:1030180093B2FFE7FFE7FFE73C6F6643360C7703A1
:10302800BE467343DF0B5B04C01AB941130C7343EC
:10303800DB18C91ACE086643360CB64493B27343FC
:103048001F0F1B01C01AB941130C73431F0B1B053B
:10305800C01AB941860D8F023E436643360C092DCE
:1030680024DB520A7243801A7703460A6643360CF9
:1030780016235B1BDE40DF40BF1964466643821B94
:103088007046043506330100D940A840C01900D362
:103098000131A24206D20023F0BD0000000000D09A
:1030A800FFFFFFFF121B0130F3D3F1E709277F1B56
:1030B800FE406446A2B27243801A00D20139220C43
:1030C8007243130C1204821A99410B00704604359E
:1030D80013370100F940A840801900D30131002BB3
:1030E80002D1A2420AD2F0BD013000D30131121B35
:1030F800FAD2013BF8D1A24200D2F0BD013000D390
:103108000131121BF7E7F0B51C0C00D080E00CB4BD
:1031180000251C0A04D11B02160E3343120208357F
:103128001C0B04D11B01160F3343120104359C0BF1
:1031380004D19B00960F334392000235DC0B02D179
:1031480092185B4101351C00971864410134464FC1
:103158007C66464C3C660E0CFFE7FFE7FFE7C0467F
:103168003C6F6643360C7703BE4697B27743C01B65
:1031780000D20139C01B00D201399FB27743C91B65
:10318800C91B170C77437E04FF0B801BB941CE087F
:103198006643360C0C2D33DBB644120B1F053A433D
:1031A8001B0B97B27743C01B00D201399FB27743FC
:1031B800C91B170C77433E043F0C801BB941860D91
:1031C8008F023E43664329277F1BFE400C3D77460E
:1031D800AF40BF1930BCA2B2ABB272437343801A7E
:1031E8009941220C7243130C1204801A994102006F
:1031F8000B000137001BA941F9D2781E0021F0BD50
:103208000C277F1BFE4077467F0BAF40FF19E0E796
:1032180000245D1C07D0144F7D663966FFE7FFE781
:10322800FFE7FFE73C6F95B29EB265436643401BDC
:10323800B141150C1E0C6543664336042F0C3E4302
:103248002D04401BB141994204D202000B0020001A
:103258000021F0BD01D19042F7D3801A9941013481
:103268009942F2D3F6E70000000000D0FFFFFFFF0D
:1032780048404140484018B41B4B5B68FC460193EA
:1032880008BD04DFD333002018B4174B1B68FC4675
:10329800019308BD00DFDD3300209446134A926F86
:1032A800920809D2624618B40F4BDB68FC460193BA
:1032B80008BD0CDF953600200C4AF0B5146E556E2B
:1032C800576F166F6246FFF7EEFF084A1466556699
:1032D80057671667F0BD18B4034B9B68FC4601930B
:1032E80008BD08DF3935002010AB0020000000D0F1
:1032F800FFB550404240504059404B40594000E0D3
:10330800FFB5154F4C00640D03D0BC4204D10C032B
:1033180014D80020090D09055C00640D03D0BC42D7
:1033280004D11C030AD800221B0D1B0501264B40A3
:1033380009D44B4003D58B4200D18242FFBD99424C
:10334800FCD19042FFBD0B43DB1803431343F5D078
:10335800C9434918FFBD0000FF07000000B5FFF78B
:10336800CFFF01D0002000BD012000BD00B5FFF750
:10337800C7FF804100BDC04600B5FFF7C1FF01D9B6
:10338800002000BD012000BD00B5FFF7B1FF01D945
:10339800002000BD012000BD00B5FFF7A9FF804156
:1033A80000BD012040054A00121804D85A0012181E
:1033B80001D8002070470120704700000021002834
:1033C80005D17047C1174840401AFAD0C90713B54C
:1033D800064B1B6898470CBC441CA2401005120BF6
:1033E8000349091B09051943114310BDDCAE002030
:1033F8001F04000010B54C00620D8023D218DB00BA
:10340800D21A5B057E2A10DD9E3A13DACC1709031F
:10341800490819435242D140640001341532202A28
:1034280005DAD0400843604310BD002010BD0846AF
:10343800604310BDC80FC018013810BD18B4044B44
:103448005B6AFC46019308BD24DF45380020000074
:1034580010AB002018B4044BDB6DFC46019308BD8B
:103468005CDF51390020000010AB0020C94211D3A5
:1034780000B549004908002200F018F8002904D4D2
:10348800002240428A41114600BD802109060020E1
:1034980000BD000018B4044BDB6EFC46019308BD68
:1034A8006CDF53380020000010AB002018B4044B28
:1034B8009B6FFC46019308BD78DF6F380020000041
:1034C80010AB002018B4044BDB6FFC46019308BD19
:1034D8007CDFDD380020000010AB0020132370B51E
:1034E8001D78012D19D014DD1F48FFF7F7FA0600E3
:1034F8001E48FFF7F3FA1E4C80223100200000F02E
:103508001DFC022D2DD01B48FFF7E0FA1A4B18605E
:1035180070BD1A4B164CA364F5E7184B144C236086
:103528006360A360E36023616361A361E361236275
:103538006362A362E36223636363A363E363236455
:103548006364A364E36423656365A365E365236635
:103558006366A366E36623676367A367E367A36499
:10356800D1E7064BA364CEE753440000534600005E
:1035780010AB00204C330000DCAE0020A13300204B
:1035880007B5604601880A0A0230DF2AFAD1C9B2B3
:10359800820804D3028840880004104300E00068D1
:1035A800014A5050039007BD10AB00200FB403BC74
:1035B8000CBCF0B50124E407634000E0F0B50C0D45
:1035C800CF0F661E3605891B640503D3C9434042E5
:1035D80000D30131640D03D0661CF60A07D0E41B42
:1035E80000207F00791C89078912803C24031D0D67
:1035F800DF0F6E1E36059B1B6D0503D3DB4352425E
:1036080000D301336D0D03D06E1CF60A07D0ED1BF5
:1036180000227F007B1C9B079B12803D2D032F1BE4
:10362800661B58D4A446202E46DA20371400BC4026
:103638001D00BD40F24033412A4380185941CB0F49
:1036480005D0C943C04300226442504151416246FB
:103658004D0D28D10D0D07D100281FD02419404148
:103668004941013A0D0DF9D0640006D3013000D369
:103678000131002C01D140084000013A0BD4941CC0
:10368800E40A04D112051144DB071944F0BDD90737
:10369800204B194300E0D9070020F0BD0029DDD1F7
:1036A800002CDBD1F0BD0132C6074008CD07284306
:1036B8004908002EE1D0D9E73C2E29DA203E4037D0
:1036C8001400BC4000D00124F24014431A00BB404F
:1036D8001C43D317ACE7AC46202F08DA2036040089
:1036E800B4400D00B540F84039412843A5E73C2FC8
:1036F8000CDA203F40360400B44000D00124F840E2
:1037080004430800B1400C43C117EAE71000190050
:10371800002494E70000F07FF0B50C0D661E360516
:10372800891BE60A6405640D02D0651CED0A04D005
:10373800002001210905803C2403A4461C0D671EB6
:103748003F05DB1BE70A6405640D02D0651CED0A22
:1037580004D0002201231B05803C240377406444E5
:1037680097B484B296B27443070C7E43150C6F432A
:1037780080B26843361802D3012000043F18300491
:10378800350C00197D41844688B29AB250430C0C1E
:1037980062431F0C7C438EB27E43921902D30126EA
:1037A8003604A4191604170C3618674101BC81B2F7
:1037B8009AB25143040C62431B0C5C4380B25843D9
:1037C800121802D30120000424181004130C401806
:1037D80063412D185E410020474106BC88B293B270
:1037E80058430C0C6343120C544389B251435B1881
:1037F80002D301210904641819041A0C091862413A
:103808006D1856410020474118BCF902720D11434A
:10381800F0026A0D1043ED020A0D03D16D19404103
:103828004941013B124E9B1B7600B3420ED26D00FC
:1038380007D30130002671416646354301D140085F
:1038480040001B05C918E4072144F0BD0BDA013319
:1038580006D1013004D101314F0D01D04908F2E7FA
:10386800E1070020F0BD013631050020EBE700003C
:10387800FF030000F0B51C0D671E3F05DB1BE70AC0
:103888006405640D02D0661CF60A04D000220123E8
:103898001B05803C2403D0252D060026F6432E6602
:1038A8001E096E66CE0FF619B44649004F0D02D0B8
:1038B8007E1CF60A03D000200021403F3F033E1B38
:1038C800B600B444013F7F05C91B49082E6F013675
:1038D80076089C02950D25437543ED137543AD138A
:1038E80001356D10F603761B0CB4CC02450D2C4344
:1038F800A2B2B3B25A43270C7B43350C6F43A4B230
:103908006C431B1902D3012424043F191C041D0C09
:10391800A4187D4124196D41009A91B2ACB261435B
:10392800170C7C432B0C5F4392B25A43A41802D362
:1039380001221204BF182204230C52187B41019C57
:103948006C431B19520ED9010A434401A01A81B2D3
:10395800B2B2514303145A43360C734387B27743C8
:10396800D617D21900277E4136049B191704160C66
:103978007F185E417316ED18F301002680337541F8
:10398800A90F06D16400690AE8055B0A184309D241
:103998002FE00422944480337541A90AA8059B0AA4
:1039A800184326D3404149412404009A019B0D0045
:1039B8005543641B4343E41A95B286B27543170C0A
:1039C8007E43030C5F4392B25A43B61802D30122D6
:1039D8001204BF183204330C52197B4152429C41E5
:1039E800002C02D40022013051414008CA0710437C
:1039F800490802B06246D7079210084BD218084B04
:103A08009A4203D212058918C919F0BD0020002A6C
:103A180001DC3900F0BD01331905F5E7FD030000AD
:103A2800FE070000002200B5203200F010F8080060
:103A380000BD002200B500F00CF8CA179A4200D168
:103A480000BDD8430121C907414000BD00220B1524
:103A58000AD410B5944600F0A7F81414013400DA1B
:103A68000021CB17144C20470020002170476244E6
:103A7800343A0CD40C2A07DA0400914090405242A0
:103A88002032D440214310BDD843D94310BD203241
:103A980007D40C469440524220321141D040204372
:103AA80010BD0800C917203203D4524220321041F9
:103AB80010BD1800190010BD8F3800204A00520DA3
:103AC800144BD21A13DDFF2A1EDAD205CB0FDB07FF
:103AD8001A43C300400F0903490A084310435B0017
:103AE80001D301D0013070474308FBD2704702D0A0
:103AF800C80FC00770470A0312130132F8D1420FEA
:103B0800072AF5D1012200E0FF22C80F0002801821
:103B1800C00570478003000000210A00002104E06E
:103B280000210A00C11704E00022002306E0C04675
:103B38000022CB1758405940C01A994130B5184C4B
:103B4800A21A002903D1010010D00020203A4C15F8
:103B580012D104D2013A001849414C0DFAD3114C44
:103B6800A24204D212058918DB07C91830BDD24316
:103B7800520D00200021F5E703D4013A001849410D
:103B8800FBD50B324405C00A4D052843C90A640019
:103B980003D0002460416141E1E7E0D34408F8E73D
:103BA80032040000FE0700000A0DCC0F531E1B054F
:103BB800C91A520503D3C943404200D30131520DFB
:103BC80003D0531CDB0A07D0121B00206400611CC1
:103BD80089078912803A1203014BD21A70470000F4
:103BE800FF03000051434343C9188C46110C83B2AC
:103BF8004B4310B4040C614392B280B25043624309
:103C08001C041B0C001910BC59411304120CC018D9
:103C1800514161447047000007B548404140484061
:103C280001E0C04607B54200120E03D0FF2A03D1B7
:103C3800420218D8C00DC0054A00120E03D0FF2A50
:103C480003D14A020FD8C90DC9050122414005D444
:103C5800414001D5814207BD884207BD014349184B
:103C680001D0C043001807BD00B5FFF7DBFF01D93D
:103C7800002000BD012000BD01231B064200D21810
:103C880004D84A00D21801D8002070470120704794
:103C9800132310B512481C78FEF720FF0100012CF1
:103CA8000AD003DD80220F4800F048F80E48FEF7DE
:103CB8000DFF0E4B186010BD0A4C5422200000F076
:103CC8003DF80B4B6365A365E36523666366A366EE
:103CD800E36623676367A367E3672362E361E5E756
:103CE8005346000010AC00204C330000DCAE00202E
:103CF800153B002007B5604601880A0A0230DF2A12
:103D0800FAD1C9B2820804D302884088000410435B
:103D180000E00068014A5050039007BD10AC002035
:103D280001480421014B184780A200200D290020DA
:103D3800014B1B681847000080A20020014B5B68FC
:103D48001847000080A200209A4200D28854704789
:103D58007047C046F8B55746DE464E464546E0B57C
:103D680099460A9B07009A460D9B884693460B9CEA
:103D78009B073BD10C9B9C423DD21E1B0B9415000C
:103D88000C005E442A004B46013521002020B8472C
:103D9800B542F7D1A0460B9C002C20D045463619D9
:103DA8005346321B013C185D29004B46B847002C8E
:103DB800F6D12B00350098460D9B9B070FD55B4627
:103DC800EC1A0C9BA3420AD9464698462A004B4651
:103DD800310020200134B84701354445F6D3280086
:103DE800F0BCBB46B246A946A046F8BD1600150071
:103DF800002CD3D1E0E71600002CCFD11500EEE758
:103E0800F0B54F464646D646C0B584B098460EAB88
:103E18001B7894469946129B0D9C109F119E9A07F9
:103E280025D4002E65D1BC4221D201221A409246E7
:103E3800202C00D1E9E00C9A551E302202E0202CFB
:103E480000D17BE001342A55A742F8D85246002A0F
:103E58000DD0B4420BD20C9A551E3022202C02D120
:103E680071E0202C2DD001342A55B442F9D1DA065C
:103E78003CD55A052ED4002C28D10F9A102A00D1EF
:103E8800B6E0022A00D1BCE030220C9C227001244A
:103E98004A46002A65D15A0700D499E02B220C9D86
:103EA8002A55013403930C9B6246009302964346BD
:103EB8000194FFF74FFF04B0E0BCBA46B146A846EC
:103EC800F0BD2024DA06EDD55A0503D4A74266D002
:103ED800B44264D00F9A102A71D0022A57D0202CED
:103EE800E0D02200013430250C9FBD54202CD9D0BD
:103EF800CEE7012215001D40AA461A4236D04A468E
:103F0800002A4AD10C321A4247D1BC42A1D2202CF5
:103F180091D1202E17D82024DA06C3D55A051BD4F0
:103F2800202F01D0202ED5D11F220F9D102D6FD00C
:103F3800022DD8D162250C9FBD54D0E75246002AE5
:103F480079D0202EBDD92024DA06ABD55A0503D462
:103F5800202FE9D0202EE7D00F9A102AA2D12024B2
:103F6800A0E72D220C9D2A5501349BE7BC4200D3C3
:103F78007DE7202C00D05EE7DA06F0D55A05EED4AE
:103F8800202F62D0202EEAD134001F22CDE7202C2A
:103F980000D187E722000134CCE7013EB5E7621E75
:103FA800012CC2D10F9A102A00D06AE79A063BD595
:103FB80058220C9C2270283A6270022468E79A06FC
:103FC8000ED4202CCBD078220C9D2A55013486E7BC
:103FD8001A0700D466E720220C9D2A55013461E7B0
:103FE800202CBCD058250C9A12191570013476E78C
:103FF8009A0608D558220C9C22703022627002243E
:1040080046E76032F7E77822F5E7002A83D1B3E77D
:10401800A21E013C9D0603D478250C9FBD5460E781
:1040280058250C9FBD545CE778220C9C2270483AB6
:10403800627002242CE7DA0600D433E75A058BD4E1
:10404800202F00D044E71F226FE73C001F226CE7B7
:1040580010B5002800D110BD01F064FBFBE7C04695
:10406800F0B557464E464546DE46E0B599B082461D
:10407800894690460893229A239B10001900FFF75F
:1040880090F9002800D0CDE0229823990122D94B3D
:104098005242FFF781F9002800D0C3E02298239903
:1040A8000122D54B5242FFF761F9002800D0B9E050
:1040B8002298239900220023FFF758F9002800D0FE
:1040C800F1E1229E239F8023269ADB001A400D925D
:1040D800269A1A4201D1062324938023269A1B018B
:1040E8001A403B0093460996334300D0B3E0002AB8
:1040F80000D0C2E1002300240A930B940023042576
:104108000993259B0024AB4200D95C1B0223269A05
:104118001A400C92269A134203D06B426B415B42C1
:104128001C40099B002B07D00A9A0B9B30003900D2
:10413800FFF7B3F806000F00229823990022002306
:10414800FFF714F9002803D0802109067B181F0007
:10415800269AAA4B009601971340089E0493249B25
:1041680003940293424633004946504600F0AAF9A8
:104178000400002D67D02020269A494602401300EB
:104188005A4253415B42621C18400A923300220093
:104198004530D047099A6F1ED317D4185C40D30F07
:1041A8009B46002501E0202D13D008AA94461F2322
:1041B800200063440A2101355E19FEF721FE3031E3
:1041C800317020000A21FEF71BFE26000400092E8C
:1041D800E9D805230693002304930A3303935B4627
:1041E800089E029310AB0A9A009349463300504642
:1041F80005970195FFF704FE0C9A0400002A22D0C7
:104208004246851A259AAA421DD9B0465746160035
:1042180022004346494620200135B8470134AE42C2
:10422800F6D810E0269B42460493259B4946039303
:10423800249B50460293229B239C00930194089B45
:1042480000F040F90400200019B0F0BCBB46B246AB
:10425800A946A046F0BD6A4B78009C46400D6044D4
:10426800FFF7B0F8674A684BFFF735F8674A684BBD
:10427800FFF70AF8674A3B031B0B1A4304000D00BB
:1042880009981100644B0022FEF7F5FF634A644B5E
:10429800FFF721F802000B0020002900FEF7F4FFC9
:1042A800FFF7A8F80990FFF78DF85E4A5E4B040007
:1042B8000D00FFF710F800225C4BFEF7E5FFFFF753
:1042C80099F85B4A5B4B29000C902000FFF703F834
:1042D80004000C980D00FFF775F8574A574BFEF786
:1042E800FAFF02000B0020002900FEF7C4FF0400BB
:1042F8000D0002000B000A940B95FEF7ECFF04007A
:104308000D000A980B9902000B00FEF7BDFF002272
:104318000E900F914A4B20002900FEF7BEFF0022A5
:10432800484BFEF7B1FF02000B0020002900FEF702
:10433800B4FF0022444BFEF7A7FF02000B00200049
:104348002900FEF7AAFF0A9A0B9B0D0080210400A2
:10435800C9050020FEF78FFF02000B00200029008E
:10436800FEF792FF02000B000E980F99FEF795FFDB
:104378000022284BFEF788FF344B0C9C9C46644473
:1043880023050022FEF7A7FF04000D0002000B0022
:10439800300039000A940B95FEF7E8FF00285DD13C
:1043A80023002A00C625099963318D42AD4159463B
:1043B8006D420435002900D1A3E6134363D03000D1
:1043C8003900234A234BFEF7DFFF002807D00022DD
:1043D80030003900204BFEF7C9FF002853D1249B39
:1043E800002B00D18DE60D9B5A1E9341249AD31AB7
:1043F800249386E6FFFFEF7FFFFFEFFFFFF7FFFF46
:1044080001FCFFFFFB799F501344D33FB3C8608B77
:10441800288AC63F0000F03F0000F83F61436F6301
:10442800A787D23F71A379094F930A400000E03F64
:104438001655B5BBB16B0240EF39FAFE422EE63F86
:1044480000002C400000244000001840FF0300003A
:104458002D431CEBE2361A3F80842E41099B002233
:10446800013B09932000164B2900FEF716FF0A00AE
:10447800010003000A910B9294E7002300240A9399
:104488000B9400230993249A099B9A4214DDD31AAA
:10449800013B24938023269ADB001A43002300253E
:1044A800269209932DE6802212069446229B1E002E
:1044B800239B63441F0006E600232493EAE7C046D3
:1044C80000002440F0B54546DE464E465746E0B566
:1044D80095B08B46904699461E9A1F9B0A901900E4
:1044E8001000209DFEF75DFF002800D0B0E11E9867
:1044F8001F990122C74B5242FEF738FF002800D00F
:1045080037E11E981F990122C34B5242FEF744FF20
:10451800002800D0A7E01E981F990022BF4BFEF785
:104528003BFF002800D088E01E981F990022BC4B52
:10453800FEF71CFF002800D07FE01E981F9900227C
:104548000023FEF713FF002800D0FAE000230B93A6
:104558008023229C229ADB001C401A4200D102E1EF
:10456800092D00D87CE106A98C462C0017220023CF
:104578003021093C62440133D154EF1A202B00D179
:1045880032E1A342F7D10022A44B069207931E986A
:104598001F99FEF72FFF0500FEF714FF02000B001E
:1045A8001E981F99FEF767FE069A079BFEF793FE73
:1045B80008900991FEF742FF0600FEF7FFFE020091
:1045C8000B0008980999FEF756FE0022954B0890B3
:1045D8000991FEF7E1FE002800D1D2E00136300053
:1045E800FEF7ECFE069A079BFEF7CEFE002801D0E8
:1045F80000260135AA46002F00D098E02800FEF7D3
:10460800E1FE02000B001E981F99FEF734FE854B51
:10461800002206000F00FEF7A9FE0CAB9A46002800
:1046280045D10022300039007E4BFEF7B5FE002848
:104638003DD1EB073BD5013539E0229B4246049337
:10464800219B594603930A981E9B1F9C0295009331
:1046580001944B46FFF704FD15B0F0BCBB46B246CB
:10466800A946A046F0BD229B5B0767D403226E4B88
:1046780022990192039121990291009342464B4657
:1046880059460A98FFF766FBE6E706AA94461723F9
:10469800280063440A2101341E19FEF789FB3031D2
:1046A800280031700A21FEF783FB051E76D0202CE6
:1046B800EBD10323229A1340012B1DD1219B002B00
:1046C8001AD00B9B002B00D0BBE0229A0C3313426C
:1046D80000D0B6E0219BA34200D887E006AB9C46F9
:1046E80017223023624404E02199013413558C4287
:1046F80059D0202CF8D12024229B01940393219B8C
:1047080002935346B9E706AA944617230A2163443D
:10471800300001341D19FEF773FB30312970300069
:104728000A21013FFEF76CFB092E46D90600202C12
:10473800E9D155460CAB20249A46B8E704223B4BF6
:1047480096E71E9A1F9B00200021FEF794FD012387
:104758000B938023229C229ADB001E901F911C4001
:104768001A4200D0FCE60022314B06270692079336
:104778000DE7229B0393219B0293042301932D4B66
:104788007BE7002208980999264BFEF7EFFD0028E1
:1047980000D02FE7002E4FD101362BE70323229AB2
:1047A8001340012B66D0202CA6D00B9B002B1FD0CA
:1047B8002D235246135501349EE75546202CB9D077
:1047C80030233A19002F08D0172006A901340918F8
:1047D8000B55202CAED09442F6D10CAB9A462E2322
:1047E80052461355013462E72024CCE6202C83D0AE
:1047F800229B5B0708D4229B1B0700D47CE720235D
:1048080052461355013477E72B235246135501348A
:1048180072E7C046FFFFEFFFFFFFEF7F65CDCD4199
:1048280065CDCDC10000E03F449800203C980020B1
:1048380080842E414C980020F30700D4DAE6013634
:10484800D8E6219B013B2193A34200D946E7AAE77A
:10485800229B0393219B029303230193074B0CE7AD
:10486800074BEA009B185C681B682F0006930794A7
:1048780000248CE6219B002B95D022E74898002045
:10488800A09D0020F0B55746DE464E464546E0B5A9
:10489800A5B01F002E9B91460D93CA4ACA4B82466B
:1048A8008B461A60002900D129E2002338789846FF
:1048B800002800D12BE2C54B44460C93C44B554607
:1048C8004E460E930AE0631C984622003300594670
:1048D800A84744463878002800D187E001372528C2
:1048E800F1D108239A46043B9946023B9846013B7E
:1048F80000229C460B943878791C0300203BDBB2DD
:10490800102B03D80C9C9B00E3589F460300303BB8
:104918000B9C0B92092B3AD9002398462A2800D1E0
:10492800DDE000239A462E284BD00300683BDBB21B
:10493800122B1ED80E9A9B00D3589F4663460F0031
:104948001A43D8E743460F001A43D4E74B460F00F3
:104958001A43D0E710230F001A43CCE753460F0041
:104968001A43C8E780235B000B9A78781A430B92A6
:1049780001310F0067284FD82428A4D90300253B0C
:10498800DBB2422B9FD893499B00CB589F4600230C
:1049980098460B9B47469C4600E00131BB00DB195B
:1049A8005B001F180878303F0300303B092BF4D90F
:1049B80063460B930023B8469A460F0001312E2810
:1049C800B3D180200B9AC00002430B92302252428E
:1049D800944678780B0084446246092A00D8AAE1F4
:1049E8002A2800D1B9E10F0001319EE7A046AA4666
:1049F800B146C84503D301235B424B4498464B4616
:104A0800424659460020D047200025B0F0BCBB469E
:104A1800B246A946A046F0BD01006939C9B20F29BE
:104A280000D950E701238B409C466B4B994663465F
:104A38004A4613400F9362464B461A4200D068E13B
:104A48000A2956D0072900D03DE70D9B02CB98468E
:104A5800002900D092E10B9B10211A008A43100014
:104A680011310843814680201A00C000024011001D
:104A780003421CD114AB9C461F220F2362440D95A0
:104A88009C4615000F9B0B9402E0202B0CD01100C4
:104A980064460C4020003730092C00D80738013311
:104AA800E8540A090F29F0D80B9C0D9D0F934B462B
:104AB8000822069353460592083203920022049373
:104AC8000F9B029201931CAB2200009359463300BE
:104AD8002800FFF795F9434604000D93FAE60D9B6D
:104AE80004CB9046002A79DB78780D930F000131CA
:104AF80017E70D9B02CB14930B789C46180053467E
:104B0800002B00D134E1002815D05346013B013376
:104B180099460D940B9C89444A460B00A14601E036
:104B2800934203D05C780133002CF9D14A465B1AD2
:104B38000D9C0B920F938023DB0099460B9A134030
:104B48000D934B461A4204D00F9B534501D9534647
:104B58000F93022399460B9A13400B934B4613422B
:104B680000D1F5E16346002B00D1D6E10D9B002B67
:104B780000D182E10B1BD14631009A463B00A1448B
:104B88002E005F464D4622009B46894609E04B466B
:104B98003900541CB0475346185D002800D192E1F3
:104BA80022009542F3D14B465A46A946BB463500EA
:104BB80017001E004C460B9B002B00D0ADE1149B48
:104BC8000D9387E6A5460020C8AE0020049C00206F
:104BD800489C0020949C0020419000000B9A2838A3
:104BE80002430B9242465242787890460F000D934A
:104BF800013196E678786C2800D15DE180230B9A24
:104C08005B001A430B920131B3E680239B00ABE6AD
:104C18007878682800D148E180230B9A01311A433B
:104C28000B92A6E6672800D1B2E0472800D11AE126
:104C3800452800D11CE10B9A0721049242460D9B9E
:104C48000392073352468B43190002920CC928007D
:104C5800009201930D91220033005946FFF700FAA4
:104C6800040037E6462800D18DE00B9A072104920C
:104C780042460D9B0392073352468B43190002921A
:104C88000CC92800009201930D9122003300594667
:104C9800FFF718FC04001DE6631C98462200330049
:104CA80059462520A847444614E60D9B04330F9324
:104CB800631C99460B9B9A0700D40AE10D9B2200BE
:104CC800187859463300A84743464444012B00D876
:104CD8006FE1B0462E0025004C46B9465F462200DB
:104CE8004346013439002020B047AC42F7D12C00AC
:104CF800BB4635004F4646460F9B0D93EAE5D64B1B
:104D080038789A4600239846002800D0D3E5002436
:104D18006FE66F2842D000D8FDE11023782800D133
:104D28009BE00B9A9A430B920A239C460023149308
:104D38000A330F9338E057460B9AB900C91949004E
:104D480001330F181878303F010030390929F4D998
:104D5800BA460B921F00591CE7E50D9BB87804CBA7
:104D68000237D143C9170A4092460D93791CDCE5F6
:104D7800002800D1DFE602235B42C8E621200B9A17
:104D88000243914676E620230B9A1A430B926CE76E
:104D980080230B9A1B011A430B924CE708239C466D
:104DA8000023149308330F930B9880230200DB0031
:104DB8001A4011000200184200D080E00C239A43E8
:104DC8001000802302009B001A400B92184200D06A
:104DD800F1E0802302005B001A4091460D9A0432EC
:104DE8001492184200D0C3E2430600D5D7E0030668
:104DF80000D421E30D9B1B880993002B00D02DE1E3
:104E080010339843002900D128E1002399464346EE
:104E18000593534604930F9B069003930023029334
:104E28004B4601931CAB22000093594633002800DF
:104E3800FEF7E6FF0400C2E6582809D0622800D031
:104E4800E3E202239C460023149302330F93ABE75B
:104E580020230B9A1A430B92103B9C460023149371
:104E680010330F93A0E780230B9A1B011A430B9270
:104E780020230B9A1A430B92DDE60B1B9A460F9BD5
:104E880099463B0037005E469B4622003B003100B6
:104E9800A84753460134185D0028F6D14B460F93B6
:104EA8005B46B3463E001F0085E6C0230B9AB878E0
:104EB8001A430B92F91C5CE5C0239B00F6E70D230F
:104EC8009A4310007DE75B463500BB464E461F00FF
:104ED80071E64346012B66D9631E434432002E0017
:104EE8001D003B00A2465F4691469B4622004B466A
:104EF800013439002020B047AC42F7D15B46350079
:104F0800BB464E46A14654461F000D9B4A4618789C
:104F1800594633004444A847EEE60F9BA1469845FE
:104F280000D84CE64444E41AB0462E0025004C460E
:104F3800B9465F4622004346013439002020B04775
:104F4800AC42F7D12C00BB4635004F46464636E604
:104F58000F98804500D873E24346E218131A3200CE
:104F68002E001D003B0091465F469B460F91220094
:104F78004B46013439002020B047AC42F7D15B469C
:104F8800BB461F0043460F9901330F930B7835003A
:104F98009C464E466046002800D0E7E50FE60D9B8C
:104FA8001B78099329E70D9B22001878594633008E
:104FB800A8474C46A0E60D9AFA3BFF3B07329A43B6
:104FC8000133994691444B460D93136852681592E4
:104FD8001A4306D11032904300220992002900D0CA
:104FE80083E06122810600D54122D2B20A9214AA36
:104FF80091460A9A00210A3A0B9242461792524663
:1050080018925A46B24609911E001F31149B494412
:10501800BB4616941A950024674698468946159DFE
:1050280019901B920AE03032D2B24B4601341A551D
:10503800A8454CD0202C4CD006000D003A00002387
:1050480030002900FDF71AFFD2B2092AEBD90B9BD1
:105058009C466244D2B2E8E7713B00206123820695
:1050680000D54123DBB20A3B0B93434614A91F2208
:105078008C46159353466244B2460D9417974C4696
:105088008046A9461700099D0F9E169308E0303305
:10509800DBB201343B55B5420ED3202C0CD00500B1
:1050A80031002800FDF7ACFECBB20929EFD90B9AE5
:1050B80094466344DBB2ECE7159B40469846169B42
:1050C8004D465646A1469A460D9C179F9FE6B74205
:1050D800B0D9179B56469846189B5F469A461B9B25
:1050E80009949B46169C19981A9D43460593534666
:1050F80004930F9B0690039300230293099B01934B
:105108001CAB22000093594633002800FEF778FEB6
:105118000400FFF7DFFB10230B9A9A430F926928CC
:1051280000D091E10B9980230A00DB001A4010009F
:105138000A00194203D0112118008A430F920F9ACE
:10514800802311009B0019408C461A425BD18023B2
:1051580011005B00194089460D9904310B911A42E0
:1051680000D0B2E013005B0600D4EDE00D9B1B7885
:105178001A00D90F0D91002B00D1A3E0100014AA3A
:10518800944642461F23159252466344A846BA469F
:105198004D461494B14604001F00169201E0202DDC
:1051A8000FD020000A21FDF72BFE01357E19303182
:1051B800317020000A21FDF723FE26000400092E85
:1051C800EDD8159B4E46A94645469846169B574628
:1051D8009A46149C0F9B06934346059353460493A3
:1051E8000A2303930D9B02934B4601931CAB2200A9
:1051F8000093594633002800FEF702FE0B9B04007B
:105208000D93FFF767FB07220D9B0733934301328A
:1052180094469C4462460D920CCBD90F0B91110019
:10522800194300D19BE0D917139112915140109165
:1052380013995940119110981199129A139B801A39
:1052480099411090119114AA944642460023159250
:1052580052469946169232001F336344A8464E467A
:10526800BA4614941F00109C119D914601E0202E0F
:1052780010D0200029000A220023FDF7FFFD013687
:1052880030322B00BA550D0022000400002BEED15D
:10529800092AECD8159B10941195454698464B461B
:1052A800169AB14657461E009246149C0F9B0693C9
:1052B80043460593534604930A2303930B9B029397
:1052C8004B461CE7002885D159E70D9B1B68DA0F70
:1052D8001100002B00D1A6E0DA179818504014AA44
:1052E80091461F2342464B44A8460D941697040046
:1052F8006546B1461F001491159201E0202D0FD08C
:1053080020000A21FDF77CFD01357E19303131700E
:1053180020000A21FDF774FD26000400092EEDD8AF
:10532800159BAC4645469846149B4E4619000D9C65
:10533800169F0F9B02910693434605935346049389
:105348000A230393634650E713001B066ED50D9B93
:1053580000229B5ED9175A184A4092B209E70023E7
:1053680099460028A2D100220023109211936AE7DF
:105378000D9B1B689946002B03D1103398430029D5
:1053880038D16123820600D54123DBB20A3B0D9355
:1053980043461693534614A91F228C4617932B0095
:1053A80062444D46B24615941897804617009946B0
:1053B8000B9C0F9E08E03033DBB201343B55B542FD
:1053C8000ED3202C0CD0050031002800FDF718FD65
:1053D800CBB20929EFD90D9A94466344DBB2ECE7C6
:1053E800169B40469846179B56464D469A460B9440
:1053F800189F159C43460593534604930F9B0690AC
:105408000393002302930B9B0BE50B9980230A005F
:10541800DB001A4010000A00194200D08BE6102366
:105428009A430F928BE6002883D158E70D9B1B689F
:10543800D9175A184A409CE60D9B1B680993DCE46F
:10544800030001330F93A5E50B926DE410B5054CED
:1054580082B0009313000A0001002000FFF712FA3F
:1054680002B010BD693B00200FB430B50C4985B0BF
:1054780008AA08CA0D680392002D0CD000920122D8
:10548800084C5242200002A9A847012005B030BCB0
:1054980008BC04B01847180000F090F90020F5E7A0
:1054A800C8AE0020713E002010B5094A03001468F8
:1054B80084B0002C08D0012200910648524203A96A
:1054C800A047012004B010BD00F078F90020F9E7EA
:1054D800C8AE0020713E002000BEFDE77047C04600
:1054E800094A03001068002805D00849C3188B42F0
:1054F80007D81360704706480449C31810608B42E8
:10550800F7D901204042F5E7B8AE0020000004209A
:10551800ECAE002010B5FFF7DFFFC04630B50D0038
:1055280083B01900002A0BD0074B084C0192009356
:1055380002002B002000FFF797FF0120FFF7CCFFA8
:10554800034B1A00F1E7C0465498002064980020E5
:105558003093002070B5FDF707FB074D074EB542A5
:1055680009D20024013E761BB60808CD98472300CF
:105578000134B342F9D170BD8CA900208CA9002058
:10558800030010B5080011001B68984710BDC046FD
:10559800F0B5C64600B5437D07000D001600002B88
:1055A80038D0002A2EDD00216A1E90466A5C037DF1
:1055B8004C1C00200A2A0CD0A64216D043461B5D7C
:1055C80021000D3B5A4253416A5CDBB24C1C0A2A4B
:1055D800F2D1002BF0D1884217DB022110483B683A
:1055E8009847A64207D02000E8E7864203DD311A33
:1055F8003B6828189847AD19013D2B780D3B5A4256
:1056080053413B7580BCB846F0BD091A3B68281861
:105618009847E2E70368110028009847F2E7C04678
:10562800F09D0020F0B5DE4657464E464546E0B5AB
:1056380085B017001C0006000D00FCF7B1FF002321
:10564800314A12184B41802109068B4202D30122AC
:105658002E4B52422E4908008A4603F0FBFA01906D
:105668006B1C03D1300002F0ABFB0500002C26D0E8
:10567800284B9846284B1C68002C15D0002F21D1A8
:10568800264F02E02469002C0ED02368002BF9D0A5
:105698003B68002B01D09C42F4D120002A00310045
:1056A800C0472469002CF0D1019B002B28D1280089
:1056B80005B0F0BCBB46B246A946A046F0BD184BA3
:1056C8009846D7E7154B994602ABDF1D0A239B4640
:1056D80002E02469002CE7D02368002BF9D04B4660
:1056E8001B68002B01D0A342F3D12A00310020000F
:1056F800C0475B460122390020003B70C047E8E7FD
:10570800504603F0C1FAD2E740420F00FFFFFF7F87
:1057180048A90020B1530020B0AE0020B4AE00204C
:10572800A1530020F0B5CE46474680B583B06B46FE
:105738000600DD1D2870FCF733FF00231A4A1218F3
:105748004B41802109068B4202D30122174B52425A
:1057580017490800884603F07DFA164B81461C68F5
:10576800002C14D0144F02E02469002C0FD02368B9
:10577800002BF9D03B68002B01D09C42F4D12000CB
:1057880001222900FFF704FF2469002CEFD14B46C2
:10579800002B05D1300003B0C0BCB946B046F0BDFF
:1057A800404603F071FAF5E740420F00FFFFFF7F24
:1057B80048A90020B0AE0020B4AE002070B50400A7
:1057C80002F0FEFA01230100050001222000FFF784
:1057D80029FF084B1C68002C06D06368002B05D0F5
:1057E80098472469002CF8D1280070BD2469002C42
:1057F800F3D1F9E7B0AE0020F0B5DE4657464E4685
:105808004546E0B5070083B00CA801920278002055
:105818003C689B46E066616001219146E166002B89
:1058280034DD5A1E90468022520094468026402538
:10583800616F1029FCD00021002801D13979890233
:1058480040451DD0624611432161A159616B0D424B
:105858000BD00120636D40424B463B7103B0F0BC56
:10586800BB46B246A946A046F0BDA16F0029ECD0C0
:105878002169019B195401308345EDD03C68D7E775
:105888004B4601225A4053021943DBE70020E3E765
:10589800F0B557464E46DE4645468446E0B583B0E9
:1058A8001F000CAB18786346914600221B680190D4
:1058B800DA6601325960DA66002F4FDD7A1E9046AB
:1058C8006246127901269202802493463A004640A5
:1058D800760280253700002046461021A2469046D1
:1058E800AD00841B624254414A4664423C400094E5
:1058F8005C46125C2243009C22431A615A6B114297
:10590800FCD052469C58002C10D1B04221D0002225
:10591800013093468045E4D16346019A1A7103B079
:10592800F0BCBB46B246A946A046F0BD5A6D01225E
:1059380093465A6B2A42FCD01A6E5A46002AE6D081
:10594800002C03D0E30701D42407E5D4012040420A
:10595800E2E7019A002ADAD19346EAE70020DBE77A
:10596800F8B5DE4657464E4645468346E0B505201F
:105978000C00FDF74BF80600600821008019FDF7C0
:105988003FFA430098468044070005214046FDF74A
:1059980037FA3B1A9A461E4B8146700080199C4282
:1059A80031D81C49FDF72CFA451C5B461C680023BE
:1059B800E366226804335A400233134080225201BE
:1059C800A21813605346E3614B4623624346012005
:1059D8004F2B03D950214046FDF712FAA023E0507F
:1059E800E36F39005D400C4B2D042D0CE3181D604E
:1059F80001233000E366FDF703FAF0BCBB46B2466C
:105A0800A946A046F8BD0549FDF7FAF9451CCCE7BB
:105A18003F420F00809698007C10000040787D017E
:105A2800104A70B5821A531E9A41072352429A436C
:105A38000D4B10321A600D4B0D4C1A60150023687F
:105A48009D432B1EFAD166240268FF340571D56682
:105A58001460633C8833FF3CD5639563D450FFF7EB
:105A68007FFF70BD90A2002000E0004000F00040E1
:105A780008C0004010B582B004AC24780094FFF749
:105A880007FF02B010BDC04610B582B004AC247840
:105A98000094FFF7B1FE02B010BDC0467047C04683
:105AA80070B516000D0002F003FF002E0DD06B2319
:105AB8006A00520D9B1A002B07DD0024034A1B05C0
:105AC8009D182B002200FDF706FC70BD0000F03F7A
:105AD800F0B54546DE4657464E46E0B59FB00792BC
:105AE80000220C001A92002100228046049105929F
:105AF800210019910A780F002D2A03D8B44D90007F
:105B0800285887460021089100210991302A00D1A0
:105B1800B2E015002F2A01D800F044FD0023A44666
:105B28003800002619001C000BE08B0001305B18C0
:105B3800199005785B00991830392A0001362F2D05
:105B48000FDD392D37DC082EEFDDA30001301B19DE
:105B5800199005785B009C18303C2A0001362F2DDF
:105B6800EFDC894601229B49A246644601F086FB88
:105B7800002800D094E0199B0D965A1C19925D7864
:105B88000023129350E00131B3E7002208924F1C22
:105B980019974A78002AB7D1079B00260027002BBF
:105BA80000D01C60300039001FB0F0BCBB46B246C4
:105BB800A946A046F0BD894601228649A246644608
:105BC80001F05CFB00286BD1199A1300013219927D
:105BD8005D78002E01D000F075FD302D01D000F069
:105BE8001DFD13001800013319931D78302DF9D0CD
:105BF800801A01302B00313B082B00D9FCE23022FF
:105C080052429446199B421C129200221F00012600
:105C1800AC440D924A4692004A445200624491466E
:105C280000205A1C19925D782A00303A092A00D9B6
:105C3800E6E29446199B0130002AF2D031188B46CF
:105C48000139012801DC00F089FE55464A469A468A
:105C5800E1462B0006E09500AA185200B14201D196
:105C680000F08FFC35000136082DF4DD102EF5DC30
:105C78009D00EB185B00F1E77A7820318A437D1CA0
:105C8800582A01D100F023FC2F0019953A780135E4
:105C9800302AF9D0002A00D1B4E20123099338E769
:105CA8000023002000220D961293202329009943F7
:105CB8000B0000210C91452B28D0002E00D091E03C
:105CC800099B034300D09DE2002A00D064E7692DB8
:105CD80000D11FE301DD00F075FC492D00D119E367
:105CE8004E2D00D058E73C4919A802F0A9F8002821
:105CF80000D151E7199B1B78282B01D100F02BFD0F
:105D0800364802F0B5F906000F007DE23300099924
:105D180003430B4300D13FE7199C631C1993657833
:105D28002B2D00D1C4E32D2D00D07BE201230A9353
:105D3800A31C1993A5782B00303B092B00D979E3D4
:105D48001999302D0DD14B1C19931D781900013369
:105D5800302DF9D000230C932B00313B082BACD805
:105D680001334D1C1995AC464D780B932F2D01DC52
:105D780000F02EFC0C92624610910C9983468C46DA
:105D880010000B9B0AE09900C918013249001992CA
:105D98004B194578303B2F2D02DD1000392DF2DDEF
:105DA800604694460B93634610990C900C9A58469B
:105DB800591A082901DC00F00BFC094B0C930A9BCB
:105DC800002B00D179E70C9B5B420C9375E7C0462A
:105DD800F89D002094980020A4980020309300207B
:105DE8001F4E00000C9B129A9B1A0B930D9B002BC5
:105DF80000D10D963400102E00DD10244846FDF722
:105E0800DDFA04900591092E17DD2200624B093A4C
:105E1800D2009B181A685B68FDF75DFA049005913B
:105E28005046FDF7CBFA02000B0004980599FDF7E0
:105E38002BFA049005910F2E25DC0B9B002B00D12B
:105E480039E30B9B002B00DC4EE2162B00DCC8E389
:105E580025230B9A9B1B934215DB049A059B0F2461
:105E68004D4DA41BE100691808684968FDF733FA2D
:105E78000B9B1C1BE4002D192A686B68FDF72BFA95
:105E880006000F00C0E10B9B341B9C466444002CA9
:105E980000DCCAE10F231A00224023420AD03E4BFD
:105EA800D200991808684968049A059BFDF713FA07
:105EB800049005910F239C43231E4FD09A22520031
:105EC800944200DDA6E324111F2B01DC00F0CBFC7B
:105ED80004980599002292460132934652462F4B68
:105EE800B2461D000993160000235A46224204D0E8
:105EF8002A686B68FDF7EFF901230136641008354D
:105F0800012CF2D1320056469246002B01D0049063
:105F18000591234A059B9446634405935346D9004B
:105F2800099B9C46049A059B614408684968FDF7EB
:105F3800D2F91C4B1C4A049005910B40934200D99E
:105F480068E3D42080048446184A6144059193424A
:105F580004D90123164C5B420493059400230A9349
:105F68004B4639000093404633000D9A02F010F971
:105F78001390002800D14DE30B99129ACB430C984B
:105F8800DB17101ACA1719400023104099469B4680
:105F98000C901491F0E0C04680A1002058A1002088
:105FA8000000B0FC0000F07F0000A07C0000907CA6
:105FB800FFFFEF7FC91A521A1F2900DD3EE20123B5
:105FC8008B40109300231593AB189A460A9BA4188C
:105FD8009C462B006444554500DD5346A34200DD32
:105FE8002300002B04DD5246D21A9246E41AED1A19
:105FF8000C9B002B00DDB1E15346002B00DDC8E10E
:106008000B9B002B00DD0BE2002C00DDFCE1002DDA
:1060180008DD49462A00404602F0D4FA81460028A5
:1060280000D1FAE140461A99099A02F067FB8346C3
:10603800002800D1F1E1C368494612930023C360E8
:1060480002F03EFB002800DAC8E3059B0D9300D15F
:106058004AE34946584602F00DFD80230022DB053D
:1060680004000D00FDF788F9002800D168E1129BB3
:10607800002B00D0EFE1049B002B00D074E20D9BB5
:106088001B0300D01AE2002220002900D34BFDF7A1
:106098006DF9002800D01EE30022D14B2000290012
:1060A800FDF719F90A0001001300109111920E90E2
:1060B80080221206944663440F930D9BC94A0E9C96
:1060C8000F9D13409A46C84B9A4500D1CAE10A9BD6
:1060D800002B28D0D423DB049A4524D81098119992
:1060E800C24AC34BFDF748F9002817D010981199F8
:1060F800FDF7A4F9002800D10130FDF75FF9129BE4
:1061080010901191002B00D0D7E2802212060B00CC
:106118009446634416901793169C179DD6235246AF
:10612800DB04EB189D1A3000390002F0C1FB0200B5
:106138000B0020002900FDF7CEF832003B00FDF7E8
:10614800A3F80E00049005910A9B002B04D1A54BDF
:1061580033409A4500D1D5E140461A9901F0BAFF7B
:106168004046099901F0B6FF4946404601F0B2FFA2
:106178005946404601F0AEFF139C4046616801F065
:1061880081FF031E099000D147E122690C330232D6
:106198000C34210018009200FDF7D0FD049E059FE5
:1061A8001CAB01931BAB009332003B00404602F04E
:1061B800FBFB1A90002800D1F4E00121404602F0D0
:1061C80093F88146002800D127E11B9B002B00DAB9
:1061D800DBE00C9A149C9D180A991C9A5B1A3621CC
:1061E8009B188A1A8349013B8B4200DAE2E60023B6
:1061F800159301331093E7E6002300260D931293BD
:10620800012252E500260027079A002A01D0199B8F
:106218001360089B002B00D1C4E4802109067B1879
:106228001F00BFE400230A9385E5002C00D195E602
:106238000F231A006442224023420AD00498059989
:106248006D4BD2009B181A685B68FDF726F804901E
:106258000591241100D181E61F2C3FDC10231A0080
:1062680022400A92234201D05A330A930122049809
:10627800059900239246614D5246224204D02A686D
:106288006B68FDF728F8012364100835002CF3D15A
:10629800002B01D0049005910A9B002B15D0049B7C
:1062A800059C6B236200520D21009B1A002B0ADD0E
:1062B8001F2B00DC14E300200490342B00DC16E3D1
:1062C800DC239B0405936A230A930022049805990A
:1062D8000023FDF743F8002800D141E62223424677
:1062E8000026002713608FE70B9B163300DACAE5F8
:1062F8000C99129A404B521AD2009B181A685B6884
:1063080004980599FCF7C9FF06000F007CE70122F5
:1063180008923CE43A4919A801F092FD002800D1FE
:106328003AE4199B3749013B19A8199301F088FDF4
:10633800002802D1199B013319930026294F63E7DE
:10634800274B002220002900FCF7C5FF129B109064
:106358001191002B7AD10B000E90A9E649461A003C
:10636800404602F0C7F88146002856D001001A9A24
:10637800404601F0E9FF0D9000284ED040461A999A
:1063880001F0A8FE0D9B1A9336E6149A0C9DD41AB8
:1063980022E7524640461A9902F014F91A9000284A
:1063A80000D02DE6DA462223424600260D4F136020
:1063B8000100404601F08EFE4046099901F08AFE30
:1063C8004946404601F086FE4046139901F082FE98
:1063D8005146404601F07EFE16E7C0460000F03FF9
:1063E8000000E03F0000F07F0000E07F0000C0FFF9
:1063F800FFFFDF4102FCFFFF80A10020F09E00208C
:10640800989800209C98002022004046099902F0A4
:10641800D9F80990002800D0F9E5DA461A98C2E7B9
:106428004046149A099902F065F80990002800D0AE
:10643800EAE5F2E7002319940C933EE4CF49CB1A1E
:1064480001219940012315911093BDE5109B119CE2
:106458000E930F9431E60023C94C0E930F941093BA
:1064680011942AE6C74A0D9B944663440593049CFD
:10647800059D2000290002F01BFA0E9A0F9BFCF7DD
:106488002AFF22002B00FCF7FFFEBF4BBF4A0490F7
:1064980005910B40934200D88FE0BD4A974201D145
:1064A8000136BAD00123BA4C5B420493059453E6F3
:1064B80000230A933CE4049E059FA5E60023B54CFF
:1064C8000E930F940023AE4C10931194F5E50293AC
:1064D800089B404601931AAB0093AF4A1BAB19A91E
:1064E80000F0D6FB0F231E0004000640034200D133
:1064F80088E6062E00D09EE0002300260027199586
:10650800089381E6109C119D20002900FCF7AEFF3E
:10651800FCF7A0FF02000B0020002900FCF7ABFEEF
:10652800049A129B36031343360B04000D009B4A52
:1065380033430AD19A4BFCF719FF002800D10BE628
:10654800DA46049E059F1A9832E7964BFCF70EFF31
:106558000028F5D120002900934A944BFCF71CFF32
:10656800002800D1F8E5EBE7012BA7D10D9B002B04
:10657800A4D1DA4622234246002600271A9813603F
:1065880016E749461D00914653460A00AA46594651
:10659800129DAB46834458461290082E2EDC0E00FE
:1065A800FFF738FB01223800814900F067FE002818
:1065B80037D000200022FFF783FBD4239B04CE189A
:1065C8000596C1E56E2D01D1FFF78DFBFFF7E4FAC3
:1065D8000B99784B0C91994201DCFFF7F0FBFFF720
:1065E800EDFB0B9A744BD100591808684968049A56
:1065F800059BFCF770FE06000F0005E6102966DC17
:106608005046800050449246400082440E000020CC
:10661800FFF707FB2223424613608EE60020FFF7B0
:10662800E9FA199A1300013219925D780023994604
:106638009A46FFF7D2FA1A9A002A07D035211CA8E1
:1066480002F066FA40461A9901F044FD1B9A052E9D
:1066580000D981E1594BB6009B599F461C9B58496C
:1066680004931D9B0B4057498C4662441205134303
:106678000593E40503D58022120613430593424A85
:10668800049E059F134200D0BEE500F031FE222390
:106698000360B9E501224C4B524204920593E4058C
:1066A80000D408E7059BE6E7374B0593F7E71C9905
:1066B8001D9A1D9B04910592DBE7109B119C169374
:1066C800179429E500230D961293FFF7ADFA0E00F3
:1066D8000020FFF7A6FA00233C4C0E930F940023EA
:1066E800324C10931194E8E4159B12999C460D9B2B
:1066F800DA461A03120B002900D1A0E034498A4275
:1067080000D1D3E06246002A01D1109B049A1342BB
:106718000CD0049805990A9AFFF7C2F902000B00F9
:1067280030003900FCF7B0FD06000F000A9B002B73
:1067380000D108E730003900264B0022FCF7CBFDDA
:10674800114B06000F000B4200D0FCE62223424604
:106758001A9813602CE620491CAA19A801F086FB98
:10676800052801D0FFF7CCFA1D9B074A1A431C9B4A
:1067780005920493049E059F46E5C046E2FBFFFF91
:106788000000F03F0000B0FC0000F07FFFFF9F7C9E
:10679800FFFFEF7F0000F0BFC89E00209535A09452
:1067A800FFFFCF3FFFFFDF3F35E5AF350000E03F9C
:1067B800949800201F4E000080A10020B09E002069
:1067C800FFFFEFFF33040000FFFFFF7F0000E0BF83
:1067D800FFFF0F0000005039DC9E0020129B049937
:1067E800059ADA460B43A1D113039FD1D623614CF6
:1067F800DB0414409C4299D95B465B69002B03D1AA
:106808005B461B69012B91DD51460122404601F090
:10681800D9FE4946824601F053FF002800DC85E78F
:106828000A9B002B71D0544B544A9C460123644464
:1068380022435B4205920493049E059F7AE7002A4F
:1068480017D1049A002A59D10A9A002A5DD0494CD6
:106858001C40D623DB049C42E5D8DC239B049C42E5
:1068680000D967E786E600239A46454B0993FFF768
:1068780050FB6246002A01D1109B049A134200D1B2
:1068880054E7049805990A9AFFF70AF902000B00E1
:1068980030003900FCF7EFFC0022002306000F004F
:1068A800FCF75CFD002800D140E763E60A9A0498EB
:1068B800002A49D0D4212F4AC9041A408A4243D811
:1068C8006B21120D8A1A6C39914088422DD062468C
:1068D800002A00D01BE7109B034200D126E718E7E7
:1068E800012252429A40049B13400493EBE44B2349
:1068F8009A1A4C3B934019400591E4E461460029FB
:1069080025D00B4200D111E7BBE7059A194B1A981D
:106918001340194A9446194A63441A4301235B42B7
:1069280005920493049E059F42E5164A934217D0A8
:10693800104A13408022520394466344059300236F
:106948000493049E059FF1E601214942BDE7109B8F
:10695800134200D1EAE694E700238AE6711C17E6A1
:106968000130E5D12223424600261A98014F1360D0
:106978001EE5C0460000F07F0000F0FFFFFF0F009B
:1069880058A10020FFFFEF7F10B5024BFFF7A0F8DA
:1069980010BDC046A0A2002010B504001300034A91
:1069A80010680A002100FFF793F810BD10A400201A
:1069B80010B504000A000349034B08682100FFF7DB
:1069C80087F810BD10A40020A0A20020F8B5CE467C
:1069D800040047461300274A80B5106891460A000C
:1069E8002100FFF775F802000B0004000D00FCF70A
:1069F800D8FC00282FD129002000FCF763FD4600B1
:106A0800760880461C49301CFDF736F900281DD150
:106A18001949301CFDF728F9002817D101226B000D
:106A28005F0820003900154B5242FCF7BAFC0028D9
:106A380008D1012220003900104B5242FCF79CFC7F
:106A4800002803D04B4622221B681A604046C0BC6F
:106A5800B946B046F8BD0A48002D07DA01F00EFB2A
:106A680080231B069C468444E046EFE701F006FBC2
:106A78008046EBE710A40020FFFF7F7FFFFFEF7F3A
:106A880030930020F8B5CE46474604000A002C494A
:106A980080B52C4B086889462100FFF719F80200D9
:106AA8000B0006000F00FCF77CFC002838D13900E9
:106AB8003000FCF707FD4400640880462249201C8A
:106AC800FDF7DAF8002822D11F49201CFDF7CCF881
:106AD80000281CD101227B005D08300029001B4BD7
:106AE8005242FCF75EFC002808D101223000290040
:106AF800164B5242FCF740FC002808D04B46222295
:106B08001B681A604046C0BCB946B046F8BDFF23B2
:106B18004246DB051342F5D10D4B3B42F2D0EDE77F
:106B28000C48002F07DA01F0A9FA80231B069C46BF
:106B38008444E046E6E701F0A1FA8046E2E7C04671
:106B480010A40020A0A20020FFFF7F7FFFFFEF7F9F
:106B58000000F07F30930020024670B50A43920788
:106B68002AD11E4DEE0104C808C9541B9443344071
:106B780017D0D0B2D9B2401A2106014310D190B231
:106B880099B2401A210401430AD110021902000ADD
:106B9800090A401A2102014302D1100E190E401AA7
:106BA80070BD9A42DFD010BA19BA884201D90120C3
:106BB80070BD0020C04370BD02780B7801300131F0
:106BC800002A09D09A4207D102780B7801300131A6
:106BD800002A01D09A42EFD0D01A70BD01010101FC
:106BE800F0B5D6464F4646460369C0B50A009A46F0
:106BF8004F11BB4208DC0023036100234361E0BC62
:106C0800BA46B146A846F0BD1F218C460600644628
:106C180014369D00BB007519F318114014421FD09B
:106C28002022521A944604CBCA4090469D4228D945
:106C3800B14664461A68A240444622434C4604C4FE
:106C480004CBA146CA4090469D42F2D85346DC1B6D
:106C5800A400043C34192260002A0CD004340AE051
:106C680032009D42C7D902CB02C29D42FBD853468F
:106C7800DC1BA4003419A31B9B100361B442BED1D2
:106C8800BBE74261002AB6D034000434F3E7C046BB
:106C9800F0B5DE46454657464E46E0B58846096893
:106CA80093468A7887B003900593302A00D006E28D
:106CB800CB1C1D0001335A1E1278302AF9D0691AEC
:106CC8008B1E9A46C04FBB5C002B00D100E100220E
:106CD80000242B789146BD4AFB5C0292002B00D120
:106CE80070E12E0073780136FB5C002BFAD101228B
:106CF8003000029900F0C2FA0190002852D0002218
:106D080033780192002C02D0A41BA2000192202209
:106D180034009343502B51D043461E604B46002B02
:106D28007DD1631B013B0021072B03DD01315B1083
:106D3800072BFBDC039801F0A5F98246002800D157
:106D480069E2142353440493AC4200D8C6E1984640
:106D5800002399463B0000264746A8464D469946DB
:106D68000CE0202E19D03200043649462378CB5C3B
:106D78000F210B4093401D4344455ED0013C2378CE
:106D88002E2BEED14445ECD301222000029900F0CD
:106D980075FA0028F0D0202EE5D120C7002204265D
:106DA8000025E2E7002C00D17CE12022A41BA300EF
:106DB8000193337834009343502BADD163782B2B58
:106DC80000D15FE12D2B00D0DCE00122A378A11CCB
:106DD800FB5C2600581E18289ED84E1C4978103B8C
:106DE800795C180000290AD10CE083001B185B00AD
:106DF8000136581833781038F95C002901D0192960
:106E0800F3DD0300002A00D05B42019A94469C44BB
:106E18006346019343461E604B46002B81D0534680
:106E28005A42534106245B421C40200007B0F0BC84
:106E3800BB46B246A946A046F0BDB846A946464656
:106E48004B4608C6049B4846F61A5346B6101E61C0
:106E580001F0F6F95B461D687601301AA84270DC2D
:106E68000026A84200DA0FE15B46019A9B6893422C
:106E780000DA28E15B46019A5B68934246DD9C1A7A
:106E8800A54200DD81E05A46D268022A00D1ECE032
:106E9800032A00D13BE1012A00D0EAE0A54200D054
:106EA800E7E0012D08D05046691E01F051FE002888
:106EB80000D1DEE05B465B68059A6224136001231B
:106EC80052461361049A13605246109B1A60ACE74D
:106ED8003E4B012219002800029300F0CFF98146A9
:106EE800002875D16B786C1CFA5C002A72D02500DA
:106EF800302B00D033E16B780135302BFBD0FB5CB5
:106F080059425941012289469246E7E60124002E5A
:106F180010D05B46DB68022B64D0032B66D0012BB4
:106F280006D1B20704D5049A12681643334260D1D9
:106F380010231C435246109B1A60059B019A1A6045
:106F480073E7441B2100504601F002FE061E0FD0D5
:106F58001F210123601E01408B40421104999200B9
:106F68008A5801261A4203D0012800DDC1E0022612
:106F780021005046FFF734FE019B9C46A44463461B
:106F8800019371E70022611C22E7671E002E00D0E2
:106F9800A2E0002F00D0A6E01F21012339408B403A
:106FA8007A11049992008A581A4201D002231E438A
:106FB80021005046FFF714FE5B465B682D1B0193CA
:106FC8000224A4E72E0092E6189F0020949800203F
:106FD8002C002B7820229343502B00D192E043467B
:106FE8001C601CE70123119A9B1A1193119B002B1B
:106FF8009ED053461F69049BBA00914618009846D4
:107008000021484403E002C3984200D883E01A688C
:10701800561CF8D001321A60022C00D18BE01F23D5
:107028001E0021242E402B4200D183E74B464344C7
:10703800043B186801F004F920239B1B984200DBED
:1070480078E753461B69002B00DDB2E00023524667
:1070580013610023524653615B46019A9B680132D3
:10706800019293422FDB212464E7119A002A00D170
:1070780022E75146039801F02DF80023109A502476
:107088001360D2E60022A1E62C1A5146220003988A
:1070980001F098FA019B82461B1B01931423534469
:1070A8000493E1E67378741CFA5C2600002A00D188
:1070B8002DE673780136FA5C002AFAD124E600231B
:1070C8008D1C9A46FEE55146039801F003F800230B
:1070D800109AA3241360A8E601265DE7049B98464E
:1070E80000239946ABE63900504601F031FD060011
:1070F80052E75046A11E01F02BFD002800D136E7CB
:10710800032635E7002301930133994656E6119A81
:10711800002AAED0D0E653469B689F4222DA5246F8
:1071280001217B1C04371361BA0052445160049A50
:107138009046022C87D15B461B682224013BAB4258
:1071480000D0F7E61F21012329408B4041466A11F0
:10715800920054581C4063425C412134EAE6012302
:107168009A46BEE5534659680398013100F08AFFF4
:10717800061E56D0534651461A690C310232920007
:107188000C30FCF7DBFD5146039800F0A3FF01210A
:107198003269B246531C04329200B218336151600E
:1071A80014229046B044022CC5D09F4200DB36E73B
:1071B80049E79B0043441A00534650465B69183020
:1071C8005B0882421DD9444619000368DB070B435C
:1071D80008C402C849088242F7D80B005146521A1F
:1071E800193A92080132920042441360002B0DD1E3
:1071F80043465146D31A9B100B61424500D02BE7FA
:1072080027E742461360002B02D042460432EFE7DC
:10721800524613611DE70022E421054B0548FEF79D
:107228007DF900228421024B0248FEF777F9C04617
:10723800B0980020C498002030B583B0069D034C58
:107248000095E4256459A04703B030BDA0A20020F2
:1072580082B000290AD0002A0BD0002B0BD013785B
:107268000B601078431E984102B0704701A9002AAC
:10727800F3D10020F8E702204042F5E730B5002AB4
:1072880026D003000B439B0724D1032A22D9164D8D
:107298000BE0043A002A1BD0144C1C199C432C42C6
:1072A80016D104300431032A14D903680C68A342A8
:1072B800EFD004780D78A54213D1012306E0C45C11
:1072C800CD5CAC420DD101339A4201D0002CF6D1ED
:1072D800002030BD04780D78AC4202D1012AECD1EF
:1072E800F6E7601BF5E7C04680808080FFFEFEFE63
:1072F800014B18687047C04610A4002070B50B0CED
:107308000024150C002B28D1002D3CD18BB291B252
:10731800594300F047F8051E33D00300083B5A686C
:1073280003239A43043A242A12D80300132A0AD9B9
:107338000460446008331B2A05D98460C460242A89
:107348002AD00300103300221A605A609A6002E0C3
:107358000021FCF7EDFC280070BD002D16D1151C8E
:1073680089B292B24A43ADB29BB26B43110C5B181F
:10737800190C0BD1190492B2114300F013F8051E31
:10738800CBD10025E7E72B1C0D1CE9E7FFF7B0FF81
:107398000C2300250360DEE7030004611833446111
:1073A800D1E7C046F0B54E464546DE465746E0B5FD
:1073B8000D000B35060085B0162D27D8102900D9E9
:1073C800DAE000F0F9FC102518230221C84FFB1859
:1073D8001A005C68083A944200D147E103226368C6
:1073E800A1689343E268CA6091600121E3185A6872
:1073F80030000A435A6000F0E1FC2000083005B074
:10740800F0BCBB46B246A946A046F0BD07239D4343
:1074180000D5B1E0A94200D9AEE000F0CDFCFC23D4
:107428005B009D4200D296E1690A00D1A8E00429D8
:1074380000D950E138239846A90988443931CB004E
:10744800082252429446AA4FFB189C446346DC68C3
:10745800A44514D0032399460B0061469C4607E0D7
:10746800E068002A00DBFBE0814200D1FCE0040078
:107478004A46636893435A1B0F2AF1DD41463A0096
:107488003C690832944200D1D9E003206368834301
:10749800581B0F2800DD62E13A617A610028A4DAFE
:1074A8007A68904680229200934200D3E4E0DA089A
:1074B800580901238340404618438046D300DB190E
:1074C8009A687860E360A2609C60D46001208B10A9
:1074D800984040455CD8434603420AD10323994368
:1074E800434640000431034203D1400004310342C3
:1074F800FBD00323B3469C460E00B8460190F0002B
:1075080040440100B246CB680BE064465A681F004D
:10751800A243DB68541B0F2C00DDEFE0002C00DBDE
:1075280009E19942F1D101239946CA4453460831E9
:107538009B07E8D1032205E003680838013E83422F
:1075480000D003E23242F7D14346019A5B68934385
:1075580042465360019A520001929A4216D8002A74
:1075680006D113E004229146019ACA4452000192BE
:107578001342F7D05646C2E70C23002033603EE79B
:1075880080233F22402190469B0059E75E464746AC
:107598000322BC68636893439A46AB4202D35A1BE2
:1075A8000F2A4FDC230053440293524B082099467C
:1075B8001B6810335B19019300F0F0FB4E490390F0
:1075C8000B688B46013306D08446019B4242013B3F
:1075D8006344134001933000019900F01FFC03003D
:1075E8008046013300D1D8E0029B834200D9D2E023
:1075F8004B4601995A688C46624403995A60029B2B
:1076080010000139434500D0E5E043460B4200D065
:10761800E1E0BB6801219846634653440B43414669
:107628004B604946C96A914201D24946CA624946F5
:10763800096B914201D249460A634446AFE07B6830
:10764800984643E7012329001A43194365196160E5
:107658003000BD606A6000F0B1FB20000830CEE663
:10766800A268D0608260C0E6614608E7DC68023143
:10767800A34200D103E7B1E65A0A042A00D883E0FE
:10768800142A00D908E110005B3082465C32D2002F
:10769800082040428446BA189444624692680B30E7
:1076A8008146944500D1DFE00800A2466146844641
:1076B80002E09268914204D04C465068A043984238
:1076C800F7D8D368614654469C466346A260E36097
:1076D8009C60D460FAE614296ED9542900D9E4E0F4
:1076E8006E239846290B88446F31CB00A8E6C04624
:1076F80040A5002010AD002038A50020BA46012082
:1077080051468446491905435046456085684746B1
:107718006046EB605E469D6053463961796120435F
:1077280008374860CF6030008F609C5000F046FBFF
:107738005046083063E6BA4601205E465244516816
:1077480001435160BA683000D3609A6000F036FB9C
:107758003800083053E62B00E908083336E661198B
:10776800884601218C460D4341466560396179613F
:10777800CA608A60624602434A60E050300000F006
:107788001DFB200008303AE69A09100039323830DB
:107798008246D2007CE7BC4214D0BC6863680322EE
:1077A80093435A1BAB4202D30F2A00DD4AE730004D
:1077B80000F004FB002022E65B23984688445C31F5
:1077C800CB003DE64B465868019B9C464B466044BF
:1077D8005860039B591E5B461B68013370D04346B3
:1077E800029A9B1A4A461B18536007234246404692
:1077F8001A400292184240D00398013384469B1ADB
:10780800019A98444244019263440A409B1A1940E1
:1078180030008B4600F002FB431C77D04346C01A69
:1078280003005B4401934B465A6801205A445A604E
:1078380043464146BB60019B03434B60BC4200D1B9
:10784800EFE653460F2B3FD907210C3B8B4361686A
:107858000140052019436160E118486088600F2BDA
:1078680049D843465B68DCE65346981001238340B9
:10787800404618438046786027E7019B039A4344B3
:107888000B40D31A194030008B4600F0C7FA431C4E
:10789800C4D100239B46C6E7542A17D81A0B1000F8
:1078A8006F326E308246D200F2E6AA235B0099421C
:1078B80017D8DD3B9846E90B88447831CB00BFE503
:1078C8005B4642461A6090E7486070E7AA2040008D
:1078D800824226D8DA0B1000783277308246D200FE
:1078E800D6E61C4B994226D87C239846A90C884496
:1078F8007D31CB00A4E521003000083100F086F886
:107908004B465A68BB6898465B688AE6019A029BB0
:1079180094464246083B63449B1A019300239B46C6
:1079280081E70C4882420CD89A0C10007D327C30DA
:107938008246D200ACE6FE237E227F2190469B0041
:107948007EE5FE227E2092008246A1E643465B68E1
:1079580000E6C04654050000F0B5C646060000B56E
:1079680008200D0000F01AFA0400300000F024FA94
:10797800234B210098469B685F6803239F43380088
:107988001138401B0019FBF73BFA451E6543AC4212
:1079980008DC0021300000F041FA43469B68DB19FF
:1079A800984206D0300000F009FA002080BCB846A2
:1079B800F0BD3000694200F031FA01300ED00122EA
:1079C80043467F1B9B6817430E4A5F60136830006D
:1079D8005B1B136000F0F2F90120E7E7002130009B
:1079E80000F01CFA43469A68831A0F2BDADD064C1E
:1079F80004492468001B086001210B435360D1E748
:107A080040A5002014AD002038A50020F8B5CE46CA
:107A1800474605000C0080B5002957D000F0CCF986
:107A2800012321009C460839486862460300032464
:107A38009343CF187A68654EA243B468BC4200D11C
:107A480070E0BC18A14664467A60044221D10868F7
:107A5800091A1B1888688046484640682040340048
:107A680008348146A04551D04046CC68C460A06027
:107A78004846002811D19B185548BA68824200D15F
:107A88007FE0F868D060826001221A434A60CB50D8
:107A980007E0484640682042EDD062461A434A60F3
:107AA8003B6080229200934214D2DA0858090123DD
:107AB8008340706803437360D3009B199A68CB6056
:107AC8008A609960D160280000F078F9C0BCB94696
:107AD800B046F8BD5C0A042C3DD89C092000393416
:107AE8003830E40034192268083C0327944203D153
:107AF80040E09268944203D05068B8439842F8D85E
:107B0800D468CC608A60A160D160DCE7002858D1D5
:107B1800B868D218FB68C3609860634613434B602B
:107B28008A50D0E79A186346034206D10B68C91AEF
:107B38008868D218CB68C3609860012313434B60F0
:107B4800244BB1601B689342BDD8234B28001968A9
:107B5800FFF702FFB7E7142C07D9542C1AD81C0BCF
:107B680020006F346E30E400BCE720005C345B30EA
:107B7800E400B7E701238010834070680343736013
:107B8800BFE7D1609160CA608A6001221A434A60E7
:107B9800CB5098E7AA225200944205D8DC0B20006B
:107BA80078347730E4009DE70C4A944205D89C0C61
:107BB80020007D347C30E40094E7FE247E20A4007D
:107BC80090E762461A434A603B607CE740A5002084
:107BD80048A500203CA5002010AD00205405000059
:107BE800F0B557464E464546DE46E0B582460F009C
:107BF80090461E00994683B0242B43D8012B41D0D0
:107C08000B0008204A4D1A0014780133295D0842F8
:107C1800F9D11D002D2C00D176E02B2C3ED0454B00
:107C28009B4600230193002E53D1302C00D173E0E2
:107C38000A2399460A3649465846FBF7E1F82B00CD
:107C48008C463D000200270000214C460020E146FA
:107C5800AC463D00303D092D07D9113D192D03D9FA
:107C68003D00613D192D20D80A35AE421DDD4F1C5F
:107C780005D082422AD327D00121604328181F78D3
:107C88000133E6E7FFF734FB16230360002003B057
:107C9800F0BCBB46B246A946A046F0BD1C78254BB1
:107CA800951C9B4600230193BDE767464A1C21D0DB
:107CB800019A002A00D040424246002AE7D0002913
:107CC80033D143461F60E2E7A945D5DA012149428D
:107CD800D5E7102EAFD110239946302CABD12022F6
:107CE8002B789343582BA6D110236C7899461026ED
:107CF8000235A0E7222251460A6042465846002A29
:107D0800C5D058465F1EDCE71C7880231B069B46BF
:107D18000123951C019386E720222B789343582B47
:107D2800E2D008230826994685E78346E9E7C04656
:107D380019A00020FFFFFF7F10B5FFF751FF10BD0E
:107D480010B504001300034A10680A002100FFF769
:107D580047FF10BD10A4002010B504001300034A0B
:107D680010680A002100FFF73BFF10BD10A4002097
:107D780070B5E025014C6459A04770BDA0A2002051
:107D8800002909D0FF2A02D801200A7070478A23E7
:107D9800036001204042F9E70020F7E7802310B58F
:107DA8005B01082801D1180010BDFFF7A1FA1623BE
:107DB8000360173BF7E7C0467047C0467047C046A8
:107DC80010B583070AD00300032102E001330B42F8
:107DD80005D01A78002AF9D1181A10BD03001968BD
:107DE8000C4A0D4C8A188A4322420FD15968094A15
:107DF80004338A188A43224208D15968054A043351
:107E08008A188A432242F1D000E001331A78002A06
:107E1800FBD1E1E7FFFEFEFE80808080002370B585
:107E2800064C050008002360FDF75AFB431C00D0F0
:107E380070BD2368002BFBD02B60F9E780AE0020D3
:107E480030B5026808E013781D00413D192D00D8AF
:107E580020330131A34206D10C780132002CF2D133
:107E68000260012030BD0020FCE7C046F0B5454661
:107E7800DE4657464E461F2403000800E0B525009D
:107E88001100006887B04211920005408A180395D6
:107E9800044200D0A1E01000171F021F91460022E3
:107EA8004846026018684678002E00D1B2E001907A
:107EB8006E48049380464B460F20002400228346D8
:107EC80001980193434602963D0026008946B8462C
:107ED800390092461F00029C15E0202C00D98DE045
:107EE80052450CDDA94201D9072E58DD0826A945BF
:107EF80005D2291F002392460D0000260B608478C6
:107F08000130002C12D03B5D002BE6D00136013247
:107F1800082E3CDC2C682401A4465C4623406446B9
:107F280023432B6084780130002CECD1019B8C46D4
:107F38003400494647469946002A6BD0654502D227
:107F4800072C00DC74E0A9424AD20A002B0001CBBE
:107F580001C29F42FBD26A1C781C0423904262D261
:107F68000022CB1804C39F42FCD24B461B68002B4F
:107F780005D1B94250D0043F3B68002BF9D0052009
:107F880007B0F0BCBB46B246A946A046F0BDA9451D
:107F9800B5D20024043DA44601262C60BDE7082381
:107FA8009B1B9B009C46202364462E001C1B0295AD
:107FB8002B6865460590944620002A0075682C00B9
:107FC80084401C432B00D340346073600436B142B4
:107FD800F4D86246029D059888E71700101D5CE7F3
:107FE8004B46039A1B68002AC7D02020801A01221A
:107FF8005242C24013404A461360BEE7A2463400CC
:1080080056464746804601988C46049B4946814619
:10801800292E04D00420B3E701233B60AFE7404694
:108028000230186088E77D1BAD080135AB0097E783
:1080380008262023361BB6009B1B98462B68280071
:108048001A000B0031006646AC464546984644681F
:108058002300AB4013432200CA400360426004304F
:108068008642F4D8654641466DE7C046189F002011
:10807800002001497047C0460000F87F004870475B
:108088000000C07F436C70B504000D00002B0AD0BF
:10809800AA009B18186800280ED002681A600023EE
:1080A8000361C36070BD21220421FFF727F9031E75
:1080B8006064EDD10020F5E70126AE40721D012174
:1080C80020009200FFF71AF90028F3D04560866077
:1080D800E5E7C046002906D04A68436C92009B1821
:1080E8001A680A6019607047F0B5C6461F008046D6
:1080F800002300B50E000D6914310C68013320040B
:10810800000C5043240C5443C019070CE419000414
:10811800270C000C2404241810C19D42EDDC002F0C
:1081280008D0B368AB4209DD2B1D9B00F31801355D
:108138005F603561300080BCB846F0BD716840466C
:108148000131FFF79FFF041E17D0310032690C314F
:10815800023292000C30FBF7F1FD434672685B6C0B
:1081680092009B181A6832601E6026002B1D9B0027
:10817800F31801355F603561DCE70022BA21024B54
:108188000248FDF7CBF9C046B0980020F8980020C7
:10819800F8B54746CE460600180080B50C000830F2
:1081A80009211F009046FAF703FE092F3BDD012540
:1081B80000216D000131A842FBDC3000FFF762FFAF
:1081C800011E32D0089B4361012303614346092BFA
:1081D80016DC092398460A3447450CDD4346E7195F
:1081E800FF1A23780A223000303BFFF77DFF013465
:1081F8000100BC42F5D10800C0BCB946B046F8BD84
:1082080009239946A1444D4644442B780A2230005C
:10821800303BFFF769FF01350100A542F5D144461F
:10822800083C4C44D8E70021C7E70022024B03482A
:10823800D331FDF773F9C046B0980020F8980020B4
:108248008022030052020020934201D21B04103006
:1082580080225204934201D208301B028022520528
:10826800934201D204301B018022D205934203D3EA
:10827800DB43DB0FC018704799009B0004D4033020
:108288001142F8D12020F6E70230F4E70368020033
:10829800590707D0D9071ED4990720D55B08036072
:1082A800012070470020190401D11B0C1030FF2158
:1082B800194201D108301B0A190701D104301B09E2
:1082C800990701D102309B08D90702D401305B0815
:1082D80003D01360E5E70020E3E72020E1E79B08EF
:1082E80003600220DDE7C046436C70B504000D0052
:1082F800002B0AD05868002815D002685A6000235D
:10830800C36001334561036170BD21220421FEF77A
:10831800F5FF031E6064EDD146210022084B094891
:10832800FF31FDF7FBF81C2201212000FEF7E6FFD4
:108338000028F1D00123436001338360DFE7C046A2
:10834800B0980020F8980020F0B54E4657464546AC
:10835800DE46E0B50B6916698A469146984685B0AF
:10836800B34204DB330089464646924698464B465C
:1083780059684346F5184B469B68AB4200DA013111
:10838800FFF780FE071E00D1A9E014239C46844411
:108398006346AC00644418000022A34202D204C31E
:1083A8009C42FCD814234B449B46434651469B00B1
:1083B80098461431B60088445E44414574D204237B
:1083C8009A464B4615339E4200D380E05B460193A4
:1083D800434600935346B446A246AB46B9460C0002
:1083E800029306E02D0C31D1009B04340430A342E3
:1083F80057D925682B04190C002BF3D0019D53463F
:10840800A04600260C0082462F00039308CF01687F
:108418001A04120C62431B0C0D0463432D0C5219F1
:108428009219090C5B18110C5B1812041E0C120C23
:108438001B04134308C0BC45E8D850464446039B78
:108448009A46029BC65025682D0CCDD00600002206
:108458000368A046604619001400B446019F3A8894
:10846800090C6A43121952181B0411041B0C0B4304
:10847800336010CF7168240C6C430B041B0CE31899
:10848800120C9B181C0C0436B842E8D86246844685
:1084980010004446029A04348350009B0430A342DF
:1084A800A7D854465D464F46002D03DC06E0013D43
:1084B800002D03D0043C2368002BF8D038003D6120
:1084C80005B0F0BCBB46B246A946A046F0BD4B4637
:1084D800F31A153B9B0801339B009A4676E7B121B6
:1084E8000022024B02484900FDF718F8B098002016
:1084F800F8980020F8B5032347461400CE461A0022
:1085080080B50E0007002240234234D1A41023D0A6
:108518003D6C002D38D001239846002399464346E8
:10852800234208D1641017D02868002819D0050004
:1085380043462342F6D02A0031003800FFF704FFF3
:10854800002E06D072687B6C92009B181A68326005
:108558001E6006006410E7D13000C0BCB946B046C2
:10856800F8BD2A0029003800FFF7EEFE4B462860C8
:1085780005000360DCE70F4B013A9200D258002354
:10858800FFF7B2FD0600C1E701213800FFF77AFDC9
:10859800051E07D0084B436101230361002338649B
:1085A8000360B8E746210022044B0548FF31FCF779
:1085B800B5FFC04620A1002071020000B09800203D
:1085C800F8980020F0B54546DE4657464E46E0B5D9
:1085D8000D002B6954119846A04443465E1CAB68B5
:1085E80083461700496883B09E4203DD01315B0072
:1085F8009E42FBDC5846FFF745FD8446002853D0D1
:10860800010014310B000191002C0CDDA4002200A4
:1086180000201432624401C39342FCD1019B994665
:10862800A1444B4601931F222B0011002C691433DF
:10863800A40039408A461C193A422FD00132521AF6
:1086480091460027019851461A688A403A4304C067
:108658004A4680CBD7409C42F5D82A0015320423DD
:10866800944204D3631B153B9B0801339B00019A7A
:10867800D750002F00D1464663461E615B466046D0
:108688006A685B6C92009B181A682A601D6003B0C8
:10869800F0BCBB46B246A946A046F0BD019904CB42
:1086A80004C19C42FBD8E6E7EF210022024B0348B5
:1086B8004900FCF733FFC046B0980020F898002026
:1086C80002690B6930B50500D01A9A4214D19B0093
:1086D80014351431EA18CB1801E095420CD2043A4B
:1086E800043B146819688C42F7D000238C425B4124
:1086F80002205B421840013830BDC046F0B54546FF
:1087080090465746DE464E464346E0B50A691B6921
:108718000F0083B0D11A9A4200D098E03D0042463B
:108728009900143514326B18521802E09D4200D398
:1087380095E0043B043A1C6811688C42F6D0012588
:108748008C4203D343460025B8461F004346596868
:10875800FFF798FC8446002800D194E01422424494
:108768009146142243463900624492460022C5606D
:1087780038691B69143180004D4608189C004C4428
:10878800BB4614260700994610000A00009501947C
:10879800434602CA9D590B042C041B0C240CE41AF2
:1087A80063462418090C2D0C6D1A21146918240429
:1087B8000814240C09040C439C5104369742E7D84A
:1087C800020038005F4600994B468946390000266A
:1087D800153188427641C01B15388008250083462C
:1087E8000427019CF1B2002E36D14846C0195744DF
:1087F800B8463E009946070084423BD9130020CF73
:108808002904090C891809142A0CED1889182D0453
:108818000A142D0C09040D4320C6BC42EED8013CB5
:10882800221A9208920042444B461600002D04D1A9
:10883800043E3268013B002AFAD062461361604662
:1088480003B0F0BCBB46B246A946A046F0BD012520
:10885800002900DB76E779E7471CBF00C5E7002160
:10886800FFF710FC8446002813D00123036100237E
:108878004361E4E70026002901D15644D6E75A4669
:1088880096005644D2E70022054B06480649FCF7F5
:1088980045FE0022024B03480449FCF73FFEC04650
:1088A800B0980020F8980020450200003702000028
:1088B8000D4A0E4B94460B4063440022002B02DD08
:1088C8001900100070475B421915132903DC802337
:1088D8001B030B41F4E7143901221E2902DC802214
:1088E8001206CA400023EBE70000C0FC0000F07F3E
:1088F800F8B506004746CE4604691436A400341974
:10890800231F1D6880B528000F009846FFF798FCC4
:108918002022111A030039600A282EDD07000B3FB8
:10892800464519D208235B429C46A44463461B680B
:10893800002F1AD01900D21BD140BD409146194AC8
:108948000D432A431100BB40664511D24A460C3CF0
:108958002468D44023430BE00B2805D0BD40114BBD
:108968002B431900002303E000230E4A2A43110079
:108978001800C0BCB946B046F8BD2F00153A121A07
:10898800D7409146074A3A4311000027464503D28B
:108998004A46083C2768D74015339D402B003B4387
:1089A800E6E7C0460000F03FF0B5012183B01400AF
:1089B8001D00FFF767FB061E4AD02B036F001B0B39
:1089C8007F0D02D08022520313430193002C16D14D
:1089D80001A8FFF75BFC0124019B2030736134611F
:1089E800002F24D01D4B35249C46089B67443F1814
:1089F8001F60241A3000099B1C6003B0F0BD684654
:108A08000094FFF743FC019C00281FD0202322007C
:108A18001B1A9A40C4401300009A019413437361CF
:108A2800B461631E9C4101343461002FDAD10C4BD0
:108A38009C46089B604418600A4BE3189B00F31897
:108A48005869FFF7FDFB6401241AD3E7009BE6E7AA
:108A58000022054B05480649FCF760FDCDFBFFFFEA
:108A6800CEFBFFFFFFFFFF3FB0980020F8980020E3
:108A78000F030000F0B5CE46474680B585B088465E
:108A880002A98146FFF734FF04000D00404603A900
:108A9800FFF72EFF02000B004046494600690969AE
:108AA80000920193091A4901884602980399401ACD
:108AB8000100414400290BDD09054F193D00200044
:108AC8002900FAF7EAFB05B0C0BCB946B046F0BDCC
:108AD80009055B1A0193009A019BF0E710B50400A1
:108AE800172809DD002007490022074B013CFAF747
:108AF800F2FB002CF8D110BD044BC4001B191868F8
:108B08005968F8E70000F03F0000244080A10020E9
:108B18001300013970B54C111169013414338900FF
:108B2800A400591804198B420AD2050040CB40C54D
:108B38009942FBD88B1A153B9B0801339B00C01840
:108B4800844203D9002308C08442FCD870BDC046C3
:108B580010B5040002691434481182420ADA9200FE
:108B6800A31803E0043B1A68002A14D1A342F9D8D9
:108B7800002010BD8300E3188242F7DD1F22100099
:108B880008400A42F2D019680A00C2408240012017
:0C8B98009142EED1EAE70120EBE7C04675
:108BA40003000068EFF3108C72B60268002AFCD050
:108BB400BFF35F8F04229A56002A04DB002900D0F9
:108BC4000A60002004E0D0220120120612681A7103
:108BD4001B68BFF35F8F00221A608CF31088704704
:108BE400F0B54F46D6464646C0B51F00D0231B06F7
:108BF4001B6804009A460023904699460CE02268BC
:108C0400BFF35F8F4946116083F3108840463900F3
:108C1400F9F728FC00281AD12668EFF3108372B6FE
:108C24003568002DFCD0BFF35F8F25797F2DE6D901
:108C3400524622712268BFF35F8F0021116083F3D3
:108C440010880120E0BCBA46B146A846F0BD002019
:108C5400F8E7C04670B582B001A9040016001D00F3
:108C6400FFF79EFF002807D1D0231B0601991B782C
:108C740049B25BB2994201D102B070BD32002B00FF
:108C84002000FFF7ADFFF7E70268EFF3108172B63B
:108C94001368002BFCD0BFF35F8FFF2303710368BD
:108CA400BFF35F8F00221A6081F3108840BF7047C2
:108CB4002D000000796573006E6F0000706173739E
:108CC400000000006661696C0000000020287365E4
:108CD4006E736F72207265706F72746564206120A8
:108CE4006D616C66756E6374696F6E2900000000B7
:108CF400636F756C64206E6F7420736574204153C8
:108D040043000000636F756C64206E6F742072659D
:108D140061642041534300006F6E00006F6666007B
:108D2400636F756C64206E6F742073657420746552
:108D34006D7065726174757265206F6666736574B3
:108D440000000000636F756C64206E6F74207265A0
:108D540061642074656D7065726174757265206FED
:108D640066667365740000006F66667365743A2006
:108D740073657420000000006F66667365743A20A2
:108D840000000000636F756C64206E6F742073655F
:108D94007420616C7469747564650000636F756C2C
:108DA40064206E6F74207265616420616C746974F0
:108DB40075646500706572696F6469630000000022
:108DC40073696E676C650000626F6F74696E673AF1
:108DD40020534344343120706F7765722D75702CA5
:108DE400202564206D732072656D61696E696E67FC
:108DF4000D0A00006372632073656C662D636865F9
:108E0400636B3A204641494C45443B204352432836
:108E14003078424545462920646964206E6F742089
:108E2400657175616C20307839323B2073656E73DF
:108E34006F7220636F6D6D616E647320646973611A
:108E4400626C65640D0A00006372632073656C666E
:108E54002D636865636B3A207061737365643B20AE
:108E64004352432830784245454629203D203078F6
:108E740039320D0A000000006D6F64653A20706598
:108E840072696F646963206D6561737572656D6580
:108E94006E7420737461727465640D0A00000000BE
:108EA400636F756C64206E6F7420737461727420C8
:108EB400706572696F646963206D6561737572654D
:108EC4006D656E74000000006572726F723A202541
:108ED400733A2025730D0A00636F6E736F6C6520FF
:108EE40072656164793B20747970652068656C7083
:108EF4000D0A0000636F320072656A65637465640D
:108F04003A20636F322074616B6573206E6F206149
:108F14007267756D656E74733B206578616D706CF6
:108F2400653A20636F320D0A0000000073696E67B2
:108F34006C652D73686F74206D6561737572656DF2
:108F4400656E743A2077616974696E6720353030D4
:108F540030206D730D0A0000636F323A206E6F206B
:108F6400706572696F646963206D6561737572659C
:108F74006D656E7420617661696C61626C652079DF
:108F840065743B2074727920616761696E20616643
:108F94007465722035207365636F6E64730D0A0007
:108FA400636F756C64206E6F742072656164206DEC
:108FB4006561737572656D656E740000636F323A36
:108FC4002025752070706D2C2074656D706572613C
:108FD400747572653A2000002573256C752E253052
:108FE400336C7525730000002064656772656573D2
:108FF400204300002C2068756D69646974793A20F7
:1090040000000000202552480D0A000072656164CA
:109014007900000072656A65637465643A2072655C
:109024006164792074616B6573206E6F206172676F
:10903400756D656E74733B206578616D706C653A0F
:109044002072656164790D0A00000000636F756C1D
:1090540064206E6F74207265616420646174612D94
:109064007265616479207374617475730000000023
:10907400646174612072656164793A2025730D0A14
:109084000000000073657269616C000072656A65B6
:10909400637465643A2073657269616C2074616BF2
:1090A4006573206E6F20617267756D656E74733BB6
:1090B400206578616D706C653A2073657269616CC6
:1090C4000D0A0000636F756C64206E6F74207374F6
:1090D4006F7020706572696F646963206D65617378
:1090E4007572656D656E7400636F756C64206E6F68
:1090F4007420726573746F726520706572696F6431
:109104006963206D6561737572656D656E740000C9
:10911400636F756C64206E6F742072656164207374
:10912400657269616C206E756D6265720000000085
:1091340073657269616C3A2025303458253034588F
:10914400253034580D0A000073656C6674657374B9
:109154000000000072656A65637465643A20736593
:109164006C66746573742074616B6573206E6F2014
:10917400617267756D656E74733B206578616D709F
:109184006C653A2073656C66746573740D0A00002F
:1091940073656C662D746573743A2072756E6E69AE
:1091A4006E672C20746869732074616B6573207515
:1091B4007020746F203130207365636F6E64730D9B
:1091C4000A00000073656C662D7465737420666113
:1091D400696C656420746F206578656375746500D7
:1091E40073656C662D746573743A20257325730D4D
:1091F4000A0000006173630072656A6563746564E4
:109204003A20617363206D75737420626520276151
:109214007363272C2027617363206F6E272C206FC4
:10922400722027617363206F6666273B206578612F
:109234006D706C653A20617363206F66660D0A0079
:109244006173633A20257325730D0A006F66667394
:109254006574000072656A65637465643A206F66BC
:1092640066736574206D7573742062652061206E69
:10927400756D626572206265747765656E20302055
:10928400616E6420323020646567726565733B20CB
:109294006578616D706C653A206F666673657420DD
:1092A400342E350D0A00000020646567726565730D
:1092B40020430D0A00000000616C746974756465D4
:1092C4000000000072656A65637465643A20616C2D
:1092D400746974756465206D7573742062652061AA
:1092E4002077686F6C65206E756D6265722066729A
:1092F4006F6D203020746F2033303030206D6574F2
:109304007265733B206578616D706C653A20616CA1
:109314007469747564652031320D0A00616C746976
:10932400747564653A2025732575206D0D0A000057
:109334006D6F6465000000006D6F64653A202573ED
:109344000D0A000072656A65637465643A206D6F86
:109354006465206D75737420626520276D6F646584
:10936400272C20276D6F646520706572696F6469AE
:1093740063272C206F7220276D6F64652073696EDC
:10938400676C65273B206578616D706C653A206D6C
:109394006F64652073696E676C650D0A00000000D8
:1093A4006D6F64653A20616C726561647920257320
:1093B4000D0A0000636F756C64206E6F7420737700
:1093C40069746368206D6561737572656D656E742B
:1093D400206D6F64650000006D6F64653A207365ED
:1093E400742025730D0A0000737461747573000092
:1093F40072656A65637465643A2073746174757325
:109404002074616B6573206E6F20617267756D6582
:109414006E74733B206578616D706C653A2073746B
:10942400617475730D0A00007374617475733A2066
:109434006D6F64653D25732C206173633D000000EE
:109444006572726F72202825732900002C206C61CC
:1094540073742072656164696E673D006E6F6E653A
:109464000000000025752070706D2F0020432F0030
:1094740020255248000000002C2064617461207291
:10948400656164793D25730D0A0000002C20646138
:1094940074612072656164793D6572726F7220280F
:1094A4002573290D0A00000068656C700000000037
:1094B4007072657373757265000000007072657375
:1094C400737572653A206E6F7420696D706C656D8A
:1094D400656E7465642062656361757365205343CA
:1094E40044343120616D6269656E742070726573F5
:1094F4007375726520686173206E6F207265616494
:109504002D6261636B20636F6D6D616E642E0D0A55
:109514000000000072656A65637465643A20756EC4
:109524006B6E6F776E2068656C7020746F70696302
:1095340020272573273B206578616D706C653A2080
:1095440068656C70206F66667365740D0A000000B0
:1095540072656A65637465643A20756E6B6E6F77C5
:109564006E20636F6D6D616E6420272573273B2029
:10957400747970652068656C7020666F72206578F8
:10958400616D706C65730D0A00000000082008000E
:109594000D0A72656A65637465643A20636F6D6D64
:1095A400616E6420697320746F6F206C6F6E673B0B
:1095B400206D6178696D756D20697320393520637C
:1095C4006861726163746572730D0A00636F323A85
:1095D400207072696E7420746865206C61746573A0
:1095E4007420706572696F6469632072656164696F
:1095F4006E672C206F722074616B65206120352D9D
:109604007365636F6E642073696E676C652073683D
:109614006F742E204578616D706C653A20636F32EB
:109624000D0A000072656164793A207072696E7483
:10963400207768657468657220756E726561642050
:109644006D6561737572656D656E742064617461B6
:109654002069732072656164792E204578616D708C
:109664006C653A2072656164790D0A0073657269EC
:10967400616C3A207072696E742074686520736539
:109684006E736F7227732034382D6269742073658A
:109694007269616C206E756D6265722E2045786109
:1096A4006D706C653A2073657269616C0D0A000017
:1096B40073656C66746573743A2073746F70206D8F
:1096C4006561737572656D656E7420616E64207278
:1096D400756E2074686520617070726F78696D6151
:1096E40074656C792031302D7365636F6E642073FB
:1096F400656E736F722073656C662D746573742E5A
:10970400204578616D706C653A2073656C6674658C
:1097140073740D0A00000000617363205B6F6E7C3C
:109724006F66665D3A2072656164206F72207365AE
:1097340074206175746F6D617469632073656C6600
:109744002D63616C6962726174696F6E2E20457855
:10975400616D706C653A20617363206F66660D0AF3
:10976400000000006F6666736574205B6465677251
:109774006565735D3A2072656164206F722073655C
:10978400742074656D7065726174757265206F669E
:10979400667365742066726F6D203020746F20329A
:1097A40030206465677265657320432E20457861B7
:1097B4006D706C653A206F666673657420342E355F
:1097C4000D0A0000616C746974756465205B6D65D5
:1097D400747265735D3A2072656164206F722073E0
:1097E400657420616C7469747564652066726F6D4C
:1097F400203020746F2033303030206D2E20457897
:10980400616D706C653A20616C746974756465206F
:1098140031320D0A000000006D6F6465205B7065D5
:1098240072696F6469637C73696E676C655D3A2005
:1098340072656164206F722073656C656374206D5A
:109844006561737572656D656E74206D6F64652EE8
:10985400204578616D706C653A206D6F6465207386
:10986400696E676C650D0A007374617475733A20D0
:109874007072696E74206D6F64652C204153432CA3
:10988400206C6173742072656164696E672C206159
:109894006E6420646174612D7265616479207374EF
:1098A4006174652E204578616D706C653A2073741F
:1098B400617475730D0A000068656C70205B636FDA
:1098C4006D6D616E645D3A206C69737420636F6DB5
:1098D4006D616E6473206F722073686F77206F6E92
:1098E4006520636F6D6D616E6420696E20646574BC
:1098F40061696C2E204578616D706C653A206865ED
:109904006C70206F66667365740D0A00756E6B6EFD
:109914006F776E2073656E736F72206572726F72EB
:10992400000000006F6B000049324320636F6D6DCF
:10993400616E64207772697465206661696C656420
:109944000000000049324320726573706F6E7365C6
:109954002072656164206661696C656400000000C2
:10996400726573706F6E736520435243206368653C
:10997400636B206661696C656400000073656E73D7
:109984006F722072657475726E656420616E2069F1
:109994006E76616C69642076616C75650000000008
:1099A4000A2A2A2A2050414E4943202A2A2A0A00F8
:1099B400486172647761726520616C61726D202503
:1099C4006420616C726561647920636C61696D65A2
:1099D40064000000486172642061737365727400EE
:1099E40052656C6561736500626F6F74325F7732C4
:1099F4003571303830000000322E332E3000000034
:109A04007069636F00000000736463343100000008
:109A1400417567203139203230323600666E692B49
:109A240000000000666E69006E616E00666E692D4E
:109A3400000000002C2066756E6374696F6E3A2016
:109A440000000000617373657274696F6E202225D3
:109A54007322206661696C65643A2066696C6520CE
:109A6400222573222C206C696E65202564257325BC
:109A7400730A00002E0000006E660000696E6974AF
:109A840079000000616E0000504F534958000000F7
:109A940042616C6C6F6320737563636565646564B0
:109AA400000000002E2E2F2E2E2F2E2E2F2E2E2F86
:109AB4002E2E2F2E2E2F6E65776C69622F6C6962A5
:109AC400632F7374646C69622F6764746F612D67AC
:109AD40065746865782E63002E2E2F2E2E2F2E2E61
:109AE4002F2E2E2F2E2E2F2E2E2F6E65776C696221
:109AF4002F6C6962632F7374646C69622F6D70726A
:109B040065632E6300000000148D0020EC93002098
:109B14002C8E002044940020A48E00208C940020DD
:109B2400688F0020D09400201490002038950020E5
:109B34006C90002084950020D8900020E4950020AB
:109B4400509100203896002008920020889600202A
:109B5400C8920020D8960020636F6D6D616E6473A7
:109B64003A0D0A2020636F3220202020202020205C
:109B74002020202020202020206578616D706C65D5
:109B84003A20636F320D0A202072656164792020C7
:109B940020202020202020202020202020657861E3
:109BA4006D706C653A2072656164790D0A202073CA
:109BB400657269616C202020202020202020202034
:109BC4002020206578616D706C653A207365726938
:109BD400616C0D0A202073656C66746573742020B3
:109BE400202020202020202020206578616D706CAA
:109BF400653A2073656C66746573740D0A20206180
:109C04007363205B6F6E7C6F66665D20202020206E
:109C14002020206578616D706C653A206173632043
:109C24006F66660D0A20206F6666736574205B6438
:109C34006567726565735D202020206578616D70AD
:109C44006C653A206F666673657420342E350D0A90
:109C54002020616C746974756465205B6D65747231
:109C640065735D2020206578616D706C653A2061B4
:109C74006C7469747564652031320D0A20206D6F2F
:109C84006465205B706572696F6469637C73696E77
:109C9400676C655D20206578616D706C653A206D38
:109CA4006F64652073696E676C650D0A2020737498
:109CB4006174757320202020202020202020202063
:109CC40020206578616D706C653A207374617475D9
:109CD400730D0A202068656C70205B636F6D6D6185
:109CE4006E645D2020202020206578616D706C6595
:109CF4003A2068656C70206F66667365740D0A6E31
:109D04006F74653A20616D6269656E742070726566
:109D140073737572652063616E2062652073657468
:109D2400206279207468652073656E736F72207089
:109D3400726F746F636F6C206275742063616E6EF2
:109D44006F742062652072656164206261636B3B9D
:109D54002074686973206861726E6573732068612A
:109D640073206E6F20707265737375726520636FF4
:109D74006D6D616E642E0D0A000000004497002092
:109D84004897002064970020809700209C9700202B
:109D940006005250D3F0754200980020060052503D
:109DA400E182887F0898002006005250ABB36053CC
:109DB4001898002006005250BBFF3CB620980020A3
:109DC40006005250861C03022898002006005250B8
:109DD4005422A29D3098002005005250DE65F4689C
:109DE40070AB00107C4700202C4700202C4700203B
:109DF400744700202C4700202C4700202C470020CB
:109E04002C4700202C4700202C4700202C47002002
:109E14006C4700202C470020644700202C4700207A
:109E24002C4700205C470020304A00209247002045
:109E34002A4A002092470020144A0020924700201A
:109E4400924700209247002092470020924700202A
:109E54009247002092470020844700209247002028
:109E6400924700209247002092470020924700200A
:109E740084470020B84A0020E6460020E646002039
:109E8400E6460020E6460020E6460020E64600209E
:109E9400E6460020E6460020E6460020E64600208E
:109EA400E6460020E6460020E6460020E64600207E
:109EB400E6460020E6460020E6460020E64600206E
:109EC400E6460020E6460020E6460020E64600205E
:109ED400E6460020E6460020E6460020E64600204E
:109EE400E6460020E6460020E6460020E64600203E
:109EF400E6460020444A0020844A0020444A0020C8
:109F0400E6460020E6460020E6460020E64600201D
:109F1400E6460020E6460020E6460020E64600200D
:109F2400E6460020E6460020E6460020E6460020FD
:109F3400E6460020E6460020E6460020E6460020ED
:109F4400584C0020E6460020E6460020E646002065
:109F5400E6460020E6460020E6460020E6460020CD
:109F6400E6460020E6460020584C0020CA4A00205D
:109F7400584C0020444A0020844A0020444A0020CF
:109F8400000000000000F03F00000000000024403A
:109F940000000000000059400000000000408F4015
:109FA400000000000088C34000000000006AF84080
:109FB4000000000080842E4100000000D0126341A4
:109FC4000000000084D797410000000065CDCD411A
:109FD4000D0A000000000000B85900202459002098
:109FE40024590020245900202459002024590020F9
:109FF400245900202459002024590020A659002067
:10A00400A6590020A6590020A6590020A6590020D0
:10A0140024590020245900202459002024590020C8
:10A0240024590020245900202459002024590020B8
:10A0340024590020245900202459002024590020A8
:10A044002459002024590020245900202459002098
:10A054002459002024590020A65900202459002006
:10A064002459002024590020245900202459002078
:10A074002459002024590020245900202459002068
:10A0840024590020AA590020245900202E610020C0
:10A09400786700207C640020CE640020C86400201F
:10A0A400B46400207C64002035000000CEFBFFFF78
:10A0B400CB03000001000000000000003400000099
:10A0C400CEFBFFFFCB0300000100000000000000F6
:10A0D400BC89D897B2D29C3C33A7A8D523F649397A
:10A0E4003DA7F444FD0FA5329D978CCF08BA5B259C
:10A0F400436FAC64280668110000000000000000F3
:10A10400000000000000000000000000000000004B
:10A11400000000000000000000000000000000003B
:10A12400000000000000000010111213141516178F
:10A134001819000000000000001A1B1C1D1E1F003F
:10A14400000000000000000000000000000000000B
:10A154000000000000000000001A1B1C1D1E1F0050
:10A1640000000000000000000000000000000000EB
:10A1740000000000000000000000000000000000DB
:10A1840000000000000000000000000000000000CB
:10A1940000000000000000000000000000000000BB
:10A1A40000000000000000000000000000000000AB
:10A1B400000000000000000000000000000000009B
:10A1C400000000000000000000000000000000008B
:10A1D400000000000000000000000000000000007B
:10A1E400000000000000000000000000000000006B
:10A1F400000000000000000000202020202020207B
:10A204002020282828282820202020202020202022
:10A214002020202020202020208810101010101032
:10A22400101010101010101010040404040404047E
:10A234000404041010101010101041414141414118
:10A2440001010101010101010101010101010101FA
:10A25400010101011010101010104242424242420A
:10A2640002020202020202020202020202020202CA
:10A274000202020210101010200000000000000072
:10A2840000000000000000000000000000000000CA
:10A2940000000000000000000000000000000000BA
:10A2A40000000000000000000000000000000000AA
:10A2B400000000000000000000000000000000009A
:10A2C400000000000000000000000000000000008A
:10A2D400000000000000000000000000000000007A
:10A2E400000000000000000000000000000000006A
:10A2F400000000000000000000000000000000005A
:10A3040005000000190000007D00000000000000AE
:10A31400BC89D897B2D29C3C33A7A8D523F6493937
:10A324003DA7F444FD0FA5329D978CCF08BA5B2559
:10A33400436FAC642806C80A0080E03779C3414300
:10A34400176E05B5B5B89346F5F93FE9034F384D97
:10A35400321D30F94877825A3CBF737FDD4F157543
:10A36400000000000000F03F000000000000244056
:10A3740000000000000059400000000000408F4031
:10A38400000000000088C34000000000006AF8409C
:10A394000000000080842E4100000000D0126341C0
:10A3A4000000000084D797410000000065CDCD4136
:10A3B400000000205FA00242000000E87648374217
:10A3C400000000A2941A6D42000040E59C30A242B5
:10A3D4000000901EC4BCD64200003426F56B0C432A
:10A3E4000080E03779C3414300A0D88557347643D1
:10A3F40000C84E676DC1AB43003D9160E458E14332
:10A40400408CB5781DAF154450EFE2D6E41A4B44A6
:10A4140092D54D06CFF08044F64AE1C7022DB544EB
:10A42400B49DD9794378EA4410000000000000008C
:10A43400FFFFFFFFFFFFFF7F0000000000000000A0
:10A4440000000000000000000000000090A90020AF
:10A45400503300004C3300005433000052330000EA
:10A464004D5300004D4300005334000043340000BA
:10A474000080044000000000004004400000000090
:10A484004300000000000000000000000000000085
:10A4940000000000000000000000000000000000B8
:10A4A4004300000000000000000000000000000065
:10A4B4000000000000000000000000000000000098
:10A4C4004300000000000000000000000000000045
:10A4D4000000000000000000000000000000000078
:10A4E4004300000000000000000000000000000025
:10A4F4000000000000000000000000000000000058
:10A504004300000000000000000000000000000004
:10A514000000000000000000000000000000000037
:10A5240043000000000000000000000000000000E4
:10A534000000000000000000000000000000000017
:10A5440043000000000000000000000000000000C4
:10A5540000000000000000000000000000000000F7
:10A56400A17B0020717000200000000018A00020D2
:10A5740094980020309300203093002030930020E2
:10A58400309300203093002030930020309300203B
:10A594003093002030930020FFFFFFFFFFFFFFFFF9
:10A5A400FFFFFFFFFFFF0000010041534349490043
:10A5B4000000000000000000000000000000000097
:10A5C400000000000000000000004153434949001E
:10A5D4000000000000000000000000000000000077
:10A5E4000000000000000000000000000000000067
:10A5F40018A40020000000000000000048AD002066
:10A60400B0AD002018AE00200000000000000000E3
:10A614000000000000000000000000000000000036
:10A624000000000000000000000000000000000026
:10A634000000000000000000000000000000000016
:10A644000000000000000000000000000000000006
:10A6540000000000000000000000000000000000F6
:10A6640000000000000000000000000000000000E6
:10A6740000000000000000000000000000000000D6
:10A6840000000000000000000000000000000000C6
:10A6940001000000000000000E33CDAB34126DE663
:10A6A400ECDE05000B0000000000000000000000CC
:10A6B4000000000000000000000000000000000096
:10A6C4000000000000000000000000000000000086
:10A6D4000000000000000000000000000000000076
:10A6E4000000000000000000000000000000000066
:10A6F4000000000000000000000000000000000056
:10A704000000000000000000000000000000000045
:10A714000000000000000000FFFFFFFF0000020037
:10A72400000000000000000040A5002040A500201B
:10A7340048A5002048A5002050A5002050A50020D1
:10A7440058A5002058A5002060A5002060A5002081
:10A7540068A5002068A5002070A5002070A5002031
:10A7640078A5002078A5002080A5002080A50020E1
:10A7740088A5002088A5002090A5002090A5002091
:10A7840098A5002098A50020A0A50020A0A5002041
:10A79400A8A50020A8A50020B0A50020B0A50020F1
:10A7A400B8A50020B8A50020C0A50020C0A50020A1
:10A7B400C8A50020C8A50020D0A50020D0A5002051
:10A7C400D8A50020D8A50020E0A50020E0A5002001
:10A7D400E8A50020E8A50020F0A50020F0A50020B1
:10A7E400F8A50020F8A5002000A6002000A600205F
:10A7F40008A6002008A6002010A6002010A600200D
:10A8040018A6002018A6002020A6002020A60020BC
:10A8140028A6002028A6002030A6002030A600206C
:10A8240038A6002038A6002040A6002040A600201C
:10A8340048A6002048A6002050A6002050A60020CC
:10A8440058A6002058A6002060A6002060A600207C
:10A8540068A6002068A6002070A6002070A600202C
:10A8640078A6002078A6002080A6002080A60020DC
:10A8740088A6002088A6002090A6002090A600208C
:10A8840098A6002098A60020A0A60020A0A600203C
:10A89400A8A60020A8A60020B0A60020B0A60020EC
:10A8A400B8A60020B8A60020C0A60020C0A600209C
:10A8B400C8A60020C8A60020D0A60020D0A600204C
:10A8C400D8A60020D8A60020E0A60020E0A60020FC
:10A8D400E8A60020E8A60020F0A60020F0A60020AC
:10A8E400F8A60020F8A6002000A7002000A700205A
:10A8F40008A7002008A7002010A7002010A7002008
:10A9040018A7002018A7002020A7002020A70020B7
:10A9140028A7002028A7002030A7002030A7002067
:10A9240038A7002038A7002040A7002040A7002017
:10A9340048A7002048A7002050A7002050A70020C7
:10A9440058A7002058A7002060A7002060A7002077
:10A9540068A7002068A7002070A7002070A7002027
:10A9640078A7002078A7002080A7002080A70020D7
:10A9740088A7002088A7002090A7002090A7002087
:10A9840098A7002098A70020A0A70020A0A7002037
:10A99400A8A70020A8A70020B0A70020B0A70020E7
:10A9A400B8A70020B8A70020C0A70020C0A7002097
:10A9B400C8A70020C8A70020D0A70020D0A7002047
:10A9C400D8A70020D8A70020E0A70020E0A70020F7
:10A9D400E8A70020E8A70020F0A70020F0A70020A7
:10A9E400F8A70020F8A7002000A8002000A8002055
:10A9F40008A8002008A8002010A8002010A8002003
:10AA040018A8002018A8002020A8002020A80020B2
:10AA140028A8002028A8002030A8002030A8002062
:10AA240038A8002038A8002040A8002040A8002012
:10AA340048A8002048A8002050A8002050A80020C2
:10AA440058A8002058A8002060A8002060A8002072
:10AA540068A8002068A8002070A8002070A8002022
:10AA640078A8002078A8002080A8002080A80020D2
:10AA740088A8002088A8002090A8002090A8002082
:10AA840098A8002098A80020A0A80020A0A8002032
:10AA9400A8A80020A8A80020B0A80020B0A80020E2
:10AAA400B8A80020B8A80020C0A80020C0A8002092
:10AAB400C8A80020C8A80020D0A80020D0A8002042
:10AAC400D8A80020D8A80020E0A80020E0A80020F2
:10AAD400E8A80020E8A80020F0A80020F0A80020A2
:10AAE400F8A80020F8A8002000A9002000A9002050
:10AAF40008A9002008A9002010A9002010A90020FE
:10AB040018A9002018A9002020A9002020A90020AD
:10AB140028A9002028A9002030A9002030A900205D
:10AB240038A9002038A9002000000000000000001F
:10AB3400B1290020DD290020C12B0020413B002049
:10AB4400FD320020B13A0020E92A0020F929002032
:10AB5400192A00202D2A0020F91B0020352A002064
:0CAB6400751F0020792900204D1B0020E7
:04000005100001E9FD
:00000001FF
